objectid,radefect,radefectlocation,failure,impacttarget,consequence,riskrating,inspectionglobalid,globalid,createddate,failureimpact,workorderglobalid
1564064,Dead Wood,Branches,3,2,2,7,71D1F41A-1F4C-4B65-BDFF-9A88E5CD5A4C,3C69BD04-7A34-4CE4-A55C-5F14F50F3D72,2020-05-27 14:17:12.0000000,5,
1973409,No Visible Defect,Entire Tree,1,1,1,3,2A8DB317-54BA-4867-B1D5-CC6C971F6D9D,E6541570-93DD-4A3D-B57E-65098E02087B,2020-07-23 12:26:25.0000000,2,
2029662,Decay,Branches,4,4,3,11,3E6E7ADE-B9AB-432B-9FA1-A9A0413400CE,74D9B2A1-5B32-4AD9-8B1D-08B7B85E9D14,2020-07-31 14:42:52.0000000,8,F913CABA-DBB2-4CA6-A05D-599A6E34D464
1981069,Cracks,Branches,4,1,2,7,2C91A86D-282C-489A-8038-FAD62672DDF0,C7B1BB78-7DFE-4E87-A608-B93736CF275F,2020-07-24 12:41:33.0000000,5,
1958324,No Visible Defect,Entire Tree,1,1,1,3,60C12FF5-DDA1-4B0C-B6A1-9A7AC7E3EB7A,2AC4153A-0ABE-47B3-8A68-A5F2FA36E1AD,2020-07-22 15:17:02.0000000,2,
417160,Decay,Stem,1,1,1,3,B5EB859D-6946-4918-9039-CF8BC534F539,570BCF5D-9681-4D75-BD90-1A7ACCCFD718,2019-10-14 18:57:00.0000000,2,
1566111,Dead Wood,Branches,2,3,4,9,97335762-1039-4650-B6C4-20F95A70599B,FD671262-7E81-48A7-BB8D-43657AD86375,2020-05-27 16:03:02.0000000,5,
1266816,Dead Wood,Stem,1,1,1,3,0F1A80C1-2EC1-4AA0-93E5-99ED7EFFA97E,F040741E-AC9F-48D5-A1FD-E92D19816BD6,2020-03-24 14:28:00.0000000,2,A4FC70A2-2035-4B3F-A571-C4513CFA8DC7
868337,Dead Wood,Branches,3,3,4,10,5F51BEE7-1DBA-4E3C-A625-11D0B94BDF66,3B14F8D0-4D31-4F51-A7F1-2BDE0C12BFB4,2020-01-06 19:46:00.0000000,6,
764012,Decay,Stem,2,2,3,7,20EAC256-D253-40A8-9223-D93C1022324C,2079021B-0753-4FC2-A932-437D702DA89C,2019-12-11 18:21:00.0000000,4,
445401,Dead Wood,Branches,4,3,2,9,B86CE41E-D267-4BAB-90A0-5A949ED6427D,28639733-483F-468E-B4AA-FFE7C34CEB9E,2019-10-17 16:40:00.0000000,7,
1267171,Dead Wood,Branches,1,2,4,7,AC1EA03D-60D0-4BEE-AE71-760BB8ED2022,F4DA542B-EC0C-4D14-8935-9E85BC1FBE93,2020-03-24 15:11:00.0000000,3,
699710,Decay,Roots,2,4,1,7,4594B313-0EA2-4651-90D0-A25E4B31B298,4BE7C2AE-E562-436E-BFED-86C4FF6203C1,2019-11-25 18:20:00.0000000,6,
1987530,Dead Wood,Branches,1,1,2,4,746934BC-3120-49D7-A3C5-60F2B2C98A70,BD5ECD8A-D442-4607-B35E-106291853A30,2020-07-24 14:07:34.0000000,2,
2025535,Cracks,Stem,1,3,3,7,F1359AE3-3915-46F4-AAB3-D614F25E5728,1A629380-340F-4DC0-A03B-62167E03F6AA,2020-07-30 13:56:24.0000000,4,
1952136,Dead Wood,Branches,3,1,2,6,BFDFB364-9B7C-4E81-83C6-EE65AD2776B2,27EB5359-7C2D-451A-BCBC-E293AD4C4166,2020-07-22 13:00:17.0000000,4,
1555990,Decay,Stem,2,1,4,7,61D649D4-8F3F-4ECE-BB51-225A067E4554,D08EEAE2-1A2E-425C-93E2-179553930871,2020-05-26 18:41:00.0000000,3,
1973344,Decay,Stem,2,1,2,5,588424CF-2F51-4B85-B592-FEA39D247C9F,5718EE90-2204-4BE8-A590-386A9256566D,2020-07-23 12:24:15.0000000,3,
1037494,No Visible Defect,Entire Tree,1,1,1,3,281759D1-36E4-4995-98B8-E736E2F91756,9D6F275D-4937-4F4C-8FDE-DBA61D3D724A,2020-02-11 20:15:00.0000000,2,
1952142,Dead Wood,Branches,2,1,1,4,81F38B18-F941-4D53-B369-CA3E8D31E11B,591ACF9D-B710-486F-945C-949967C10E74,2020-07-22 12:58:08.0000000,3,
1566109,Dead Wood,Branches,2,3,3,8,3D4541D8-E314-412F-902A-1D7ED3532693,97649982-ECAD-473A-A2FF-D3DC53152A4F,2020-05-27 16:14:46.0000000,5,
1555598,Decay,Stem,2,4,2,8,C832DFFC-1CF4-44DB-A5E9-E5446E086403,1F4DE5AD-5733-4609-A9A4-6D4633E7F879,2020-05-26 19:15:00.0000000,6,
1541240,Dead Wood,Branches,1,1,2,4,DC2FA0AF-2958-43A9-977A-079EEB6509A7,DAC07FCE-9E66-4391-8955-DC514659229C,2020-05-21 18:32:29.0000000,2,
1959573,No Visible Defect,Entire Tree,1,1,1,3,341A15AE-7E7E-4D34-BD32-1A58BD8620CA,AEAD4962-A3D5-43E0-B3F7-F086E778D3B9,2020-07-22 19:49:23.0000000,2,
1952125,Dead Wood,Branches,3,1,2,6,D197C278-DAA3-4D12-BD16-792E937B1376,EC5E4258-ED23-4F2F-A16E-D12707E29E7F,2020-07-22 13:11:45.0000000,4,
1959576,No Visible Defect,Entire Tree,1,1,1,3,1C2683CC-B80A-4962-B158-7ACEE4D04F05,1DFCE3D2-28CC-494A-8E73-04E0646818CD,2020-07-22 19:22:02.0000000,2,
1969311,No Visible Defect,Entire Tree,1,1,1,3,CA5069F3-951A-46F7-91DF-FA5C7F16A14D,50CAFCD1-B0FD-47F9-B104-2129227ADBAD,2020-07-23 17:32:30.0000000,2,
592964,Decay,Stem,2,3,3,8,FAF70952-AA05-4C00-811D-193766838E86,AA2FDBF6-8558-4809-92E2-2CE263F99A77,2019-10-29 20:03:00.0000000,5,
1952108,Dead Wood,Branches,3,1,2,6,66F62FC1-380B-4FE1-AD7C-AFCA80A29A09,9269A064-E910-444A-8CE2-3940629EBAE4,2020-07-22 13:10:01.0000000,4,
524294,No Visible Defect,Entire Tree,1,1,1,3,2547482E-CEC6-4AED-B45D-5C2169673253,F25F7D9C-D524-417F-B0BA-1B03686C0CC9,2019-10-23 16:15:00.0000000,2,
1973422,No Visible Defect,Entire Tree,1,1,1,3,803C5B90-5F3E-4681-B70B-10996D1919CE,76FFAF1E-6766-464B-9009-1533BA4083E5,2020-07-23 13:52:07.0000000,2,
1411889,Dead Wood,Branches,2,2,2,6,CE69A6C8-A779-42C5-8CB2-103C68FA99D0,AE29FA36-F7CD-4463-8581-EA864567CAD5,2020-04-28 13:36:00.0000000,4,
1141204,Dead Wood,Branches,1,2,2,5,839F8494-1942-4C5A-A563-6ADFEAA84891,1838C2D5-3CCA-4191-BF52-B726E44ADD00,2020-03-04 18:23:00.0000000,3,
1471880,Dead Wood,Branches,1,1,2,4,6A9B51A4-7652-4B6F-8214-739646208976,4467675C-1ACF-4519-9735-14B584A46B32,2020-05-08 14:14:00.0000000,2,
1958291,No Visible Defect,Entire Tree,1,1,1,3,B16FA14A-79DB-4E6A-A916-E2DCA8D1E94E,99F138F4-6F7C-46A8-9340-500D56C87384,2020-07-22 15:33:35.0000000,2,
465565,No Visible Defect,Entire Tree,1,1,1,3,99AA9ECF-E8E8-4EA1-9EBD-6EAECFDE23CD,91DDDF0C-7E91-4967-BAF7-A1F0747F960D,2019-06-03 12:05:52.0000000,2,
1958311,Dead Wood,Branches,2,1,1,4,F09D18F2-C6B8-4846-B376-721A34AB0029,F506EEAF-1007-4B73-9127-17F5D316929B,2020-07-22 15:38:03.0000000,3,
1973442,Dead Wood,Branches,2,1,1,4,09A60714-4D54-475E-BAD1-6D7A75EEB356,D02A59FE-3A49-4EA8-93B1-AC769FD3BDD7,2020-07-23 12:04:38.0000000,3,
1246989,Dead Wood,Branches,3,2,3,8,1DA72421-F2FB-49D2-B439-D88240A640B9,36B1677D-8E09-48E3-8CAD-C62CB4C5511C,2020-03-19 16:14:20.0000000,5,795D6E27-B4B5-4D75-B2B5-3B1C50F1DF02
445405,Dead Wood,Branches,4,3,2,9,B86CE41E-D267-4BAB-90A0-5A949ED6427D,F5F4B340-89F6-47A7-9FE8-8B7BF2AD644F,2019-10-17 16:43:00.0000000,7,242B984D-B3CA-45B2-A2BE-03D37C9C225E
1090204,No Visible Defect,Entire Tree,1,1,1,3,9B271092-70F3-4ABF-80F3-8B44FADDC086,0346B03B-AF65-42CB-96FD-B6018C69A87F,2020-02-25 13:35:00.0000000,2,
698477,Dead Wood,Branches,4,1,3,8,4594B313-0EA2-4651-90D0-A25E4B31B298,F92ECCB9-5232-480B-9644-9F2E858F0361,2019-11-25 18:19:00.0000000,5,C980EA3F-45B3-4D39-B933-C5FA7718E964
1973362,No Visible Defect,Entire Tree,1,1,1,3,F6B129CC-F9E9-4E6A-8BF3-8AA3705941AA,9AC19E30-F69E-4D81-8041-C9AD6A8970E9,2020-07-23 12:32:17.0000000,2,
1973425,Dead Wood,Branches,2,1,1,4,4F41BF37-F6CA-4F16-91E6-902495CB6CC3,DDD6BB7D-3019-4EAE-A686-EFBAE3228ABF,2020-07-23 12:14:59.0000000,3,
1958320,Dead Wood,Branches,2,1,2,5,19FBFF31-90C1-4F3A-BBED-19DD04FAF6BE,C51C6AFE-A5B7-48DC-B41B-CB63FC389420,2020-07-22 15:23:27.0000000,3,
1564066,Dead Wood,Branches,2,2,2,6,5B97C4B2-024A-4D8E-AA23-491E238BE19A,018D47B9-EA42-4FA6-A364-CC7C3EDB1ECC,2020-05-27 14:16:01.0000000,4,
863644,Dead Wood,Stem,3,3,4,10,189B2008-C78E-48C1-9CB9-102A5CF683FE,E55FE8C3-6C95-4820-9508-66483FE8387E,2020-01-06 14:35:00.0000000,6,
986529,Dead Wood,Branches,3,1,4,8,FBEEB4A8-10CE-4280-B872-BC1934E03CF2,01A7DA19-7ED8-4E80-B9D1-B7AE2AFCC474,2020-01-29 15:37:00.0000000,4,64C806A3-D24F-4848-A5AA-C264744D960C
1952140,Dead Wood,Branches,3,1,2,6,03629DEC-77A0-4A25-BD21-E3E10411CB8D,104A2277-113B-4A6C-ACA1-F8369DC3D64E,2020-07-22 13:02:18.0000000,4,
426058,Decay,Branches,1,2,2,5,541DC58A-71C7-41ED-A3B5-41D298121A53,21B5EEC7-523A-4D7C-8A62-C35ED186DA2B,2019-10-16 12:59:00.0000000,3,446920AB-0E6E-4A16-B57D-D8A84F37A5C4
2907556,No Visible Defect,Entire Tree,1,1,1,3,D40020FB-7AE5-404B-B4C7-41949B7A1642,53487A06-AF62-4E72-8FCE-AD96275B1035,2020-11-04 21:03:31.0000000,2,
1069521,Decay,Branches,3,4,2,9,12ED6669-C822-4D64-B4D0-57DDB6118D7A,723D7FE5-11E3-4992-9B4C-444CCC62172A,2020-02-19 16:47:00.0000000,7,
1098990,Dead Wood,Stem,3,4,2,9,5A368CE2-4303-42AA-BDBB-B294523A2F84,30B8B240-CBFA-4777-837A-5ED064387739,2020-02-26 14:14:00.0000000,7,AFA74018-FD96-4B9B-8556-E117B5723EF3
672267,Dead Wood,Branches,2,2,2,6,73EFAE42-2786-43D5-B19C-F94000A66EE6,106EF7AB-EA44-4B73-A412-416777F0764E,2019-11-18 18:48:00.0000000,4,
966473,Decay,Branches,3,2,3,8,65473DA8-1320-43E1-ACF2-9D775F13445F,F4C61D5E-1963-4BD8-97D4-2E40F03AAC1E,2020-01-24 18:34:00.0000000,5,
773578,Decay,Stem,2,4,3,9,E222E769-5278-440A-A48F-31B7E25207F4,38ABCB3C-036E-40BF-9016-C4941EED48DC,2019-12-13 20:01:00.0000000,6,
1011402,Dead Wood,Branches,3,1,4,8,D4459DEF-1873-4FA9-92D1-EA8BF32E5F8D,1B2493ED-88C2-4D58-8C0D-A4CD6D7EDA1B,2020-02-04 16:23:00.0000000,4,
2907771,Dead Wood,Branches,2,2,1,5,A67FB1A7-2C33-4AB4-8E0D-D31AFD93247A,CDFD1020-A409-490D-BCE0-0F5939665A4C,2020-11-04 21:07:15.0000000,4,
886963,Decay,Stem,1,3,2,6,E7AC576E-ADAE-4742-BED5-6831DCFAF597,2C31AE4D-7743-4B85-8373-F399BC57D75C,2020-01-09 16:52:00.0000000,4,
180086,Cracks,Stem,1,1,3,5,9CC45F65-2FE1-459F-B2E2-EB4A67965C98,6722E106-469D-4BDA-8880-D55EE80E1A22,2018-03-05 15:21:04.0000000,2,
1069490,Decay,Root Flare,2,4,3,9,F4FB2E13-E515-4AA8-9252-A94BD9FEFCD0,8539D6B6-F9DE-45F0-8043-1C3209991741,2020-02-19 15:58:00.0000000,6,
1028746,Decay,Branches,3,4,2,9,65A14BA3-5EE0-40DF-88B5-0F9D3EDE1FC0,5E75452E-0FD6-4495-98B1-34370E01BB56,2020-02-10 16:09:00.0000000,7,
1079586,Dead Wood,Branches,3,1,3,7,200A9992-C6AB-48DD-83A6-B997A430658E,54B35DF1-704B-4C86-9E24-63C83B1FF0A6,2020-02-20 19:18:00.0000000,4,
1633708,Root Problems,Roots,2,2,2,6,910149FB-0881-4F6A-B265-5636C9492496,0C4A2116-0E4E-4B7A-AD22-B4A4446FF142,2020-06-05 14:41:00.0000000,4,0D942EBB-514C-4FC4-B698-93F8C5253ABD
1032516,Decay,Branches,2,4,1,7,26A03214-CEDE-4BD9-84BB-F1A443C75F69,B0A79A23-C049-4B57-9333-5F86386E3676,2020-02-11 14:14:00.0000000,6,
986983,Decay,Stem,2,3,4,9,28E2CE07-801F-473C-8A68-6A6099F0A2F7,71872AB9-8021-490D-9B30-67074A04887A,2020-01-29 16:24:00.0000000,5,13804295-5265-4E46-B9DA-627E20E87A2D
406452,Decay,Stem,2,3,3,8,31823145-67AC-4E4C-BC3B-2E109DA08FE5,9145693A-AC5A-4501-89B3-0B9052DD302D,2019-02-28 07:22:14.0000000,5,F7F03646-026C-4C34-AD4C-3EC93C013497
1011374,Decay,Stem,1,3,2,6,6542334C-930A-4B51-88AA-1772045456C2,3192AA7A-3D13-4FD8-9C45-83A45BACE13E,2020-02-04 15:54:00.0000000,4,
2907786,Dead Wood,Branches,2,2,1,5,66E6FABD-8940-4C2F-A3A6-9389947F7149,BA9FADF7-B6F6-4B4A-83D3-26808E3B55C1,2020-11-04 20:43:40.0000000,4,
406455,Decay,Stem,2,2,3,7,31823145-67AC-4E4C-BC3B-2E109DA08FE5,B1BEC3B2-0223-47AE-8C31-69A1FC604F48,2019-02-28 07:53:07.0000000,4,
43725,Cracks,Stem,1,4,1,6,6F0A83E0-C468-4483-B23F-099AD155FF7D,8CD88547-AE03-408F-BD41-76DAF335A39B,2017-02-28 12:11:22.0000000,5,
882358,Root Problems,Root Flare,2,4,2,8,7F1CEA44-FFB9-42C6-A5FB-5261F409D4EA,0CE3879D-166B-4E9D-ADED-D3A4ADBCC405,2020-01-08 19:26:00.0000000,6,
1076395,Decay,Stem,1,4,3,8,671588DE-A6BE-46B3-9B71-221B3639387C,395A3951-4A37-469E-A50F-6BBF508EAC09,2020-02-20 13:48:00.0000000,5,
1779983,Dead Wood,Stem,3,2,3,8,444C6992-8E70-48A6-8324-09CD2B1A8846,7F1192B8-410D-49FD-9C90-7D3CC7508FFC,2020-06-29 14:51:00.0000000,5,03875C52-0EF8-4291-852A-6773BDA8B971
1002627,Decay,Stem,1,2,4,7,7F39ED93-749F-4583-9B0F-28EE91911CD1,3516E191-78D1-4286-9406-F2A3DB6B6778,2020-01-31 19:09:00.0000000,3,
915777,Dead Wood,Branches,3,1,2,6,9918CDD3-A441-4EA4-97AA-3A62894B5B26,D0C035B9-10C1-4E9A-A4C5-3054C6277995,2020-01-14 15:02:00.0000000,4,
1076441,Decay,Stem,2,4,3,9,930BB747-2608-4061-B184-E2B26251A0B4,D20D994F-4159-41BF-A63D-D194ACF9DFDA,2020-02-20 15:32:00.0000000,6,
671072,Dead Wood,Branches,2,2,2,6,73EFAE42-2786-43D5-B19C-F94000A66EE6,906DBF21-FDA0-4EDF-A0D4-6FB46D091F18,2019-11-18 18:47:00.0000000,4,
769715,Decay,Stem,2,3,4,9,FA8B2BD5-9FD6-4505-B882-1030ECE9C377,D71E43AD-09C1-4719-A1FE-649979312936,2019-12-12 20:29:00.0000000,5,
1072136,Decay,Root Flare,3,4,3,10,9145830A-A9F2-49D5-8933-A3B778160123,ECC17CCB-794C-4A0D-BC13-4E314FDEE25A,2020-02-19 18:54:00.0000000,7,5EE9F85F-0715-4ADA-AB4D-943B17C7D969
883592,Decay,Stem,2,2,4,8,48DA6DAF-64F3-4E08-ADBD-DCABDE1D3A81,03079414-94BE-49F9-89B0-52AE86984CF5,2020-01-08 20:16:00.0000000,4,87191616-48FD-441A-841F-F1EB0CC095AA
1011372,Dead Wood,Branches,3,2,2,7,6542334C-930A-4B51-88AA-1772045456C2,3696D4CE-9B71-4B42-B7FA-0948BDE44747,2020-02-04 15:54:00.0000000,5,
1028690,Decay,Root Flare,3,4,2,9,4B4AE610-5D25-4B8D-81DE-E3680C1F93C7,57369F76-87D8-4826-A185-CD54702156AD,2020-02-10 15:18:00.0000000,7,A1ADBBFA-C4FB-438D-BE97-A685C7BA06A2
886552,Dead Wood,Branches,3,4,2,9,CF726185-2BA5-4430-AF5F-9D297923FF23,AD17EF45-90FB-46F5-A976-CF01C84BF465,2020-01-09 15:53:00.0000000,7,D4C67DA2-5902-4E96-91DE-A5631006A155
1032517,Poor Tree Architecture,Stem,2,4,2,8,26A03214-CEDE-4BD9-84BB-F1A443C75F69,053449FF-42F2-4211-BBAF-8097D0A8C9CA,2020-02-11 14:14:00.0000000,6,F9FF85FB-513B-4065-8035-F5D4E4DA9EE9
1078425,Decay,Roots,3,4,2,9,200A9992-C6AB-48DD-83A6-B997A430658E,8F1DC5BE-39DE-4F31-905F-1C76A85269B0,2020-02-20 19:19:00.0000000,7,2D07C1B5-D470-46FF-871B-4808EC359AFA
2540010,Dead Wood,Branches,3,3,2,8,DFA145C6-CEC3-4209-B47F-2F84D39C4A0E,475E0686-BFD9-499E-8E2E-82A6592FC88D,2020-08-31 13:52:00.0000000,6,
1069520,Decay,Stem,2,4,3,9,12ED6669-C822-4D64-B4D0-57DDB6118D7A,31A2A06C-4AF3-4DD7-9AAD-E205F586502C,2020-02-19 16:47:00.0000000,6,C16AB65F-AAF9-49CC-BCE3-E0840895BE33
773577,Decay,Stem,2,4,3,9,E222E769-5278-440A-A48F-31B7E25207F4,9ED46748-846C-425F-ADD8-1BF9EE078D22,2019-12-13 19:56:00.0000000,6,930B6145-52C5-4A1F-BCE4-CF6EE9336C6A
1069466,Decay,Stem,1,4,3,8,39746FAE-4A16-42E2-8083-5779DF8A8A36,29FA6FE3-2C96-4E2C-848D-8203BB5EC089,2020-02-19 15:18:00.0000000,5,
406456,Dead Wood,Branches,2,2,3,7,31823145-67AC-4E4C-BC3B-2E109DA08FE5,16469B67-E968-4CE7-8495-8E99E89022F9,2019-02-28 07:52:42.0000000,4,
421922,Dead Wood,Branches,3,1,3,7,BCC463AC-B91D-434A-BA80-6FE01F5D4C3C,8BD58EB1-77D4-4D77-A9CA-68A22747B6C3,2019-04-11 13:06:56.0000000,4,
769335,Decay,Stem,3,4,3,10,5FBD1BCA-E448-4CFC-A9DF-9F782548E805,F7833C04-49B1-4F2A-B00F-96DDE518A569,2019-12-12 19:53:00.0000000,7,BDF1115A-DF1E-46C6-926E-AA41787251C8
2907512,No Visible Defect,Entire Tree,1,1,2,4,5976D1B0-1A67-4EF2-91DE-24DB881CB27C,0CF5622B-D466-4983-A6F9-590DB39A589C,2020-11-04 20:29:06.0000000,2,
998603,Decay,Root Flare,2,4,3,9,9BA4119E-A797-4D12-A7CC-3D8CF36E921D,CAD70A6E-07E8-46DA-860B-37BA0605A9A2,2020-01-30 19:53:00.0000000,6,F9FF471C-8206-4BF4-AD70-D7CE0DF82CE1
777699,Decay,Stem,2,3,3,8,85F49287-05A9-4DAD-987C-BD9277247068,D58A23CB-0EC4-4F09-9D88-823EE2D4F202,2019-12-16 15:45:00.0000000,5,
2286397,Root Problems,Roots,4,3,2,9,05327E75-B51E-47F5-BBC1-62CEB325AD13,F96A04E3-CBE8-4801-A54E-5F82F929361E,2020-08-12 14:02:16.0000000,7,
1028782,Decay,Root Flare,2,4,2,8,321843FD-5E12-4BDA-AE2A-5002E9E2B73E,AD69ECA5-AB53-439C-9F87-6A607F7FDEA4,2020-02-10 16:49:00.0000000,6,
991805,Dead Wood,Stem,3,3,4,10,683CAF0A-BCED-40FF-85BA-2B8E64A987D9,6EEAD287-5246-46E2-8967-A7CEFAD40A7E,2020-01-29 17:11:00.0000000,6,1843D7B3-EF8A-4867-9787-A1CD9A6DC213
958008,Decay,Branches,2,3,4,9,6117ACAB-5B46-460F-B37F-1915DABAA74C,9BD10D01-2ECD-4925-A2A1-95B80B0B292A,2020-01-23 15:32:00.0000000,5,
883902,Root Problems,Root Flare,2,4,2,8,7F1CEA44-FFB9-42C6-A5FB-5261F409D4EA,17F5F73F-E067-4B5A-8E88-38727B96F18A,2020-01-08 19:24:00.0000000,6,
2907615,Dead Wood,Branches,1,1,2,4,2F1F6750-6C95-44BB-9B83-8F5E6189F3B5,0AFBD83F-7301-40CC-81FE-970F64F84CE0,2020-11-04 20:51:57.0000000,2,
954072,Decay,Stem,3,3,4,10,4DE14338-C8AC-41E9-8234-365583D57501,34FF7FA0-CB46-4178-A4D9-73C9F810E3E0,2020-01-22 19:55:00.0000000,6,5FF4E388-0FBE-4207-B74B-D248516E0DDB
111260,No Visible Defect,Entire Tree,1,1,1,3,E94A8055-7677-402A-BBBA-0B4684F6A2D8,89B9D761-1774-4555-A66E-A4B51542ABCB,2017-11-01 14:16:01.0000000,2,
1002648,Decay,Stem,2,2,3,7,BBD48876-60D9-4B03-807A-CF562AE85138,01E76308-3944-4017-A58B-9F6AA403E22F,2020-01-31 19:40:00.0000000,4,
2550739,Decay,Stem,2,3,3,8,328DD6C3-067C-4051-B678-F1EC250F2B43,4AC6FBF2-FBC8-4FC5-8AA5-54E3FAD34404,2020-09-01 16:50:28.0000000,5,
1564069,Dead Wood,Branches,2,2,2,6,05B225AE-BF35-4733-A5DE-84547962B6D8,EBB027C3-4B5C-4810-9013-D0BC94025184,2020-05-27 14:14:47.0000000,4,
514242,Decay,Root Flare,1,3,3,7,A724BAA2-077A-4E72-AD8C-C10432D4F56C,8CAA4FBC-2648-40E7-846A-598D5E1FFCA1,2019-10-22 18:44:00.0000000,4,
1246987,Dead Wood,Branches,3,2,3,8,15220B31-63F7-46BC-8784-7D186349855E,C1F56A7F-BE2F-446E-9781-D60F4023CFAA,2020-03-19 16:12:15.0000000,5,
1958326,No Visible Defect,Entire Tree,1,1,1,3,0B594651-50CF-4A21-9401-16A3281E7C11,DAA7375B-AF9E-4759-B99F-F3472B843D5B,2020-07-22 15:20:20.0000000,2,
887274,Decay,Stem,2,4,2,8,CF726185-2BA5-4430-AF5F-9D297923FF23,898EFAF6-00DB-477F-B0EB-5AA7CEF0F393,2020-01-09 15:53:00.0000000,6,
886527,Decay,Stem,2,1,4,7,ACDF730C-27D9-4FF3-A817-5AC82FC57008,4559E332-11E0-4D7C-B127-F4B6E66B0D0E,2020-01-09 15:18:00.0000000,3,
1028748,Decay,Root Flare,2,4,3,9,65A14BA3-5EE0-40DF-88B5-0F9D3EDE1FC0,8EAA61E5-DDAF-4A2A-8FD2-ADA780D0DC4C,2020-02-10 16:09:00.0000000,6,AD37D254-5649-4EB5-8046-C0D8B6DCE2B7
707263,Dead Wood,Branches,1,2,2,5,DC6A86FB-AD2E-4D76-B355-A9741E285AA6,40139AAE-9E9A-432D-B13F-B42A82EF4E52,2019-11-27 14:53:00.0000000,3,
1078423,Decay,Root Flare,3,1,4,8,200A9992-C6AB-48DD-83A6-B997A430658E,790D786F-9625-471C-9EBB-BDCD03408200,2020-02-20 19:18:00.0000000,4,
996162,Dead Wood,Branches,3,1,3,7,321843FD-5E12-4BDA-AE2A-5002E9E2B73E,3FBF7215-759B-4499-9901-25F9F4B000F4,2020-02-10 16:49:00.0000000,4,
1973357,Dead Wood,Branches,2,1,2,5,B8D459A2-C344-4819-8947-2EA4A0F68CBF,063A932A-3294-4658-8E8E-AF34437AC558,2020-07-23 12:11:49.0000000,3,
950191,Dead Wood,Branches,2,2,3,7,3BBE8A1C-600C-4CF2-8550-21C229EB86F8,29FD1E08-4C3F-48FA-8B1B-3BB79AFBA011,2020-01-22 16:09:00.0000000,4,
698478,Decay,Stem,2,4,1,7,4594B313-0EA2-4651-90D0-A25E4B31B298,DA6356A7-5A4D-45AC-B307-CDA7350DF6F7,2019-11-25 18:19:00.0000000,6,
1973360,Dead Wood,Branches,3,1,2,6,4CE76433-A0E6-4C5C-A272-B053E8EC5D19,633F95EE-B230-4CED-96E7-CABA05D2BA5D,2020-07-23 11:50:44.0000000,4,
1958295,No Visible Defect,Entire Tree,1,1,1,3,64EB0AD3-3216-4BE3-A805-769D3BF32F92,999C54F1-8356-4612-AE8A-1EFE3D88FC12,2020-07-22 15:31:30.0000000,2,
1973463,No Visible Defect,Entire Tree,1,1,1,3,34DCE593-F6B7-4AFC-88EC-6973191CBAB2,4D5B4ED4-77BF-4074-AEAD-FD8A59758AD7,2020-07-23 12:18:04.0000000,2,
1973403,No Visible Defect,Entire Tree,1,1,1,3,BF32E9F0-E2DF-4475-BAC4-303BB362C142,D34BD5B1-1D0D-4719-9CAA-FAD986E2B435,2020-07-23 12:27:42.0000000,2,
1016777,Dead Wood,Branches,2,2,2,6,50DF7B1A-BC89-4FFC-835E-3B0AEE86FD2B,EAD555CE-8D73-49BE-8E8F-53FE22BE5BF0,2020-02-05 18:35:00.0000000,4,
2907733,Dead Wood,Branches,2,2,3,7,DF884936-08E4-4275-91F4-12CE27E4E8DB,0A42008C-C17A-49BD-B07A-171B0A7C0155,2020-11-04 19:05:28.0000000,4,
1223203,Poor Tree Architecture,Branches,1,1,1,3,C968023C-8B6B-4ED6-A94E-E3143D3DD84A,B5F7E59D-A1AC-47C1-AFCF-8CA2E6704E72,2020-03-17 13:49:00.0000000,2,
2907713,Dead Wood,Branches,2,2,4,8,35F90F21-7C7F-414C-96B2-C5B1C3EAAE01,F51D4C49-1A2B-468D-950B-EBAB2F43D312,2020-11-04 20:35:46.0000000,4,
1959566,Dead Wood,Branches,1,1,1,3,22EB91BC-E51B-4CA6-A857-8399E56FD2CD,ACB298BA-A18B-4F44-9B82-6E003E6A5F8D,2020-07-22 19:52:03.0000000,2,
1958298,No Visible Defect,Entire Tree,1,1,1,3,AB628062-552F-40D1-8DC3-58C8F995511F,8B9EB043-66AD-48A9-8814-E76790D4DCAC,2020-07-22 15:28:43.0000000,2,
600050,Decay,Branches,2,2,4,8,4847F0EB-DA36-4D4F-B432-2FC12E5E5BE6,C7CAB586-ECD2-4F56-8C14-66E7716ED4CA,2019-10-30 15:05:00.0000000,4,
1770338,Decay,Stem,3,4,3,10,3CF539C8-4550-4080-8D67-B9F1157AEB46,198D06D4-672B-4DFE-AD73-A54D2878AB75,2020-06-25 18:45:00.0000000,7,
3037223,Dead Wood,Branches,1,2,2,5,2027F0B6-2CCD-434A-BAF4-50A6198B5998,AEBB2D10-023B-439D-A7E9-89EA4DA6DB62,2020-12-02 15:21:27.0000000,3,
1082698,No Visible Defect,Entire Tree,1,1,1,3,6EDE9EEA-323A-4998-8826-48CB17139EC6,BAD86D54-CCA6-49A4-BD8F-84927CD6186E,2020-02-24 13:08:00.0000000,2,
1891776,Decay,Stem,3,3,3,9,96EF1C56-083F-4360-A07C-EC87124F014C,ABAFAB01-68F9-48C8-9B21-07E6E0C93CF6,2020-07-13 14:00:47.0000000,6,5A64E784-7FAD-4931-9DC5-7678283451B1
3037227,Dead Wood,Branches,1,2,2,5,5BD860BC-B6C3-4B19-8F98-D8DA2F121E77,3DD4A212-265E-4043-A40D-4D5662CC54E8,2020-12-02 15:23:17.0000000,3,
524289,Dead Wood,Branches,3,4,1,8,477F71DB-7BEE-4229-8874-9B2F9D46B243,E18D38F1-18EA-4CFD-AC94-922826951115,2019-10-23 16:04:00.0000000,7,
1249907,Decay,Branches,2,4,4,10,58CDD150-942D-41F8-A18F-B4DFDD0B19CF,F85113A0-F373-4D40-AF40-DF5A2C0623E9,2020-03-20 12:44:00.0000000,6,09B9E4EF-3695-441B-AC73-747F8FD39823
1276669,Root Problems,Root Flare,2,3,3,8,CF0656F6-B177-46E9-B8DD-0765C6422E3C,BACB8EFA-9F5A-43CE-8126-AD70CD4D1C9E,2020-03-25 14:38:00.0000000,5,
3374091,Decay,Branches,2,4,3,9,731B083B-6663-4897-8CFC-53CA3FCD48E8,4221D0D8-C528-4605-A003-A7FB7AAC1E3A,2021-02-10 14:22:00.0000000,6,37ED32A8-A232-4E6D-8938-C23DDA5500E5
1286557,Decay,Stem,2,4,2,8,BD427E50-4232-4E54-B113-B80A57188120,77E45AAB-938A-47C9-80B9-5E994C4B4EAA,2020-03-26 13:26:00.0000000,6,
3274932,Dead Wood,Branches,1,2,1,4,C9FECDE5-9817-4F25-8D22-F81619775D11,742C84B0-17B8-456A-A9A7-69D4AB2BE1BE,2021-01-15 14:56:22.0000000,3,DFF9D0A5-4DCA-45A4-9147-C40B58AD6A1E
1567780,Dead Wood,Stem,3,3,3,9,3B225F7C-613E-43A1-BB04-DB06EBF288C2,799472B0-FEE4-4DFE-A4C3-D0B9D9059ABD,2020-05-28 11:11:00.0000000,6,6B7420C2-7D89-4697-B2CF-365E63D86166
1542393,Decay,Stem,2,4,3,9,D740D035-0FA0-40AE-9CC6-A98441FF2B8B,0D979CED-8A93-4037-AA34-8509B1BEAADE,2020-05-22 15:55:00.0000000,6,
1214571,Decay,Stem,1,3,2,6,31C6DC98-27C2-4879-9F32-68B628922DFD,41A48B8A-1CF8-4691-843C-18DDAED321D1,2020-03-16 15:31:00.0000000,4,
842859,Decay,Stem,1,2,2,5,A7DD651E-0871-40AD-9316-EA00746D8B97,0DB2951E-FEBD-4113-BE93-9A18C29A1904,2019-12-31 18:56:00.0000000,3,
1049108,No Visible Defect,Entire Tree,1,1,3,5,A3ECEB87-3CD7-496B-B7A3-717712A2EF9C,47DB6935-ED17-47F4-BCB9-C36C260DA304,2020-02-14 16:12:00.0000000,2,
1798278,Dead Wood,Branches,3,2,2,7,4295AFCF-28F6-4BB3-8159-1CAA676CB858,CECF2AE8-B4BC-4B98-9211-F664595881C6,2020-07-01 00:03:00.0000000,5,
1065201,No Visible Defect,Entire Tree,1,4,2,7,6C2DAA22-2F30-4821-83AA-E41B2B4D77A5,F13F1F20-67D7-4908-A032-50A0BB2DB13F,2020-02-18 18:17:00.0000000,5,
1668629,Dead Wood,Branches,1,2,2,5,5C6214D9-47D7-4A04-86DD-3C95E55362EF,B93273CA-67FD-46AD-AEE6-52A6FEE30B96,2020-06-11 13:02:00.0000000,3,877D4931-86C9-434F-80FC-A94071E964E1
1208593,Dead Wood,Branches,3,4,2,9,31AD56E3-93A2-4DDC-905D-CE93EA602946,E8CCFB26-C0C3-4B61-B5DF-DA960A7B76CA,2020-03-13 18:20:00.0000000,7,
966507,No Visible Defect,Entire Tree,1,2,1,4,55696053-1E41-4FF7-955B-E39A860D6A7F,9C61088A-CA1A-4434-8A48-53B9974E642D,2020-01-24 19:13:00.0000000,3,
3697610,Dead Wood,Branches,2,2,2,6,BF49B348-8A32-4DB1-8A35-70292C0BE21B,E307344B-69E7-4B62-ADB5-E639FE9F538B,2021-04-21 14:05:47.0000000,4,
3697613,Dead Wood,Branches,1,1,2,4,8E9D94BB-F91B-4A49-91D6-B1C4F95F8000,AA794A4A-07B4-4DEF-826F-3CE505865555,2021-04-21 15:06:27.0000000,2,
2775251,No Visible Defect,Entire Tree,1,1,1,3,287F94A8-0FE5-460F-94D5-0B8BF61D9241,191E0434-1A80-44BC-8A9E-FA423C56B8AE,2020-10-08 14:01:24.0000000,2,
662690,No Visible Defect,Entire Tree,1,1,1,3,4C293C8E-DF7A-4B01-B120-0569AA5C160A,D6F0814B-0B8E-4772-AC54-82146E10BF49,2019-11-15 11:34:00.0000000,2,
3664777,Poor Tree Architecture,Branches,2,2,3,7,B5C496D1-50CA-47FB-B0DB-7A851DF0A04D,5352C9A2-AA99-4C99-BE2E-06AEBBFC59F2,2021-04-14 15:54:28.0000000,4,
3665215,Poor Tree Architecture,Branches,2,2,2,6,FD9D0458-1C24-45C4-830F-0B8EE33D4A63,C7E1A08B-59CC-42A2-942A-9405FD03E291,2021-04-14 17:19:33.0000000,4,
3665198,Poor Tree Architecture,Stem,2,1,3,6,5E23EDEF-A535-4420-8FA1-4345427D29E4,501A2C2A-B264-4220-86D6-7D6B8C4694FF,2021-04-14 16:34:21.0000000,3,
3367881,Dead Wood,Branches,2,2,3,7,4A61A6F6-AB2E-4B66-B3A0-E67D6E7AC3C3,FF9B9DE5-2B60-41F2-867F-13D72E2F9EC3,2021-02-08 13:35:00.0000000,4,
3824932,Poor Tree Architecture,Branches,1,2,2,5,8DE8493D-5BB4-4EAD-A454-5CC7A50C1907,667E63F3-37E0-4B80-8E22-46445E5C087B,2021-05-12 14:51:04.0000000,3,
3454534,Root Problems,Root Flare,3,3,4,10,47D3A6AE-E162-4229-B3A7-4435784AF078,1B45D6B7-EA45-4C16-BE83-FED1BFF45152,2021-03-04 20:31:00.0000000,6,
2469195,Decay,Stem,4,3,3,10,DF5C3BEA-3AB8-46EA-B7EC-6DC6468264DB,DB143591-6DA7-467D-BB7F-342B94A774A4,2020-08-24 16:12:47.0000000,7,
3830088,Decay,Branches,4,3,3,10,7B2B2C3D-21F6-49D1-9A2C-CB464FAF8A82,A5C56323-0F6F-464D-B6B2-E876CB5562F4,2021-05-14 14:11:00.0000000,7,
3832161,Decay,Stem,4,3,3,10,F347BE44-E282-472C-BE82-9FEDB58997AD,93A70894-CB70-44C9-9973-ED56D65BB311,2021-05-14 15:55:00.0000000,7,
1833863,Root Problems,Roots,4,3,3,10,0834FD72-8A47-4ED0-8266-E1A4245A7EEA,31214BB7-ABD6-4A4F-8A52-0A91B88E6EF0,2020-07-08 10:44:20.0000000,7,
516896,Root Problems,Roots,2,2,3,7,B5AFE3A1-952B-42B4-85EB-51A8AD9A038B,96BFDD4A-B33D-434F-B118-FC89356A9E57,2019-07-22 11:36:19.0000000,4,
290877,Dead Wood,Branches,2,2,2,6,DB9570D0-53B3-40B8-9D3E-10C86B66EFE4,9AB86EF1-E83D-4DFB-9250-09F9A889345D,2018-08-16 10:07:53.0000000,4,
516897,Root Problems,Root Flare,2,2,3,7,B5AFE3A1-952B-42B4-85EB-51A8AD9A038B,EDF809AE-2673-4A7A-9121-28336EE49B01,2019-07-22 11:36:18.0000000,4,
75450,Dead Wood,Branches,2,4,3,9,BDD27416-B9E1-467A-A1EA-BCFAD492B13D,B5047475-467C-4120-9E47-C39ECF99FD0C,2017-08-11 11:38:27.0000000,6,9BF83417-A406-466E-97E9-D73F188DFD4C
516895,Weak Branch Unions,Branches,2,2,2,6,B5AFE3A1-952B-42B4-85EB-51A8AD9A038B,84DFDEAE-5338-4228-9566-D836CC942B1B,2019-07-22 11:36:21.0000000,4,
516898,Dead Wood,Branches,2,2,3,7,93E69EF2-91C4-43A6-8709-A0DE09185F8C,BDB8E80E-F7F9-4931-8FB1-A1DE98008C2C,2019-07-22 11:34:56.0000000,4,
1795012,Dead Wood,Branches,4,3,3,10,9A98B096-37CE-4A91-AD79-E47F65E3C5BA,CE3F56E3-F083-42D4-AAC3-6BDA2393C1B1,2020-06-30 18:16:00.0000000,7,
3378830,No Visible Defect,Entire Tree,2,4,4,10,24640A17-CB14-4CBD-9D57-123376ED346B,A843412D-F0BD-449F-A85B-F9CBE17020A9,2021-02-12 14:43:00.0000000,6,
4243160,Dead Wood,Branches,1,1,2,4,D3F3E1FD-EDE0-4768-83DD-B7AE5ADEB77D,982B7622-1600-4589-A249-3A83DB439285,2021-07-08 16:45:21.0000000,2,
4207720,Dead Wood,Branches,2,2,2,6,EA970E29-65DF-4627-8DDF-58E5B5851488,53A85F4E-38F8-48CE-8CA3-0F06F4DCC1DB,2021-07-06 12:30:59.0000000,4,
4164746,Dead Wood,Branches,1,2,2,5,D671192F-5329-413A-80DD-6878A9636D7E,6CD9ECDC-6207-4DF4-B6D9-F834A16BF7A5,2021-06-28 14:12:50.0000000,3,
3596332,Poor Tree Architecture,Branches,1,2,2,5,97EE3EDC-1F1E-4D63-AB9E-BC18C0E69348,1A49972E-C6BA-477D-ADCA-C03707895B6C,2021-03-31 18:11:00.0000000,3,4AC39DED-6EF5-4981-BAA7-A77103F1173F
4243184,Dead Wood,Branches,1,2,2,5,0B2EE9D0-3A86-4186-A40F-0EA013937111,07924178-8E97-416F-BBB3-FBEB78E44795,2021-07-08 16:44:22.0000000,3,
4208520,Dead Wood,Branches,2,2,2,6,F7C368AA-90E1-4651-80EF-88C168B67A5C,B420C967-F927-4626-8C6E-EC213062B0A0,2021-07-06 13:01:52.0000000,4,
1007443,No Visible Defect,Entire Tree,2,2,2,6,ADDC6B01-63D5-4D2E-BCF2-29B6A5F43658,5BD40DF3-CA4E-490A-A330-FC98693580EE,2020-02-03 15:45:00.0000000,4,
4181534,Decay,Stem,2,2,4,8,,865AFCBB-E59C-4C35-86EF-AAAEA43FA257,2021-06-30 14:45:59.0000000,4,
4488462,Dead Wood,Branches,2,3,2,7,16708529-424B-4E66-A6A5-4EE85653D05F,B1B9C4CA-475E-4FC1-808D-33CC3544169E,2021-08-02 15:03:03.0000000,5,
2731818,Dead Wood,Branches,2,2,4,8,229587C6-51DB-4A93-B41E-A29216C61341,6A7CB558-ED01-47AF-8B14-E7AFF436040F,2020-09-29 19:21:59.0000000,4,66447488-E332-4A4B-B3D3-898B2D7A054C
4488482,Poor Tree Architecture,Stem,2,3,3,8,16708529-424B-4E66-A6A5-4EE85653D05F,CF04B014-5C7A-435E-A2FF-B3E57654278C,2021-08-02 15:03:03.0000000,5,
510444,Cracks,Stem,2,2,3,7,65450C64-5951-4A28-AC0B-CD5170503C01,C333DFEF-59D8-45CC-822D-32E1A5A0690C,2019-07-12 10:19:28.0000000,4,
319550,Dead Wood,Branches,3,3,4,10,,D195D8B7-6648-4CC7-BCE7-984B0FB5AD41,2018-09-26 10:19:14.0000000,6,
71112,Dead Wood,Stem,2,1,2,5,FF1C21B7-76B7-4D90-967F-59C5701ED5B2,73AD76B6-0995-43CE-B74F-B089EBE22AE2,2017-07-20 08:32:58.0000000,3,
400563,Decay,Stem,2,2,2,6,67A9D110-011F-43C1-BD5A-29AB1FA221AE,8F267AC7-B7FB-4D65-A74A-637E87778DEE,2019-10-02 15:09:19.0000000,4,
2685756,Dead Wood,Stem,3,3,2,8,789F4959-1408-42D0-A468-5370F4F790EE,A097375B-6928-428A-B8D7-865A69787E54,2020-09-22 21:11:00.0000000,6,
4857450,Poor Tree Architecture,Branches,2,2,2,6,0FDEAFF3-2A59-47BB-9B65-00B3532BA995,2C7FB9F2-5202-4CD6-BA9F-B71D68121F9B,2021-09-02 19:59:52.0000000,4,
566302,Decay,Roots,2,2,3,7,D2811634-3ED4-4772-BEFC-BA6583A4ED03,EA555D46-7105-4C74-8E0A-A7BD50921D8D,2019-09-09 11:17:16.0000000,4,
413739,Decay,Stem,1,3,4,8,4AFBA22B-6E75-4528-9D44-B75253D25A2D,C68D3626-9530-40B8-AA18-2A8E28EFCA81,2019-03-20 13:37:19.0000000,4,
114063,Decay,Branches,1,4,1,6,BA57E548-7852-4B6B-99D5-07F187E356A1,1AF0B2F2-F4C7-4F1E-857A-F1FB172E2587,2017-11-06 08:58:10.0000000,5,
435777,Decay,Stem,1,2,2,5,2FFF79D3-3DC3-493A-9324-363A31AADA1E,EE92DF48-A863-435D-B8F0-73E3AAE3E591,2019-04-29 14:09:19.0000000,3,
877147,Decay,Stem,2,2,4,8,DEE16F8F-6C19-49D9-99A8-A2DD24D07D4C,46C6EEEF-39CB-4EC3-A58B-0E9AEDB88F0E,2020-01-07 20:56:00.0000000,4,
498834,Cankers,Branches,2,2,2,6,04AE94C4-3BE7-4ABB-B03F-828AD4714F17,8E29A873-C114-43DC-AA50-B7A408274C71,2019-07-08 10:14:33.0000000,4,
1551057,Cracks,Root Flare,1,2,2,5,9EE2384F-B9BD-475C-8049-CC2049D1F606,F8793397-3E61-4529-A11E-A7656335D8A6,2020-05-22 18:57:42.0000000,3,
1223272,Decay,Stem,2,2,3,7,ED7C8529-7D81-4B44-B26A-C6388C605D2C,88097CBF-3307-4ABE-8C98-FEC23166C50B,2020-03-17 15:41:00.0000000,4,
45994,Dead Wood,Stem,2,1,2,5,7D2C53CC-CEA7-46F2-AC97-3366C9B00EC8,F6035A7D-A9D3-480B-92E5-110A658AD15C,2017-03-21 13:36:27.0000000,3,
288644,Dead Wood,Roots,2,2,1,5,26E7B555-6606-4DAB-A48D-36FC12C54376,4B79A01D-BEE0-43D6-A86A-7F2660D0F9AD,2018-08-06 14:14:53.0000000,4,
2008185,Decay,Stem,3,4,3,10,D50FA19E-254B-4DDA-8511-79D5C180EA7E,27424219-9BD1-4323-A340-E29C05F7017E,2020-07-28 14:14:00.0000000,7,
1444133,Decay,Stem,1,4,3,8,1F3C569F-35B0-42AC-8087-C89CE31E0FD1,886966CA-A8B0-4A3F-BF8A-08BCB3E6D16D,2020-05-04 15:09:00.0000000,5,
229294,Decay,Branches,1,3,4,8,8371348B-6DD0-4070-8701-31C73D2FA747,86A71A5E-ADCC-4279-92BF-DC44ACD9C7E0,2018-05-02 12:43:10.0000000,4,
787953,Decay,Stem,1,2,2,5,4A251B21-6A47-4F63-A3F7-4766DF0A4571,E8E9DFF4-FEAE-4375-9922-587968014145,2019-12-18 14:58:00.0000000,3,
2241346,Decay,Root Flare,1,2,4,7,5CBCD061-3E6E-4989-9192-1ECC0714E7FF,0210C194-78DA-4B24-B1B6-BA55181DC7D0,2020-08-10 19:11:15.0000000,3,
922766,Decay,Stem,1,1,1,3,,AAF79427-7C21-4219-9C73-FE4F969A5066,2020-01-14 17:49:00.0000000,2,
3066631,Cankers,Branches,2,4,1,7,,50FC10F2-C512-4C29-99E0-BA681802ACAE,2020-12-09 17:56:43.0000000,6,
3076289,Cracks,Branches,3,3,3,9,3786938C-3A3F-4560-8B40-DB4B740962EA,433DF088-4601-4CEF-BA8D-9F6F799B3E03,2020-12-10 18:57:21.0000000,6,
499581,Dead Wood,Roots,3,2,3,8,D9E36B05-F26C-4876-AE42-14BBFEF514C8,1F1D287F-7D36-44DF-AEED-47C6B2DB3ADE,2019-07-08 11:35:44.0000000,5,
5828,Decay,Stem,4,4,2,10,C10ECC91-CAF7-41F6-BA20-7EB1BC1B5CBF,60CCAAF8-642C-4647-BF98-D0D98A4AEA37,2016-04-05 10:02:34.0000000,8,
3427383,Decay,Branches,1,3,1,5,0762E66D-DCAD-4B58-B771-64B328A055BB,A44F1623-C6E7-424A-B950-EC0FE1B4727F,2021-02-25 14:29:56.0000000,4,
833,Decay,Stem,2,3,3,8,45614551-9EA2-413C-8EFE-54189B301AE1,25E7F5A2-7A54-4106-8903-6AE1085548C5,2015-10-15 15:06:05.0000000,5,
51590,Decay,Stem,2,4,3,9,EBC38A83-1497-4D39-8D8D-C91D44857A09,1057735F-26BF-445D-9639-E499AA46BF3F,2017-04-22 08:36:00.0000000,6,
922769,Decay,Roots,1,2,4,7,,88922703-933A-4331-8424-0196A67BE25D,2020-01-14 18:02:00.0000000,3,
3911341,Decay,Stem,2,2,4,8,2088521E-4135-435A-9903-7DCC42BF0F3A,C1503DB6-A0E0-449A-A513-04B71EE55FBB,2021-05-27 14:48:15.0000000,4,
958000,Decay,Branches,2,2,2,6,9CDEF7FA-14C1-4298-8033-EA616D576CAC,56E1DD58-8D38-4DB4-A25F-10858C83D0A6,2020-01-23 15:26:00.0000000,4,
39276,Decay,Branches,2,3,4,9,47DD0ACB-1317-4D14-BC6D-2EB70F7A7BEE,C74F862B-A1B3-40C1-8187-7495DBE741E7,2017-01-18 10:44:14.0000000,5,
4666,Decay,Stem,2,4,4,10,D7CC8A54-2B88-4303-9B93-BB0E08971C3F,DA83A1E2-912D-4AC6-97BB-095391790DAC,2016-03-23 13:56:32.0000000,6,
966931,Decay,Branches,2,1,2,5,5DE30414-894D-4CC4-9851-AD5FE1349A0D,F82B6BE9-187B-4EB0-B7C1-24D51B989E70,2020-01-24 19:48:00.0000000,3,
18048,Decay,Roots,3,4,4,11,2BA5D6FD-A062-4729-8DF3-02D313F6D738,CA11F14D-9B75-49FC-BBF0-9744E089E97B,2016-09-30 12:42:07.0000000,7,
646279,Decay,Branches,2,2,2,6,8B17A55B-12DD-485F-94B6-452AE717227E,F5044B78-BCF3-4968-8A9F-56D5E5F66EE3,2019-11-08 20:30:00.0000000,4,
553421,Dead Wood,Stem,1,3,3,7,520E23A9-B6F3-4313-BC91-1BED7E2E94EF,CBC0370F-723B-48DC-A539-D7C4DDD52E08,2019-08-22 07:49:58.0000000,4,
3068303,Decay,Branches,2,2,3,7,EBE90BCC-1AAC-48BF-AD4D-52526D72166B,CF9E0D4C-0192-442F-8CFE-E1E137EE8F76,2020-12-09 17:34:56.0000000,4,
646236,Decay,Stem,1,3,4,8,FAF78C06-6ED0-495A-AF60-FA9EBCB31932,BEBBBB5D-A61F-47DC-945C-45C038628914,2019-11-05 14:55:00.0000000,4,
1317,Decay,Stem,2,4,3,9,CACA4449-B2F8-4946-A525-38B0FDE0E52D,6A2FE7E5-8E94-4E03-AF32-275ABEDC6C8B,2015-11-04 12:53:52.0000000,6,
566511,Decay,Stem,1,2,3,6,A940B0E8-B7CB-4D31-BB86-520211BC0DE7,5646FB9A-5BEB-4B8B-ACB5-A7F2EE4E883C,2019-08-29 09:41:58.0000000,3,
568738,Decay,Roots,2,2,3,7,7F8B14B6-4F82-47B8-B31A-66F6BF923107,631FAE86-D460-4A34-B2BD-9614C55F9653,2019-09-09 14:47:34.0000000,4,
4762159,Decay,Branches,2,3,2,7,23D91E84-E05E-48FB-AD0F-DCAF9E906302,65A9497D-D756-408B-8E58-88FEA526E5DA,2021-08-26 21:22:03.0000000,5,
1346329,Decay,Branches,2,2,4,8,7E502BB9-2775-44F0-8124-FBA103D965EC,90364DBB-CC3A-4A6D-B690-A46FE4DD8BA7,2020-04-09 17:27:45.0000000,4,
2885232,Cracks,Root Flare,3,3,2,8,,F94396CB-EEB1-470A-AB83-9128155ABA01,2020-10-30 17:56:00.0000000,6,
1203318,No Visible Defect,Entire Tree,1,1,1,3,,A6322B6A-2F11-44B2-B627-BA39CD697BA3,2020-03-13 15:16:00.0000000,2,
1138681,Decay,Branches,1,3,2,6,82C6FAE9-AAC1-46DA-8957-7EF90B7432EF,502583CD-B596-4F2A-87DD-07B55864E0A0,2020-03-04 15:48:00.0000000,4,
43624,Dead Wood,Roots,1,2,2,5,B118BFF6-9AEB-44E9-A221-B2484BC8BECF,EE4969C2-E2AB-4F44-8CC4-F6D2F2CB94D1,2017-03-10 11:34:18.0000000,3,
1129899,Cankers,Stem,1,4,2,7,084DD766-AEDE-4582-AD93-A15AE3FF31D2,437D06E6-DAC4-4126-9791-DA5A1138DC46,2020-03-03 15:44:00.0000000,5,
467725,Decay,Stem,1,1,1,3,242BA9ED-9FC2-4C23-B02B-405A4FDDA083,5653D3EB-6A78-42C0-A429-99024F1CA109,2019-06-07 11:15:36.0000000,2,
3939061,Decay,Stem,2,2,3,7,,001D5959-357A-4B7B-B096-6B4A355A3C93,2021-06-02 12:21:08.0000000,4,
658911,Decay,Stem,1,3,2,6,EBD9A3FA-EF7E-4AE0-A739-103B584DFC7C,397EF1D3-F2CE-4A32-9CE9-C4B961905681,2019-11-13 18:10:00.0000000,4,
563537,Decay,Stem,2,1,4,7,72450701-F901-4EFE-A1A1-BCDD72E3C8F9,3B59C8D3-2CC0-4CAC-A041-287568D59F28,2019-08-30 11:06:31.0000000,3,
4240752,Decay,Stem,1,2,4,7,ED95D3AE-8170-4CD2-AE60-268C212F494D,477B2D53-6601-495C-9037-7B78FC067224,2021-07-08 17:17:06.0000000,3,
678868,No Visible Defect,Entire Tree,1,1,1,3,,8F60C7F0-D746-4E7F-A89B-76D9008C8ACA,2019-11-20 13:36:00.0000000,2,
842798,Decay,Stem,1,4,1,6,8EBBED3B-E601-4D5F-BB69-5544F6F0C184,1A00429A-8935-4039-AE39-74F0D90C0BE5,2019-12-31 17:24:00.0000000,5,
4836769,Decay,Branches,2,3,2,7,4180165B-CBDF-4454-BF5D-90C97C53199F,043B4068-0193-469A-8CCD-68883DD06A81,2021-09-01 17:38:56.0000000,5,
81045,Decay,Stem,3,4,4,11,9B6A0739-FA3E-4AFB-AF38-160C40EA87C3,0687D62B-9036-4707-8E82-156F42C343E4,2017-08-31 13:04:17.0000000,7,
555133,Decay,Stem,1,3,4,8,3FDA27CE-9ECD-4C1A-B791-110099D07A19,C4F9BF73-0DF0-441A-ADC0-0640B2B9F910,2019-08-23 15:34:40.0000000,4,
907229,Dead Wood,Branches,2,3,3,8,,81372087-48F3-44BE-AA1C-30C4F48DF87C,2020-01-13 16:38:00.0000000,5,
3910969,Root Problems,Roots,4,2,3,9,F00EBA6C-4895-46C6-B0C0-AD48A8C819BC,3ED697AE-B983-4B00-BCAC-A4B5D09FE519,2021-05-27 17:05:03.0000000,6,D474E909-9270-44B6-9261-872BAE533380
649365,Decay,Stem,3,3,4,10,EE0F9E1A-09A1-46A4-AFE1-8A087DEA32D3,14C85082-E069-4153-BC08-D16E750B1C4B,2019-11-06 16:01:00.0000000,6,
666096,Dead Wood,Roots,1,1,1,3,2E7B2EFA-212A-4E03-B141-B367C4972E66,5B4BD407-F0BD-44AF-809B-9C59DE69AC0F,2019-11-15 14:25:00.0000000,2,
14224,Decay,Branches,1,2,2,5,8CC9B0B1-A080-4926-8959-63459B1EC984,B9AA0A3A-A2B2-4C1E-8516-0F484FD37FAB,2016-07-28 14:13:01.0000000,3,
540898,Decay,Stem,1,2,2,5,012C6CCA-BF70-4033-B0C9-4F80C8E43E68,3D3B98E7-ADF5-4C37-9B6E-7A2F95328C0C,2019-08-12 09:28:46.0000000,3,
4602795,Decay,Root Flare,1,3,4,8,03EB0A10-B449-4D84-80EC-8445939A129C,CB18CCC6-BF62-4744-A784-C110589BC01C,2021-08-11 18:27:37.0000000,4,
81317,Dead Wood,Stem,2,1,2,5,,E516822D-055B-4ECD-9B64-42E5C372D052,2017-09-08 10:09:00.0000000,3,
946622,Dead Wood,Branches,1,2,2,5,,0E670BC2-A7F3-453D-BD43-8223B59E6D59,2020-01-21 18:02:00.0000000,3,
3274537,Decay,Stem,2,2,2,6,,6AE8F0BD-6E1B-4572-9824-6B40C8C9B382,2021-01-15 15:00:57.0000000,4,
41151,Dead Wood,Stem,2,4,3,9,5C65ABFD-AB9D-4979-8C7F-646339D484CC,F8CCD7FA-FF8C-43DC-AEC9-209D5C963438,2017-02-17 11:39:32.0000000,6,
2166018,Decay,Stem,4,3,3,10,,F96456ED-B3F0-40FA-8351-51D428A77D9F,2020-08-07 22:04:00.0000000,7,
3232376,Decay,Stem,1,2,4,7,B34609FB-25A1-4937-916D-0CD01B804F48,EBC80A5C-6077-4CC5-B630-098F6B712F08,2021-01-06 16:33:00.0000000,3,
983854,Decay,Branches,2,2,2,6,C1D80A10-1779-47F6-9790-AB31F19E2654,8E23E082-D95C-4BA9-A06A-7F1E53DF9E81,2020-01-28 18:42:00.0000000,4,
70328,Dead Wood,Stem,1,3,4,8,78211EE1-732D-4B6E-92DB-B718590AEE37,F4CBC70B-714B-4C83-AF1B-DC6419FAA5C5,2017-07-19 14:01:30.0000000,4,
486852,Decay,Stem,2,2,4,8,AE33F619-81F4-4899-858A-16711299B0F6,58D3AC09-9414-455C-9C04-A7AD8E9BDF62,2019-06-24 13:54:29.0000000,4,
445441,Decay,Stem,1,3,4,8,B6EC1807-8987-44B3-840F-1E044BCDA17F,CE0F1F23-2301-4D49-A578-3B4B78926CFA,2019-10-17 17:47:00.0000000,4,
4713343,Dead Wood,Stem,1,3,3,7,6CAD9650-6B38-4AF3-8E84-BE5348B499BE,9ED6EF91-77E2-4E9B-9527-253B6E825765,2021-08-24 19:44:07.0000000,4,
591781,Dead Wood,Branches,2,3,3,8,,878A61CF-B81D-4CA3-993F-4D8A5E895A5E,2019-10-29 19:16:00.0000000,5,
3734848,Decay,Root Flare,2,3,3,8,C5E3D6E1-0D48-4CAB-8F25-E35A47EA9088,FA378B6A-F6C5-4076-B885-3F4DC44E2762,2021-04-30 12:56:00.0000000,5,
602206,Dead Wood,Stem,2,3,3,8,86196693-4C44-418F-8AD6-FA17F573CC67,F62F4DE2-1131-449F-9AEC-7F4A26268829,2019-10-30 17:07:00.0000000,5,
725781,Decay,Stem,1,2,2,5,12C13FD7-F39C-4D83-A25D-927A63056415,392ACAF2-1524-4BFE-A8FC-E76C65DF406E,2019-12-03 17:22:00.0000000,3,
649156,Decay,Branches,2,2,2,6,319EBA44-4407-4957-98D9-38F3708A1F2A,E90B64D9-A382-45A0-BABF-062BB08E8FA6,2019-11-05 18:05:00.0000000,4,
584997,Decay,Stem,2,1,3,6,BDD3046D-AECD-4C78-A73E-2D1AB13AC17D,D9B290D0-17A2-49AE-9679-1AF89C7502BA,2019-09-18 14:01:14.0000000,3,
1428636,Decay,Root Flare,2,3,2,7,15E12B42-0165-43F2-9219-876D30AE8FD9,7F7A5EC9-0319-496D-9E3C-33EDC27FA8CE,2020-04-29 16:38:31.0000000,5,
467894,Decay,Root Flare,2,1,4,7,12EFF902-4631-499D-A5F5-F465B1D8BD5B,3F796DE1-ACCD-4B40-8B09-D1E767A6260F,2019-06-05 17:01:11.0000000,3,
374996,Decay,Stem,1,3,2,6,46E5EF11-7698-474B-A8BF-CEA7F2FB8849,B4497516-10B6-4B96-A2DB-7CC79913C392,2019-09-30 15:38:00.0000000,4,
370834,Dead Wood,Stem,2,3,3,8,E15BBD0F-8A1E-4343-9141-910BA71961CD,31002111-8647-4990-B9EC-C2CADC7C4C0D,2018-12-03 09:15:30.0000000,5,
65396,Decay,Stem,2,3,4,9,FA4D4373-7E50-4D2B-8465-B5E27C6306CC,BC5FDDB7-1351-449A-8A61-DA879BFAC54B,2017-06-27 15:04:35.0000000,5,
561897,Decay,Branches,1,1,1,3,B39A9CBD-02E6-4836-9479-B0FD1CD92D95,0F3CD622-8388-4FCC-B3C0-5533713F0E7D,2019-08-28 09:19:43.0000000,2,
314707,Dead Wood,Stem,1,2,2,5,15AA75B9-910D-4BAB-89EB-FC679DD0F822,76B59F06-A3F3-4FCA-AFC4-3D882D251BAF,2018-09-24 15:20:18.0000000,3,
554300,Dead Wood,Stem,3,3,2,8,F5D72021-E6F8-4B10-8F4D-0093B646AA78,9CC2E93B-118D-43FD-AE6E-605C1E6B5BC2,2019-08-21 17:11:27.0000000,6,
2193884,Decay,Stem,2,4,4,10,,F60379D3-D9EE-4000-ACFA-382D0318DCA7,2020-08-08 15:53:31.0000000,6,
7022,Dead Wood,Branches,3,3,3,9,73370DDC-9A42-467E-B572-23F97E33C052,A5403CA5-3BB0-4CD3-87E4-93FF8195D09B,2016-06-14 10:36:09.0000000,6,
44961,Dead Wood,Stem,2,4,4,10,DB1D75AC-5C76-4933-8852-789D276616B0,AC888E4C-CEAA-44B2-9B15-1A029AD6C1F1,2017-03-15 08:55:18.0000000,6,
484565,Decay,Stem,2,3,4,9,14E6B176-85DA-4335-9037-5E5EF2D2626C,318C9280-4A63-47EF-9CFA-4EECA346FFA1,2019-10-18 20:06:00.0000000,5,
532720,Cracks,Stem,2,2,2,6,B4D6C7C1-C476-478A-8638-E353D8597071,4972DC43-C180-4669-8C02-69CD69982A82,2019-08-06 12:13:58.0000000,4,
4612542,Decay,Branches,1,2,2,5,E15A1DED-8F3F-4EE0-9847-7041C839A8BC,7D241E9B-F7F3-4F03-AF73-E0A485243092,2021-08-13 12:49:04.0000000,3,
4717030,Dead Wood,Stem,2,2,2,6,BC35F79A-87E9-4F44-B6B2-AF564FC3D913,8DF6D01B-CD67-420D-81DE-FE2C25847657,2021-08-25 12:25:46.0000000,4,
3824755,Decay,Stem,1,4,2,7,D5BE5F74-05B7-4B65-AFE5-672234EEC65B,054F4A36-57CC-40EB-BC1F-606A3FC66891,2021-05-12 13:26:32.0000000,5,
704267,Dead Wood,Branches,1,1,1,3,,098A00E7-FBAD-4E06-9AA2-E1775321EB6B,2019-11-26 19:57:00.0000000,2,
4842394,Decay,Root Flare,2,3,3,8,D4A2951D-E9C8-4AB2-A896-240D04047569,62F18CE1-6B7F-429E-AD30-4124AFAA2942,2021-09-02 14:27:58.0000000,5,
3710400,Dead Wood,Branches,2,2,2,6,,98D7C2DE-7260-4EED-88D2-F716979E8E3B,2021-04-24 17:32:00.0000000,4,
935533,Dead Wood,Branches,2,3,3,8,,4D6CF804-DCF1-4683-A3D0-85F3B2DF9472,2020-01-17 15:34:00.0000000,5,
1229401,Decay,Stem,1,2,2,5,E25708E7-234E-4139-B30B-01FAA8C4C3C3,70FCA500-AC32-4600-933D-FABCD96F9853,2020-03-18 11:36:00.0000000,3,
334169,Decay,Branches,1,4,3,8,BED6E860-B090-4356-8585-E3F3C1EAF214,C73DAE92-9020-46FD-A594-322B1CE7325D,2018-10-16 12:15:16.0000000,5,
19992,Decay,Branches,3,2,2,7,60E9E61C-30EB-46AA-859F-6FA90E509A84,8641A1A5-AE1F-4E7A-BCCB-A2A1B3EB88C1,2016-09-27 10:38:30.0000000,5,
79345,Decay,Stem,4,4,4,12,,C9D85816-F330-4612-A14B-760490C77345,2017-08-25 13:32:34.0000000,8,
4679383,Cracks,Stem,2,2,2,6,98719237-FE48-4685-AFEE-62587B0408A5,F90ADBC8-5E2E-42FA-B948-0DCD391B9107,2021-08-20 19:04:09.0000000,4,
4158660,Decay,Root Flare,1,4,2,7,5D2D1968-572E-441F-9D71-CBA6C6CE59AE,00BEE11B-6299-43E2-ACEA-EB1670501F81,2021-06-29 17:15:00.0000000,5,
4430696,Decay,Root Flare,1,3,3,7,53A10A3C-E160-46FD-83D0-3602CB64748C,0CF91AF5-3AD1-4FF4-9D31-7DEFB54A7564,2021-07-28 15:51:30.0000000,4,
833063,Decay,Stem,2,1,4,7,8473C0AA-D236-4666-8BCC-260F68497A21,7949CF1D-926F-4C12-A76E-530BE5CF203E,2019-12-30 16:54:00.0000000,3,
359745,Decay,Branches,2,3,2,7,863E242D-7DB2-4C16-98CD-50893B1E823B,7F2F97BA-C8FB-43E3-AE9F-2F4EFBF9651F,2018-11-18 09:18:10.0000000,5,
1561620,Decay,Stem,1,3,3,7,60589930-FCB7-4FE2-B1A4-0B3234FD736E,F1E8FF89-1DAA-45E6-B4B2-A08F35FE0EF7,2020-05-27 13:10:00.0000000,4,
924524,Decay,Stem,1,4,2,7,,F60324BA-39F6-4596-95C1-3AE4FCDC5CB5,2020-01-15 15:39:00.0000000,5,
610994,Decay,Stem,1,1,4,6,,0095AC35-DCCC-43EC-B8DB-2E4C54E988CB,2019-10-31 16:44:00.0000000,2,
381325,Decay,Stem,2,2,4,8,EDA28F2F-3F2E-4E50-AF9C-43FA7E76D091,489AED34-0E1E-4068-9DAB-DA1D53F5CCAF,2018-12-19 12:33:38.0000000,4,
569955,Decay,Stem,2,2,2,6,D768F92E-D871-4154-847A-2ECF5C735EBD,49E2491F-168A-4CDF-B1F8-ED8AE0CE496A,2019-09-06 12:55:51.0000000,4,
1580621,Cankers,Stem,2,3,2,7,2B3EFC85-3044-4EC4-9FB6-74434A10BBF1,CDDFC6E8-E632-447E-898E-B27338DEF89E,2020-05-29 12:01:45.0000000,5,
1431556,No Visible Defect,Entire Tree,1,1,1,3,,94A8D166-41DD-4FD0-8688-AEBBBFA7175D,2020-04-30 14:35:00.0000000,2,
444528,Dead Wood,Branches,2,2,2,6,,2D8E5504-4A7F-42EA-AF0A-8921590DE03B,2019-05-09 13:25:11.0000000,4,
41137,Dead Wood,Stem,4,4,4,12,,55D6FC9C-2120-44A5-8A21-A7F6941BC898,2017-02-17 14:24:39.0000000,8,
112558,Dead Wood,Branches,3,3,4,10,,742FCD83-FD03-4418-A0B1-28AB4E3C9598,2017-11-03 09:40:45.0000000,6,
785801,Decay,Stem,2,2,3,7,E6BE8ED6-8883-4446-BB62-A20EC4F1A74A,2711926B-66CA-41CC-82DD-8693FD396177,2019-12-17 19:17:00.0000000,4,
498617,Decay,Root Flare,2,2,2,6,57762ADB-B048-4DF4-A0B7-448C1B244300,B3DCF4CB-5586-41CE-A031-5148D23041AF,2019-07-10 14:37:47.0000000,4,
745698,Decay,Stem,3,3,3,9,5A5011F1-5D57-4ECE-B425-B213B864EFC5,FC523BB9-043F-415E-BA59-A738AD9CFBC0,2019-12-09 14:31:00.0000000,6,
648890,Dead Wood,Branches,2,2,2,6,,57E9A4A5-43BD-4865-A734-6E091CFA6DA1,2019-11-06 13:57:00.0000000,4,
400515,Decay,Stem,1,2,2,5,4EB367CF-9613-4E46-9999-E32EBBD812F3,02C725C9-8836-45F3-AF37-BB7A93E8F120,2019-10-02 13:41:24.0000000,3,
931849,No Visible Defect,Entire Tree,1,1,1,3,AB9D3AD8-FD46-4954-8383-EA89FD570C6C,965740CD-5F34-48D3-8457-E0B9C90F7240,2020-01-16 22:58:00.0000000,2,
566938,Cracks,Branches,2,1,1,4,BFF6EB5A-A5B9-430C-BBE4-ADB49EBBB7F1,37E0E4BC-A06E-45DA-AD50-06502620BAD1,2019-09-04 11:24:26.0000000,3,
391021,Root Problems,Roots,3,3,4,10,,C59688F5-A06A-497B-A8C5-C68E74D4EBC2,2019-01-18 12:01:27.0000000,6,
50460,Decay,Stem,1,3,2,6,25241A15-81A5-4484-86E9-9DC13280C3F2,57F248AA-5C1B-4D4E-97AD-C65F16CD6AD7,2017-04-18 10:40:47.0000000,4,
319144,Cracks,Roots,1,2,2,5,2249209E-8E2C-4D2D-8CFD-547F6BE1E4AE,2A25F16A-8D11-4A73-A804-2834BBECC614,2018-09-25 11:42:16.0000000,3,
1133300,Decay,Stem,1,4,2,7,7E9FBEF0-EDCF-44D9-8D5B-B4D3BF37C3DF,FEB7DBCD-2E93-4B5D-9465-F7E841C2269C,2020-03-03 17:12:00.0000000,5,
42073,Dead Wood,Branches,4,4,4,12,,C58D457D-E32D-4F2B-BEEE-88794DA1507D,2017-02-14 15:10:55.0000000,8,
6968,Decay,Stem,2,4,4,10,4E559730-FBD2-4188-8575-414A958CC59B,3B846630-3B29-4E21-802C-75E7EE179324,2016-06-10 11:49:18.0000000,6,
2752784,Dead Wood,Roots,2,2,4,8,1754765F-926C-41A2-BE5D-87451B1FEDAE,0C051695-7B84-4133-BECA-61793FC9C694,2020-10-06 13:36:25.0000000,4,
4590338,Decay,Branches,2,3,3,8,F7941B32-18D4-4E4D-AB0A-2C23A21492CB,5488D4B2-3E15-45D6-A7A0-7E5E9512DAE3,2021-08-10 12:35:10.0000000,5,
4569342,Decay,Stem,2,4,2,8,18C1D0D1-92AF-4435-9C3F-CA0CF1595D43,5424CBA2-138D-48D7-A1D5-561FBDA923E1,2021-08-09 14:19:15.0000000,6,
46238,Decay,Branches,2,3,3,8,99C00FBC-B821-49AD-A09C-5EFC826E3182,FA61A441-CB1C-4A7C-81E6-E2FE2AE8035F,2017-03-24 09:59:27.0000000,5,
1153403,Decay,Branches,1,4,2,7,6271B787-9E70-4DB6-825A-87C0E99D9877,EBA6A654-AC4B-44AD-9BC4-3993D68054BC,2020-03-06 18:37:00.0000000,5,
3789298,Decay,Branches,1,1,1,3,E4BB644A-4F16-4526-899F-B1E754E7770F,EDF94392-8D39-4434-A26D-11218597595F,2021-05-06 18:23:28.0000000,2,
66361,Dead Wood,Stem,2,1,2,5,,1C7ADAC2-0C85-46AA-9FFA-F9ABC41754AF,2017-06-29 14:56:40.0000000,3,
764081,Decay,Stem,3,3,4,10,,319542AB-F302-40B4-B274-24EEC6867B4D,2019-12-11 20:09:00.0000000,6,
499599,Decay,Stem,1,2,2,5,A2A57448-E683-4095-AD3E-18CDCD8E84F2,236D58B1-5AD9-4D72-9158-FF55E7DDD563,2019-07-08 15:01:41.0000000,3,
878536,Poor Tree Architecture,Branches,1,2,1,4,,51EEA2C8-3F15-4276-827A-ADC59D151FD7,2020-01-08 12:55:00.0000000,3,
896163,Decay,Branches,2,2,2,6,A1835974-E3C8-40DA-B1B2-CC0A435D527C,8E3F1D43-5B06-46CB-8DD7-C21F9E515F4C,2020-01-10 15:51:00.0000000,4,
587021,Decay,Root Flare,2,3,2,7,4B80F792-C177-4A41-9ED3-1961B72F5A48,AA7C1A35-AD66-4F85-BF01-72DE28275404,2019-09-19 08:39:32.0000000,5,
468195,Decay,Branches,2,1,1,4,5968CD3A-149F-446B-B938-4DDFD1CE707C,D8D57F65-2714-49CA-91F0-A3FE0A5ED2D5,2019-06-04 12:41:04.0000000,3,
906883,Decay,Branches,2,2,2,6,87A299A0-6733-452A-8EDC-4C32E8DB3C9A,6E348532-FEC9-471B-95DA-EFA0ABBE81EA,2020-01-13 15:52:00.0000000,4,
79056,Dead Wood,Stem,3,3,3,9,D412B804-C659-4E8D-97C4-4CCA03F20035,004F4FAA-2502-441A-87B5-0A63BBB2D4CE,2017-08-21 12:41:21.0000000,6,
40078,Decay,Roots,2,4,3,9,89D085E8-2C52-488F-88FB-0E2C3E113C99,DD92C352-C1D4-4141-89ED-EC0C568F72EE,2017-02-05 12:40:15.0000000,6,
3475078,Decay,Stem,2,2,2,6,AA2FC01A-015F-43EB-A83C-7E5DFAF15E62,D088974B-BDCA-4C34-A57C-F2431A888413,2021-03-09 17:35:29.0000000,4,
964258,Decay,Branches,2,2,2,6,35B6F21E-BC7F-4C93-BFA7-4186921DEC04,3EF13B93-FDD1-4CF1-A22C-400BC7450EA3,2020-01-24 16:53:00.0000000,4,
155575,Decay,Stem,2,1,3,6,042C6CA2-BE8F-43E0-92FE-7ECEC1E0B1A8,1D030FD6-69F0-4953-B60E-45491F2A8738,2018-02-06 13:42:45.0000000,3,
219946,Decay,Stem,1,2,4,7,4BD90161-958C-4867-ABD3-D2BFE16FE2B7,C87F1D78-0256-4496-ACA7-1525E85242CC,2018-04-13 13:49:35.0000000,3,
837105,Cracks,Stem,1,3,2,6,A677F920-A8BD-433B-9FA2-5E572A3172BD,70312818-CE2A-4105-8CF1-71FB16ABCC3C,2019-12-30 18:40:00.0000000,4,
80619,Dead Wood,Stem,2,2,2,6,,9100A0A2-C114-4267-886A-D50796B53072,2017-08-31 14:49:51.0000000,4,
1158341,Cracks,Stem,3,3,3,9,A1C5FC49-12AA-4A00-A9B7-030608FF4FD3,5B39D284-DEEF-415C-9918-5A612A8AFBE0,2020-03-09 14:13:00.0000000,6,
337009,Dead Wood,Branches,1,4,1,6,412AC9F6-4EAE-4F4C-8D8A-1B817535BBD4,5CB8FB19-D247-49EF-848A-DC45E9D302DD,2018-10-17 11:21:38.0000000,5,492D9193-3F20-422C-8379-9B290A7F8D6F
1886025,Decay,Stem,4,2,3,9,,B6E7D86C-57ED-4DF5-A0E9-761EBC81C169,2020-07-12 16:36:00.0000000,6,
1022529,Decay,Stem,2,3,3,8,3A85CAD0-0CBD-44D0-8FA7-88F5C2DA2656,CD55C020-E51E-44A1-AEEF-0409788B5AD9,2020-02-07 17:01:00.0000000,5,
4639664,Dead Wood,Branches,2,2,2,6,B9361B26-FC64-4EE3-B273-2C76E32446A5,6A1D3F7E-5355-4027-83FF-0327D759BC8A,2021-08-17 22:12:07.0000000,4,1CCD3CE3-FF34-408B-B64A-3F706B4CEE25
1727,Cracks,Stem,2,3,2,7,4D3AEC0A-BD1E-439C-BF79-232FDC4ADF3F,8E928779-EE5A-458E-A38E-2BDE570B0321,2015-11-19 10:41:26.0000000,5,
1803177,Dead Wood,Branches,2,3,3,8,,3072FFEF-BC47-4A7A-8CBA-5448302EA782,2020-07-01 16:01:00.0000000,5,
3733506,Decay,Branches,2,2,3,7,8343BA18-28CC-4987-92AB-90ED1A637B1E,7C77B7F9-0621-4768-886C-7635FE5A484D,2021-04-29 16:51:49.0000000,4,
556247,Decay,Branches,1,1,2,4,701E61A3-C53D-4496-BE6A-CE07F9765051,AB196E30-D10E-4757-B7BB-0BF74ED61851,2019-08-26 11:43:16.0000000,2,
931818,Dead Wood,Branches,2,3,3,8,,E9EE4C58-701A-4F70-823F-05193EA9995E,2020-01-16 19:13:00.0000000,5,
74419,Dead Wood,Roots,3,2,2,7,FFE715C4-DC81-46BE-B717-CB15C3B392A2,5FC5BA56-4A90-4AFE-A54F-AEE1E813EE04,2017-08-09 11:10:00.0000000,5,
816942,Dead Wood,Branches,2,1,1,4,,23B034AC-F318-4BA3-80ED-99D6C27AD037,2019-12-24 15:45:00.0000000,3,
222485,Decay,Branches,2,2,3,7,BFE9F2E0-B1A1-486E-B193-0AA6DAB1C5AE,B4588F1A-51DA-4B6F-A888-209AC4DA6110,2018-04-20 11:45:27.0000000,4,
3357649,Decay,Stem,1,4,1,6,6F4ADB68-9D57-4E4D-87C2-9DD5FE8060B7,8252EFA5-96F7-4688-9B9E-8B8449B166C5,2021-02-03 18:06:00.0000000,5,
2663925,Decay,Branches,1,2,3,6,2EA6A6DD-80E6-4D39-BAB0-E46989D30585,B2CA95FA-7B35-47F0-B454-612DC263A8DE,2020-09-17 15:48:25.0000000,3,
3944380,Decay,Stem,1,2,3,6,F93217CC-7166-4A8A-930A-E465F06732F7,890771C5-A945-43E3-A6BD-D10AB88840BA,2021-06-02 15:05:30.0000000,3,
704253,Poor Tree Architecture,Branches,2,1,3,6,,794E815C-22CF-4F69-BC62-8E8583039C08,2019-11-26 19:34:00.0000000,3,
400564,Decay,Stem,2,2,2,6,CC621B06-341B-4CFF-AC68-DC9CADDB13DB,91D0EABC-BAB1-4484-B5FD-5209B0BB692F,2019-10-02 13:28:58.0000000,4,
9699,Decay,Stem,3,3,3,9,378D03C4-C841-49E5-8B32-78D78A6789B2,6C5C68CA-15BA-4811-A2AC-E6FF8A309B17,2016-07-07 11:45:47.0000000,6,
2092030,Cracks,Stem,2,1,2,5,,6EB5D488-6740-49C3-95CA-210084FF012D,2020-08-05 18:47:15.0000000,3,
177659,Decay,Branches,3,2,1,6,19ACD71E-6B6D-4F7B-8ACB-0DF108CFAEA3,39F8E949-512C-4AE8-87AF-B27BE2828345,2018-03-04 05:23:05.0000000,5,
40894,Decay,Stem,4,4,4,12,,A11BA884-B8AE-4382-94C3-148C8F2B4342,2017-02-08 15:15:37.0000000,8,
448055,Decay,Stem,1,2,2,5,28032FA2-C841-4B2F-8BF1-7A9F8B7EF346,B5135709-EF69-4B32-998D-6BBB4DE77640,2019-05-14 11:36:48.0000000,3,
3461473,Cracks,Branches,4,3,2,9,,D731BD3A-8302-4AEC-9DE1-D15920FBACBF,2021-03-05 14:15:03.0000000,7,
854171,Cracks,,2,3,2,7,D24C7769-FA6D-4689-8948-209D765C33E5,67F8E717-16AA-4EE0-A658-A5AE2F82AB8D,2020-01-03 14:17:00.0000000,5,
3418725,Decay,Stem,2,2,4,8,E9147D7A-1212-407F-B4F6-5207C89D1978,6F029BE7-8AF9-411B-86C7-4033C108AB80,2021-02-23 16:55:56.0000000,4,
4677191,Cankers,Branches,2,2,4,8,FC710BF5-4E5E-48B1-A1D0-0ABDF61F128E,FF550FA7-6BCE-4070-9747-575558A90055,2021-08-20 16:31:46.0000000,4,
222860,Dead Wood,Branches,4,3,4,11,,C8443BBE-ABC4-4C2E-A53B-1B3B5B675ED2,2018-04-19 09:56:50.0000000,7,
568756,Decay,Stem,2,2,3,7,F5854858-7C0C-4992-B6A7-53F0BC272D02,B63F5076-FA15-479E-823D-380ABD3BB75D,2019-09-09 14:13:06.0000000,4,
49945,Dead Wood,Stem,2,1,2,5,20E45FF3-B09C-4FE1-B3ED-993BF4029BE1,A321A816-A4FC-4D28-A3A7-2189BC7815D9,2017-04-19 09:34:18.0000000,3,
934775,Decay,Stem,2,2,2,6,338BC033-A99E-4D59-8BC1-83918B8E0155,7A2CD911-6145-4839-B839-0B4B722BFFE8,2020-01-17 16:21:00.0000000,4,
662759,Decay,Stem,2,3,2,7,8865B69D-C93E-464B-A4A0-207A7B8392D2,C4E28790-18DA-4D80-8242-C9FEBE428CA5,2019-11-14 13:53:00.0000000,5,
222843,Decay,Stem,4,4,4,12,94C2C3EA-0D27-4968-AA45-C5E7B68C9B6C,F1AD400B-2A63-440A-AE14-9BF920920824,2018-04-19 10:31:32.0000000,8,
61750,Decay,Stem,3,3,3,9,22843BD4-E7CA-4CE1-B156-548669D2AA53,B973EBC1-C0FC-4709-93B0-8776A7C545C8,2017-06-12 10:07:43.0000000,6,
50512,Dead Wood,Stem,2,1,2,5,8D027261-EB42-41FD-B4A4-A6227337EE2A,C914671E-5180-41EE-A05B-377B32389981,2017-04-20 09:58:04.0000000,3,
805687,Decay,Stem,2,2,2,6,,5FB1539C-65AA-4CDD-ABDA-8AB350BAB5D5,2019-12-20 15:58:00.0000000,4,
2749481,Decay,Roots,1,3,2,6,E4414B55-821F-4DA5-A6B1-6B55DA2311CB,43A60733-0ACB-4D22-8162-7FF44BD37346,2020-10-05 16:59:14.0000000,4,
591378,Decay,Branches,1,2,2,5,CEE82165-C590-4F1B-82E0-8F0046BDAEA1,32AA518D-F98D-4C0A-B3AC-B8E225A535B2,2019-09-23 12:05:06.0000000,3,
1190558,Decay,Stem,2,2,2,6,,625A0841-C348-4187-868E-ED6CF431C831,2020-03-11 18:26:00.0000000,4,
3751803,Decay,Branches,2,3,2,7,14EEBF2A-38A7-4C58-A11F-DBF15D25030C,67BBB4F8-AD31-4474-875E-F8F0E1BA0F35,2021-05-01 12:10:41.0000000,5,
7578,Dead Wood,Branches,3,3,3,9,8D9213D7-0CEE-4E71-AD59-C535C0A339C9,5684F61E-8ABC-4AFC-ACDC-286C0A5F4417,2016-06-21 12:06:02.0000000,6,
4677729,Dead Wood,Stem,3,2,2,7,1A70624B-1887-4833-9AEF-6D5A7E2FAD64,99284D53-969B-4125-9895-BCE440C49DFA,2021-08-20 18:03:56.0000000,5,
3262713,Decay,Branches,2,2,3,7,31E5A767-CFC2-4861-BDF4-31D578E8833B,5370B0A4-B0D3-4F3F-B1FD-2C6E8576A0B9,2021-01-12 15:40:02.0000000,4,
912611,Dead Wood,Branches,2,2,1,5,,D801038F-8092-48B4-9AF3-35A1D4BE440F,2020-01-13 18:15:00.0000000,4,
868641,Dead Wood,Branches,1,1,1,3,,19E5F5F1-373C-4E3C-B581-CB1D4237475F,2020-01-06 17:56:00.0000000,2,
1123674,Decay,Stem,2,2,3,7,FB43D4DD-9D19-4653-B0F8-9C0696F226CE,3EAAD3CD-5DD0-4A7B-BB71-570E530539AC,2020-03-02 16:54:00.0000000,4,
537833,Decay,Branches,1,3,2,6,F87C3D32-15CE-481A-AF23-1EAACC52ABCC,A0EE4A8A-193C-47EB-8C6B-80F02BAE89AD,2019-08-09 15:34:42.0000000,4,
50449,Dead Wood,Roots,4,2,2,8,300D785F-9B18-4D34-9E73-62AE062B72F4,B6F0D5A3-5A80-4568-ADC5-A9BE4D19A676,2017-04-18 11:22:01.0000000,6,
74737,Dead Wood,Stem,2,1,2,5,,1A172EAC-FDD0-4B0A-B59C-4109BEAE6920,2017-08-08 07:50:23.0000000,3,
244154,Dead Wood,Roots,2,2,3,7,08064266-5DFB-4441-9B79-A7B718AF9FA4,89DC1974-DF85-46C9-BBEA-D296ACCB2ACE,2018-05-25 11:28:57.0000000,4,
133443,Dead Wood,Branches,3,4,3,10,,EDB347F3-2AB5-4952-8029-4BB1B1FD58D9,2017-12-06 12:59:16.0000000,7,
486724,Decay,Stem,2,2,3,7,0F70F2A0-9353-4D63-8AFC-746D97B87E8F,21584CA5-8B02-40FB-B21B-1642F34A749E,2019-06-19 15:20:34.0000000,4,
886932,Decay,Stem,1,2,3,6,1E9CA98D-7C3D-4B2B-AB70-85BCB09DBC1D,C37EA769-4309-4B04-AD13-26D3DC4E2796,2020-01-09 15:54:00.0000000,3,
71654,Decay,Stem,1,4,4,9,FCA8E242-0A2F-4CC4-806A-449F099F8EB6,E7CD622C-029B-419D-8156-F487DC9E0AFD,2017-07-25 11:07:20.0000000,5,
442439,Cankers,Branches,2,1,2,5,31DF575C-027F-41F0-B5DE-1264A62CAF82,7B940E39-C2B2-4C7E-BA86-249BB83DF897,2019-05-07 14:13:08.0000000,3,
245528,Decay,Stem,3,2,3,8,67D200F6-93C0-468F-A1B0-F5AF55376DD2,99D5C9F4-B98E-4603-B1F4-AF7CFCD08602,2018-06-04 15:41:40.0000000,5,
686838,Decay,Branches,2,2,4,8,99BBD3D9-F7D7-4FA4-897B-8001011F9FBF,27CA4239-DA18-48BE-BFBF-D9980F6E164C,2019-11-21 19:11:00.0000000,4,
839149,Dead Wood,Branches,3,1,3,7,,9D847435-F4E5-49EA-B29A-FE9B053F429C,2019-12-31 16:43:00.0000000,4,
1158699,Decay,Branches,2,2,2,6,7EF5D966-DBFF-4BA4-8588-3E3229E257A8,B33B7357-7F32-4DEC-8992-ABFBE7EADDD1,2020-03-09 13:13:00.0000000,4,
1856708,Decay,Root Flare,1,2,4,7,92D94B97-DB7C-44F8-BE48-78AD10916922,7BB47DD7-12F6-40A4-9F86-D04AF46712CD,2020-07-09 14:49:28.0000000,3,
4573908,Decay,Root Flare,1,3,3,7,EF5E08D6-9D8A-4E66-88F4-6B1CD7A1B948,051516E5-8D98-4E35-8590-3B97E483959D,2021-08-09 14:10:12.0000000,4,
515752,Dead Wood,Stem,2,2,3,7,65C3E5B5-98C0-49C3-9E1B-828967FD4860,4B3CF17E-96EC-4AD6-85B4-ACF8A91C9D81,2019-07-22 09:11:40.0000000,4,
4226495,Decay,Stem,4,2,2,8,D1B7F487-4E9B-4A8F-A6F8-08A909B62B40,F7D00C60-1872-4E13-84B1-060F28B8DF92,2021-07-07 16:05:41.0000000,6,
6665,Decay,Branches,3,3,3,9,74CEC6A2-EFF2-426B-81FF-42341580BF6A,B5EB4D1B-E280-416A-837F-A8CE9AC6646F,2016-04-11 12:44:43.0000000,6,
654773,Cankers,Branches,2,4,2,8,25FC3047-FA0B-4A0B-8538-04B44EF54FD0,75AC4B08-740C-4C2C-B011-01263316107A,2019-11-11 15:30:00.0000000,6,
2945648,Root Problems,Root Flare,2,4,3,9,,CF07BB7A-EA45-4900-B86D-97DF8AD7DFC9,2020-11-12 16:38:47.0000000,6,
2781389,Dead Wood,Stem,3,2,2,7,,E6375A0D-799B-4381-ACA4-6CD1F3C0B7C7,2020-10-13 12:24:00.0000000,5,
582187,Decay,Stem,1,2,3,6,1C0CDD5C-44BF-4C58-B7BD-1C1A91EA941B,8B8F9C28-BE1B-4442-BBB7-0816B9593BD5,2019-09-18 12:49:23.0000000,3,
1847720,Decay,Stem,1,2,3,6,B6922CD5-BB24-4349-BE02-0B66C13AA932,FC40F235-484C-4111-8A04-1E265C9CBF29,2020-07-08 20:37:54.0000000,3,
9937,Dead Wood,Branches,3,3,3,9,8D635EBC-4EFB-4545-B6E3-B14A0912AA0F,77D4B94F-E01C-490B-8218-91CDE6A8C15D,2016-06-28 12:15:57.0000000,6,
2027691,Decay,Stem,2,4,2,8,6B174A75-9389-494F-B7BF-470AAD84C08F,240EAAB1-98C5-44CC-A585-FAFED195DE51,2020-07-31 12:57:00.0000000,6,
346484,Dead Wood,Branches,2,1,1,4,,EEEDEAB2-3341-43E9-902A-B34A8462F678,2018-11-02 11:27:44.0000000,3,
130947,Decay,Stem,2,3,4,9,7149ACA5-4D88-469E-93D8-A6471F35AED1,BC7A2F3A-EB48-4EB5-8863-D3555E51C10F,2017-12-02 13:38:01.0000000,5,
2742909,Decay,Branches,1,4,2,7,FC4BF1B0-C3FB-4FB7-A362-82BD213D32E1,E31176E2-B58F-495C-862C-2D3436C234A8,2020-10-03 16:44:06.0000000,5,
561729,Decay,Stem,2,3,2,7,2CD15305-9EDB-4010-85C9-4B4614FA2DF0,EAB1593F-EE53-4C22-B641-0A06A1892315,2019-09-04 11:05:04.0000000,5,
375223,Decay,Branches,2,2,2,6,03AFF0F2-15F4-4FEE-A620-E487A9E2E93C,94F0164A-0378-478D-9A91-F5CF9F4F326D,2018-12-11 13:50:19.0000000,4,
3070574,Dead Wood,Branches,3,3,4,10,,68F35857-EBB4-4B78-930A-C80E48B25009,2020-12-10 13:40:00.0000000,6,
430039,Decay,Branches,2,2,1,5,C467670F-76C2-4748-90D6-A94A0FE052CE,4F4720DD-1B23-4728-A9BA-E67D34024D95,2019-04-17 09:22:01.0000000,4,
1020623,Decay,Stem,1,2,3,6,10FF09C2-F4E4-4E52-AA1B-A177795702C5,6D252F49-FF2F-4067-8626-B968215B296B,2020-02-06 18:11:00.0000000,3,
816470,Decay,Branches,2,2,2,6,E7081936-70B8-415B-9B0E-B6BAD2248FC6,050AB5BB-CDBE-45CA-B99E-D76F0E257D87,2019-12-24 00:56:00.0000000,4,
753934,Dead Wood,Branches,1,1,1,3,,B2502455-B854-484C-B688-29155934904C,2019-12-10 16:11:00.0000000,2,
160748,Decay,Branches,1,2,3,6,30EA0B54-0E3C-4247-A397-86B88A1BD1FF,A40BE95B-5378-40EC-A3CD-DE1D26262E7F,2018-02-09 14:25:03.0000000,3,
31912,Dead Wood,Stem,2,3,4,9,574619AB-02A8-455A-8B85-1706A801A3AF,B7758F5B-B602-46F3-A009-381F1366C6FD,2016-11-16 10:59:07.0000000,5,
223536,Decay,Root Flare,1,2,3,6,07CE1916-C744-4D09-B114-4873179C7EF9,A4533497-2842-4F23-A233-1CD3DEFD3C2A,2018-04-26 12:01:40.0000000,3,
459445,Cankers,Branches,1,3,2,6,2901CB28-001C-4BD9-8D5B-B37EA35ADF4A,B076F2FA-F90F-41C8-A7FF-C3CD2E32A3C3,2019-05-29 13:08:03.0000000,4,
53844,Dead Wood,Stem,2,4,3,9,8C541CE0-896D-413D-B947-7A97A1622DB9,4FC4E5BA-E9FA-475B-A1E3-D7B975E173E1,2017-05-04 10:12:24.0000000,6,
2098070,Cracks,Stem,2,2,2,6,AEB0FB7D-5A1D-4D15-9C36-F374FCC66972,C2D2CEFC-ED75-401B-8C85-C9398AFF6B06,2020-08-05 22:16:23.0000000,4,
478068,Decay,Branches,1,3,2,6,35A63445-27CD-4082-ABB2-435E2A88D11E,B2E0E9F4-8983-4DE5-AB55-639ED762DA31,2019-06-11 13:18:04.0000000,4,
2707157,Cracks,Branches,3,2,4,9,FC94F37B-8A3F-443B-B550-588B52D3885A,F9AEE626-3148-4721-A3A4-0AE4CB18D0C5,2020-09-25 22:34:22.0000000,5,
634315,No Visible Defect,Entire Tree,1,1,1,3,,DD142B55-EC3B-49F2-86E8-4DDC02450E00,2019-11-01 20:19:00.0000000,2,
1329888,Decay,Stem,1,2,2,5,89DEC570-0E1B-489E-B578-17FD97B85F60,E3F8350A-1387-4E7D-A399-423B2ADDAC68,2020-04-03 18:03:00.0000000,3,
957572,Poor Tree Architecture,Stem,2,4,4,10,,C4B4FA85-0948-4957-837C-C34888DDA0F1,2020-01-23 14:45:00.0000000,6,
1072883,Decay,Branches,2,1,1,4,CE834DDB-35B2-4DDC-82D4-FC6CAD074DA1,D596365E-9277-4983-BDCA-669D12DB509B,2020-02-19 17:11:00.0000000,3,
2079533,Decay,Branches,3,2,3,8,005A70F9-8BFB-4E7D-AF3A-BD697F51527A,8938B70B-C395-4B6E-B46E-BA63F9157726,2020-08-05 15:10:26.0000000,5,
519694,Dead Wood,Stem,4,3,4,11,4A35E81F-9BF4-4A13-B379-0D2F9DCA141C,FF03E8B7-C6D5-4E76-883E-6C517C4F544C,2019-07-25 08:31:13.0000000,7,
2090021,Cracks,Branches,3,2,2,7,F0DED13B-DF0F-44D4-B71E-3D059453D59A,2C3DFCC5-4011-4E82-8B14-DA630EDB9451,2020-08-05 17:10:07.0000000,5,
839138,Dead Wood,Branches,1,2,2,5,,91F51D94-B40B-41B8-9DF6-0007D1053B1C,2019-12-31 16:18:00.0000000,3,
662499,Dead Wood,Branches,1,1,1,3,,3501710A-A892-4045-BF09-3FD62DA13E19,2019-11-14 17:15:00.0000000,2,
40989,Cankers,Branches,1,1,1,3,C5167394-A13E-437B-8F1C-38A11A949AD2,76492F0E-1812-425A-AAB2-43792E6E06C1,2017-02-10 12:19:44.0000000,2,
5818,Dead Wood,Branches,3,2,2,7,878EEF17-A8F1-4A3B-89B8-D4387A41F55C,82C834E8-23DB-4D0C-A40C-D07B0B815D40,2016-04-04 15:09:23.0000000,5,
14600,Decay,Stem,2,2,1,5,776C583A-F9B1-45EA-8D02-39175EF75B06,F3EF80A4-B871-4358-A300-3E91B5F1951E,2016-08-03 07:38:57.0000000,4,
70976,Cankers,Branches,3,4,3,10,7F747CA4-579A-4980-AB50-E4FC2D4ACB69,807EEF43-8F82-4092-925A-59D7EE65E41F,2017-07-25 13:21:37.0000000,7,
2062533,Dead Wood,Stem,4,3,3,10,,6AF115B3-7A6C-478F-8285-CC8021D08B08,2020-08-04 23:43:00.0000000,7,
2123194,Dead Wood,Stem,4,4,4,12,DBEBAEF7-F36C-4B33-85EC-04D1DC499459,0F832139-908E-4839-B0E7-9A41E0F0F954,2020-08-06 21:15:00.0000000,8,
2659815,Cankers,Stem,1,2,2,5,BBF904B6-F926-44E9-AB92-A6A2FD420E6E,B96E2568-49AE-4926-89A5-21240D7221A1,2020-09-16 18:01:28.0000000,3,
936928,Dead Wood,Branches,2,2,2,6,,59D9FA5D-0CC1-4438-8210-7B5E576D328E,2020-01-17 19:58:00.0000000,4,
691278,Dead Wood,Branches,3,2,3,8,,33701723-8A81-4A47-AFA5-28D3A40F98D9,2019-11-22 17:50:00.0000000,5,
460530,Cankers,Stem,1,1,2,4,64BE273F-0D14-4E28-9644-DFB1AFB174A8,CCD87FB8-7231-4FBB-8DD7-69DC003D6146,2019-05-24 13:20:17.0000000,2,
2907483,Cracks,Branches,2,2,4,8,E80C6303-BDC8-4072-A802-8A91DD33A511,52670DEA-E259-424E-9A0C-BB3FE102D2EA,2020-11-03 00:35:10.0000000,4,
569701,Decay,Branches,2,4,3,9,8BA1F69C-0F8C-4CBE-84A5-D075E9EA347B,3DD980BB-5AA7-4756-B7DD-41D5AB6EC9A8,2019-09-05 09:13:14.0000000,6,
39117,Decay,Stem,2,2,2,6,,CD795129-6ABC-43C3-AB04-B51102DA9C0B,2017-02-06 12:29:42.0000000,4,
317459,Decay,Stem,2,3,4,9,F43B6BE0-92C7-4F57-8968-5FAC213A37E3,931E9029-0F23-4437-ABCE-6ECB072A4906,2018-09-21 11:54:04.0000000,5,
2907566,Decay,Root Flare,1,2,4,7,47C5A7FF-A5ED-4FF9-A909-9F39200F0470,A82DAAAD-EE1E-4026-8DCB-448879CA9172,2020-11-03 04:59:45.0000000,3,
497158,Decay,Branches,2,1,3,6,6B3CEAE3-2EDD-460B-AE06-997B469FB033,45BC1A62-11FD-4DA1-85C7-6DA2CFB0643E,2019-07-03 15:08:26.0000000,3,
846274,Dead Wood,Stem,3,2,1,6,D7A9AF61-A0DE-443A-A6DF-E86FC3394021,C1B6F9D8-9232-4F18-B29D-5262F07A4040,2020-01-02 16:31:00.0000000,5,
429378,Decay,Root Flare,2,3,4,9,,46FA0D46-9647-4A70-8C82-57D1789172D1,2019-10-16 16:05:00.0000000,5,
7152,Cracks,Stem,2,3,3,8,932095D0-0760-407B-827D-3B4C39848D3A,C7AE16F2-AEE2-4B05-AC1B-416EAFF960FA,2016-05-17 11:29:09.0000000,5,
17889,Dead Wood,Stem,1,4,4,9,27E9B9FC-99EC-4BC9-ADFA-E56CBAD856E1,84907450-DA81-44F2-9532-B047AFD3AEE7,2016-09-19 14:05:30.0000000,5,
435246,Dead Wood,Roots,1,1,1,3,10C97DCA-10E8-43DB-83DA-0E719FF1876B,018153D5-842D-4A0B-B699-DBF8725CCEE7,2019-04-29 14:22:38.0000000,2,
106379,Decay,Branches,1,2,3,6,A177B84C-9CAE-4910-84C0-F5D7A4F74437,F102B5ED-C4FB-4E40-857F-7808E24FAA3F,2017-10-26 13:30:58.0000000,3,
1261281,No Visible Defect,Entire Tree,1,1,1,3,,8E1C3991-A408-4362-B19E-DEA5FB574827,2020-03-23 12:31:00.0000000,2,
955929,Decay,Stem,2,2,1,5,6168F765-0DEA-4A6D-89B2-0AB8D3E04531,F6494365-FF4A-4D58-8DD7-19C963E59881,2020-01-22 18:37:00.0000000,4,
1022212,Cankers,Branches,3,3,4,10,,7DBEF2EE-628A-4345-A13F-98FB4728C344,2020-02-09 16:54:00.0000000,6,
723707,Dead Wood,,2,2,2,6,7C3B9D24-3BBB-480C-8675-3AC134B8F48B,D4E94C5C-9EA2-440A-92D1-B019FBDDFF49,2019-12-03 16:20:00.0000000,4,
3464399,Cracks,Branches,1,2,1,4,F41702B2-0F7E-4BAD-B96B-A56A91DFA57A,78B265FC-BACF-4F8B-A5B2-C16B0CE43F51,2021-03-08 17:05:26.0000000,3,
82761,Dead Wood,Branches,2,4,3,9,,8BD8613A-76DA-42E0-8A41-5BDFE1722845,2017-09-14 10:01:13.0000000,6,
288949,Decay,Stem,3,2,3,8,944EC046-E96A-42CA-8FFD-AD0C33F7B6CE,9E9116AA-C357-4A12-8C0D-FB75B41868B9,2018-08-03 14:47:14.0000000,5,
6425,Dead Wood,Branches,2,1,1,4,E3E322B3-3AD4-4CB2-9DCF-61453CE1427B,5ECAEF1F-B5E7-4EC9-A8CF-CF6AC73F0054,2016-05-26 14:03:32.0000000,3,
447071,Decay,Branches,1,3,1,5,E4449FB2-741B-4BA3-8BBC-2BD202CD9218,E59FF744-CD24-4E41-9E17-ADB0FF1AECBC,2019-05-10 09:53:56.0000000,4,
4479542,Cracks,Stem,2,3,3,8,D4843AFA-CF49-414D-9A40-29FF48520FEF,F11832F7-FECF-4FB4-B19E-D4E1FA9625CA,2021-08-02 15:55:27.0000000,5,
476975,Decay,Root Flare,1,4,3,8,FBF15D09-50C2-4FF2-AFE7-0D6FF36FD005,B163B712-9CD1-43DD-BE2E-D59AC7CEC945,2019-06-12 09:34:02.0000000,5,
2604361,Decay,Stem,2,2,3,7,F760575E-2EA8-4F65-8A51-9A815F7AFFF5,5EFFE7C6-A2C5-45C7-81DD-7341A42279E8,2020-09-10 16:12:00.0000000,4,
3136571,Decay,Stem,1,2,2,5,D19E4FEC-C7C7-4FA6-93D6-F908F3A07C0E,06B10E0F-8AEB-4488-BDE0-324C09DABE13,2020-12-22 19:08:23.0000000,3,
41012,Dead Wood,Stem,4,4,4,12,,B5015122-72C5-4A73-AD50-236BCABF962B,2017-02-10 14:56:13.0000000,8,
31234,Decay,Stem,1,4,4,9,1A9077FA-3D68-4817-A3D7-F7A6BDD5828F,A7FAFE96-EDB1-4260-95A4-D2C9E38F4406,2016-11-23 09:25:12.0000000,5,
447360,Decay,Root Flare,1,4,2,7,F64D31F3-8EE9-4110-9D18-722C0DB75F76,355E705F-CF32-49B9-B8BA-29C0952F05D4,2019-05-09 16:09:21.0000000,5,
358936,Dead Wood,Roots,1,2,3,6,6089660D-DA7B-4EA3-AE18-C79D70E72CA8,409D2F69-7C59-4716-B726-9F584DD1AECD,2018-11-18 09:50:24.0000000,3,
4857446,Poor Tree Architecture,Branches,2,2,2,6,58C3AE70-C0B7-4E05-B4DA-51CB0CD0493F,FAC45314-5454-4F9D-A222-8DEF13FB897E,2021-09-02 19:59:58.0000000,4,
187730,Decay,Branches,4,3,3,10,,B428776A-43E6-4A1A-A5C8-5B64EDD1C8A7,2018-03-08 16:49:11.0000000,7,
1134051,Cankers,Branches,1,1,2,4,DED66932-C2F7-483D-80EB-50C0737158D6,382E0A99-B9C7-45D1-930B-985A2A1266FA,2020-03-03 17:22:00.0000000,2,
871673,No Visible Defect,Entire Tree,2,2,2,6,,70488C09-36B8-469F-BF82-CC4CA549D90A,2020-01-07 14:35:00.0000000,4,
106362,Decay,Branches,1,3,3,7,E2287DD3-4222-4C51-852A-3ADCBD4A2AD4,1FAA3BD5-7B94-4DF0-B40F-4ED049F4E37E,2017-10-26 11:26:55.0000000,4,
8741,Decay,Stem,3,3,2,8,E5D00C25-A883-4B53-B8AA-34C1DB21D914,945B1D80-648F-43D7-99DE-919F807F5387,2016-06-20 09:53:43.0000000,6,
430174,Decay,Branches,1,2,2,5,516F391B-52D0-4A35-B851-E3C45940F7A0,A412F2DE-D660-4272-B060-3D5638E7665B,2019-04-19 09:41:39.0000000,3,
662070,Decay,Stem,2,2,2,6,454F6639-9880-4A30-B64F-6B9063E72955,F8FB6ED1-BDD9-4D76-832B-17DC316554AE,2019-11-14 16:36:00.0000000,4,
999261,Decay,Branches,2,1,2,5,A773345E-F358-4964-B038-CB1A64407B8A,2D26B50D-8ED1-4172-AE2F-93645AC79FBA,2020-01-31 13:56:00.0000000,3,
486470,Decay,Roots,4,4,3,11,E5A72629-DE2F-46CE-84E9-CF7E86892AA2,27B7BA65-8832-43C7-AE50-9AD47233F108,2019-06-24 13:20:08.0000000,8,
1199524,Decay,Stem,2,2,2,6,,04AB1F70-7206-4991-A6FB-6BE89232AAA7,2020-03-12 19:06:00.0000000,4,
480808,Decay,Stem,2,3,3,8,FDF5609E-A9AB-4A87-8076-FD4CCA5A5A56,53A19A6A-5A4F-4DF9-B743-5AD1295116BE,2019-06-17 12:29:31.0000000,5,
929735,Decay,Stem,1,2,3,6,,04738AE8-8480-4E73-BCB5-17A61D2E2743,2020-01-16 16:51:00.0000000,3,
82389,Decay,Stem,3,4,4,11,8D6F0D45-8098-41AB-9E77-D185D4D85EE0,2417F11C-2860-47DE-A5E3-C9361E10E8C3,2017-09-12 12:45:31.0000000,7,
64742,Dead Wood,Stem,1,2,2,5,B3B78FC9-0B25-414B-8426-DCB53448AF8F,C02CB0EC-56ED-4785-AC50-9D0D5F1604E2,2017-06-21 10:50:16.0000000,3,
559036,Decay,Stem,2,1,3,6,4C5A6C40-87BC-41DC-A3C3-8A053AABA43F,C9E215F9-D2D5-4113-8D89-CED5BCBD62CF,2019-08-27 14:22:52.0000000,3,
2065370,Decay,Root Flare,1,2,4,7,35D8033E-CF2D-48FF-8916-B5B439C024ED,13E58E5F-3520-49FA-A4AF-BD0943A38204,2020-08-04 23:40:50.0000000,3,
53859,Decay,Stem,2,2,3,7,B4692F88-C6C9-457F-9ABA-83E01C920F39,0863BD79-3FEB-43A9-8F6D-3D23ABF75E66,2017-05-04 12:27:03.0000000,4,
1004797,Decay,Stem,2,2,4,8,652250CE-4D7F-4FA9-88D2-E6A24C39CA27,BA011DD8-091C-4712-99EE-B4365D0C7FB8,2020-02-03 15:41:00.0000000,4,
36312,Dead Wood,Stem,3,1,1,5,1F863CE5-6C47-4E7B-A8C8-6DDE9BDFBE43,E0ED6373-6F15-4B04-9595-F68371477BA4,2016-12-13 11:42:08.0000000,4,
555226,Decay,Roots,2,2,3,7,DA9BAABD-B442-4670-848C-64094CCFACA8,1B6B58FF-A8A9-42FB-B5C9-0CECB1AF9564,2019-08-23 09:50:11.0000000,4,
724042,No Visible Defect,Entire Tree,1,1,1,3,,7A1BB805-E399-4E6B-8E26-5C21692CE12C,2019-12-03 13:52:00.0000000,2,
7095,Decay,Stem,2,3,3,8,794D1CD9-84C5-419E-9920-8A446B96E4D8,230FC25C-31BD-4363-91D4-FF4129CD903B,2016-05-05 11:35:13.0000000,5,
3874477,Decay,Stem,1,4,1,6,475C8A22-7534-451A-9D3D-C60F71EA7FAB,7D788582-E847-48C5-8C7C-EA7BB802D31F,2021-05-21 16:22:49.0000000,5,
4801734,Decay,Stem,1,2,3,6,95059087-6194-443A-9109-59B9CC68759E,DFFE7F6E-463A-4438-8606-AF321F45E045,2021-08-31 14:28:35.0000000,3,
4828166,Decay,Branches,2,2,4,8,CCB07581-5677-47D4-9C88-D9673F494B11,02E83B1D-4E09-465A-879E-6022C9AA36A9,2021-09-01 16:54:07.0000000,4,FA1C094D-BCCD-4456-98F4-F1F0229233FE
6657,Decay,Stem,2,4,3,9,86153028-4FCB-41CA-9285-D76FF5BDC2DD,D681C657-0532-4E1D-9ABE-C1E0E57267D1,2016-04-09 11:40:55.0000000,6,
9677,Decay,Stem,3,3,4,10,6408F6F1-2686-4DB8-B042-BF56607E72ED,8BEBF27D-16C7-448A-8C25-9AED5C75D515,2016-07-06 16:14:55.0000000,6,
896522,Poor Tree Architecture,Branches,2,3,2,7,,8D31CF88-6DCB-4AEF-B515-F028A057A45F,2020-01-10 14:25:00.0000000,5,
928341,Decay,Stem,1,3,2,6,,86ACABF7-0014-49DF-9474-13643964275D,2020-01-15 19:18:00.0000000,4,
1129119,Cankers,Branches,2,4,2,8,7C2F3D07-8DAD-4354-89A8-91B209CC2D53,76923100-1A19-4108-98CD-ED3CB3B4829D,2020-03-03 14:19:00.0000000,6,
912652,No Visible Defect,Entire Tree,1,1,1,3,,690BF2E3-9EAA-4E8F-958D-BFF455F577D4,2020-01-13 19:06:00.0000000,2,
924932,Decay,Stem,1,2,3,6,,6217F30F-CC37-4AFE-BD69-CBF5F87CA9FE,2020-01-15 13:55:00.0000000,3,
255911,Decay,Stem,1,1,3,5,403F38A2-AF4A-4FB5-9ED4-9830217729E1,20CD74A1-598A-40D6-82F3-9A7E7EBC2924,2018-06-14 09:57:36.0000000,2,
41668,Dead Wood,Branches,2,3,3,8,,7CEB8FEE-AE0F-472B-A0BD-C651474E1B5A,2017-02-15 08:19:15.0000000,5,
2063730,Decay,Branches,2,2,3,7,8279AF05-8D90-4659-8A3C-03443FC0374E,8627FFB2-E5C6-4619-A8BD-E4EC7314BA14,2020-08-04 20:54:31.0000000,4,
425185,Decay,Branches,2,3,3,8,F89D9FA6-7C20-4A3A-9A5C-468D36853040,41CCD54C-12FE-4B2D-A0A6-EDB3C69E4CA8,2019-04-15 14:27:54.0000000,5,
1806009,Decay,Stem,2,2,3,7,0789E93A-ED5C-4E8E-9D82-3B05E9773252,E52AA24D-0C52-46DC-9C4F-269743B288C8,2020-07-01 19:40:05.0000000,4,
16736,Cracks,Stem,3,3,3,9,6BF04AB5-A5B8-4394-B8F3-009435ABF090,BAE4DD10-AA22-45C2-9EF8-A4FA8E6EFA14,2016-08-26 14:38:26.0000000,6,
4705221,Dead Wood,Roots,1,1,1,3,181C3C5E-04FA-4D79-A815-26988E7983E2,A406FB46-E94E-4C39-9423-ED0F7C7AEF03,2021-08-24 14:53:27.0000000,2,
283694,Root Problems,Root Flare,4,4,4,12,,FC36368E-94EE-469E-BFB1-F191F9161CD1,2018-07-31 09:06:16.0000000,8,
1831422,Decay,Root Flare,1,4,3,8,6CA6DAC0-3BC2-4753-8F67-E6BB1BC7020E,A108A5A3-04F0-4FF7-9C24-5CBCC6B79DBD,2020-07-07 15:29:31.0000000,5,
4283848,Decay,Stem,1,4,3,8,E593F436-D93C-4EEA-93BA-3F13C8D4167D,F5A2439B-2F30-4E4B-90BE-F3E2674AF76C,2021-07-13 14:40:46.0000000,5,
595186,Decay,Branches,2,3,3,8,D30C7206-B31B-4BA9-B55F-62480129BE15,FB243394-D578-42E7-A0A1-86B077900068,2019-09-26 11:50:19.0000000,5,
480270,Decay,Stem,1,1,3,5,0B09813D-4F7D-490F-8CCC-EC4188CD93C7,026F8A19-84EE-4F8B-A5F6-6479DE8849C4,2019-06-14 13:56:51.0000000,2,
543370,Decay,Branches,1,1,2,4,B92FA241-F867-43C5-B31B-E2687BD5CF85,CEE54BB3-279E-46F3-829B-71A8D8E6B1B4,2019-08-13 10:00:15.0000000,2,
4645350,Decay,Stem,1,2,3,6,9EED6BB4-28CA-4890-8B38-C9F10BA90B58,B8448C6E-D393-4818-A205-C3F43816F38C,2021-08-18 14:03:40.0000000,3,
759405,Poor Tree Architecture,Branches,2,2,2,6,,1A5CDE56-8E02-4A44-B3D8-2088CC15C0EA,2019-12-11 13:38:00.0000000,4,
1253988,Cankers,Stem,2,1,2,5,8D4A1C4C-E6B0-48A5-9558-D52D3D121554,5C9C361E-BCAB-4534-B06C-C346F73F0187,2020-03-20 18:28:00.0000000,3,
1289574,No Visible Defect,Entire Tree,1,1,1,3,,BD3456AE-25E4-4D65-8DF2-2CC37B231158,2020-03-26 20:47:00.0000000,2,
3213577,Decay,Stem,2,3,2,7,361FE116-DE01-4968-B70E-6C6A68BFD80D,690AF15B-3D4C-4985-BE66-2D030197EDD6,2021-01-05 15:44:39.0000000,5,
35213,Dead Wood,Stem,4,2,2,8,6494CA68-EC64-45B0-8AEB-C32A606C8465,799C27A2-6726-4EF8-BBD9-8CC235F332F5,2016-12-12 10:08:46.0000000,6,
548299,Dead Wood,Roots,3,2,2,7,CA2EAA30-C488-445F-89DF-1B7A20270B95,D2798806-7AC1-4AA6-9EA6-4312D54670FD,2019-08-19 07:59:26.0000000,5,
22103,Decay,Stem,3,3,3,9,,13113559-22BC-4911-B06A-A8A534A9E315,2016-10-17 12:54:53.0000000,6,
750122,Dead Wood,Branches,2,1,1,4,,2549644C-B101-42E7-87D9-02C102A1906F,2019-12-09 20:27:00.0000000,3,
80560,Decay,Stem,3,2,2,7,953F0BB2-1F2C-4408-8EB6-65CD560033AF,E6B55692-DC97-40A3-A03A-2B6DF7F1B3B4,2017-08-31 07:14:51.0000000,5,
871238,Dead Wood,Stem,3,3,4,10,,C55F9D4B-4D34-4B08-8209-D70DCBEA00F6,2020-01-07 13:17:00.0000000,6,
311268,No Visible Defect,Entire Tree,1,1,1,3,,18F05069-EB42-4028-9E8A-76ADA9E7EA52,2018-09-20 11:00:59.0000000,2,
3066636,Decay,Stem,1,4,3,8,7A11202D-8C46-44CC-AED9-D1E322C04CD5,C25551E9-EF45-4FAD-A0D4-FA02BED59767,2020-12-09 16:06:22.0000000,5,
2121188,Dead Wood,Stem,1,1,1,3,26726506-D345-4E99-97EC-D80A768773FB,4D1920D4-CDDD-42DD-93F0-91774A131A00,2020-08-06 20:01:33.0000000,2,
4522087,Cankers,Stem,2,3,3,8,7BB71B17-B8AA-47D1-8431-4CDFB0A108B1,D213B1DD-522E-4222-86FE-C24676F2A833,2021-08-04 13:08:51.0000000,5,
58253,Decay,Branches,3,3,3,9,2C742BB1-DDC4-4D6E-90EC-A2A2198CE032,B5EEB14E-3B14-45B4-BCDD-BF58ACF125E6,2017-05-24 15:45:33.0000000,6,
1939491,Decay,Stem,3,2,3,8,071415AD-0444-41B1-AB99-F7D6F0FA1AD8,118640EB-8935-42AC-8AF3-DAD1A3CF12E5,2020-07-21 16:03:16.0000000,5,
912612,Cracks,Stem,1,1,1,3,43FC0B80-81F1-4093-B21D-E9A8E4310FC9,CBD5E1F6-1E20-4FBA-B74D-B865918069D1,2020-01-13 18:16:00.0000000,2,
3270039,Decay,Stem,1,2,4,7,1DABD283-5C5B-4401-B83F-3DD3BB642281,EBD8A717-1A5B-490E-833C-BA64A780E85F,2021-01-14 12:29:52.0000000,3,
922356,Weak Branch Unions,Branches,3,2,2,7,,592E91FD-C412-436A-9570-753A076B6992,2020-01-14 18:05:00.0000000,5,
70513,Decay,Branches,2,3,3,8,C0E096EE-1118-4768-B350-E15DF76C6466,5973D0A0-8CA2-4E21-851D-C25EEEC9D47A,2017-07-21 09:24:58.0000000,5,
1158660,Decay,Stem,2,2,2,6,D992C2F5-460E-45DE-87C2-DB056F13DB51,CA1D50C6-51B5-4B7C-825F-BE884FE2C30B,2020-03-09 12:02:00.0000000,4,
886475,No Visible Defect,Entire Tree,1,1,1,3,,32BDC4D6-8A88-4C93-AAE4-89709BD6ED1F,2020-01-09 13:48:00.0000000,2,
160706,Decay,Stem,2,3,3,8,B7F4D72E-335B-4740-92E0-3C82B9140788,43A2E618-379C-4313-B576-B6B76F6C4E2A,2018-02-09 13:36:46.0000000,5,
2978235,Decay,Stem,1,1,2,4,4966B825-7FB3-4820-89FF-6A7501DC74AB,7A1D96A4-5670-48B4-99F2-3977657197A5,2020-11-18 16:40:00.0000000,2,
2486749,Decay,Stem,2,4,3,9,,BA8B1620-3428-4683-89C0-3115F195B9AD,2020-08-25 22:14:00.0000000,6,
841,Decay,Stem,1,2,2,5,90FEFCDD-3B9B-4FC4-A7EA-E1009927B5AB,3026F7E9-A53C-4A1A-B1FE-80C1383314D3,2015-10-16 14:13:18.0000000,3,
4038619,Cracks,Root Flare,3,2,2,7,1A0D179C-53C9-485D-A4EE-53CBB719A273,B5D063E1-68B2-473C-976D-D20523B98A2F,2021-06-14 17:21:25.0000000,5,
147636,Decay,Stem,2,4,3,9,F595FF7F-8557-4655-A662-B00E620AD7CE,950566A6-FE24-4E84-B142-5314C7EB3875,2018-01-22 12:13:13.0000000,6,
1000767,Decay,Stem,1,2,3,6,838DCF19-368E-4DB1-9301-07590860ECDA,14CABCB9-0617-4A3C-9C16-5DAB8DE3BE23,2020-01-31 14:31:00.0000000,3,
731356,Decay,Branches,1,1,3,5,242F01FD-CB73-41E4-9CBF-63992BD883F8,1A26171E-DB16-49D9-84CD-B6F4551E61D7,2019-12-04 18:05:00.0000000,2,
920733,Dead Wood,Branches,1,1,1,3,,8A2FC0AB-8BB5-40CB-BF63-F13377C8175B,2020-01-14 17:47:00.0000000,2,
1002685,Dead Wood,Branches,2,1,1,4,,51A9686F-CBF9-4CD9-AD8E-B78D62F77AF3,2020-01-31 21:14:00.0000000,3,
509138,Decay,Stem,2,4,1,7,,600A135C-70F6-4712-9E2B-9F95F7881CC0,2019-10-22 13:36:00.0000000,6,
592258,Decay,Branches,2,3,3,8,396286E0-CF3A-4A11-A6C6-D86EC3D654FA,CAAED6C1-D3C3-4A0A-964D-B694DD4A34AC,2019-09-24 17:04:07.0000000,5,
65186,Decay,Stem,3,3,3,9,8EF81ACD-A2F1-4EAC-A51B-C183D361FF01,AF0E9910-4DA5-41F2-8883-B235F2DD6CC9,2017-06-22 09:18:51.0000000,6,
999459,No Visible Defect,Entire Tree,1,1,1,3,,E5B1840D-0800-4723-AD13-EB0DDFA9F4FD,2020-02-06 18:00:00.0000000,2,
3213998,Decay,Root Flare,1,2,4,7,EF5E1F8E-4877-4554-A0C0-0248325A660F,3CC388DC-BA92-4FD9-8CCE-97DECFE9BE64,2021-01-05 16:14:47.0000000,3,
4302746,Decay,Branches,2,2,4,8,549D8560-4044-4756-8209-85EA10645DF1,12E763AB-B289-4DCC-AF80-84AF5CD38C5A,2021-07-15 13:02:00.0000000,4,
503313,Decay,Stem,1,2,3,6,698FF7FB-0447-4959-9C28-AEF2B228A419,74129ACB-0250-4E0B-97B8-6E6097BADAD9,2019-07-16 13:21:15.0000000,3,
262970,Decay,Root Flare,3,3,3,9,E508B274-C9FA-4D3F-99BA-FFE7905597D8,0085DA74-CF9C-477A-8AFC-DE77AE0E05B0,2018-06-23 15:23:40.0000000,6,
934756,No Visible Defect,Entire Tree,1,1,1,3,,4A4022EB-67CF-4FB6-9639-F7A3D358A50A,2020-01-17 15:30:00.0000000,2,
676228,Decay,Root Flare,2,4,1,7,,FBC2980C-A31E-4614-8C2F-0382C214E314,2019-11-19 17:57:00.0000000,6,
464790,Cracks,Branches,3,1,1,5,F58455AD-BD9E-44EF-B680-96F22700DD61,4C2BB13B-FED3-48F8-83C5-D6F4FC6498BC,2019-05-30 12:42:19.0000000,4,
1076419,Decay,Roots,1,2,4,7,18C228D4-F7ED-4A71-9C3F-6823896DD1DF,A5E59ED3-528F-445C-8F6F-C861CF11F39D,2020-02-20 14:41:00.0000000,3,
496429,Decay,Stem,1,3,2,6,008EB64B-D132-4AF2-AE2D-7C4A562871A5,4E750C11-85C2-462A-BD6A-41680F945F1C,2019-07-02 17:52:00.0000000,4,
51913,Dead Wood,Stem,3,1,2,6,,C90DF437-7957-4B5D-B45A-A4A45B5CC25F,2017-04-27 12:27:44.0000000,4,
3860234,Root Problems,Roots,3,3,4,10,,9A376CD1-0B0D-429D-BF74-E73084E32255,2021-05-19 19:15:33.0000000,6,
1407785,Dead Wood,Stem,2,2,3,7,574C4836-7CDC-42FE-AC6F-3A5929FFC31B,0CFAA6D0-B9B7-42C6-8D97-2E8D39AA98B6,2020-04-24 15:56:44.0000000,4,
909206,No Visible Defect,Entire Tree,1,1,1,3,,499CA3E5-74A9-460D-8EA1-BB35BC88BB53,2020-01-13 13:30:00.0000000,2,
441842,Decay,Stem,1,2,4,7,ADA432F9-72EC-4DD3-B1E5-A419BB1C305B,D686A997-3341-4FA3-91BB-E3674D1DDE53,2019-05-06 12:45:20.0000000,3,
3989571,Decay,Stem,2,2,4,8,F7D70499-1606-455D-9173-0ECF8F223662,B66A6C2F-28B7-4F46-92C0-672D363EB62F,2021-06-08 15:06:58.0000000,4,
695833,Decay,Stem,1,2,2,5,,10F0E94B-A6C9-49FF-9EBB-392F5933F651,2019-11-25 15:35:00.0000000,3,
345884,Dead Wood,Stem,2,1,2,5,A845BD6C-4A3C-477D-8B7C-4254D42CC465,3904B5FB-38A3-4C8A-9D3E-B29FD8CB937A,2018-10-25 12:00:57.0000000,3,
5049,Decay,Stem,1,2,3,6,0033FD20-2F84-4D5F-845B-82194A4B0092,BDB5099F-2C85-4951-BF29-BA5097E3F1BD,2016-04-04 12:15:39.0000000,3,
3276955,Cracks,Branch Union,4,1,1,6,,357A14E0-34A2-4B07-8A22-E2367ECE48AE,2021-01-15 16:54:42.0000000,5,
4587440,Decay,Stem,1,2,4,7,48DF6E2B-9E3F-4EB4-9F2C-731617BC9009,A1DBA818-4A5E-4751-8260-7C57F9616EB1,2021-08-10 14:48:02.0000000,3,
932243,Decay,Branches,2,2,2,6,,EA0793F9-8ED8-4696-8114-2EE17267283F,2020-01-16 20:00:00.0000000,4,
476947,Cankers,Stem,1,4,2,7,6B42C9C9-017A-490A-B0AE-8D1D399C2217,C3245F8B-B09C-4929-B3BC-56740BE1C7B8,2019-06-12 12:00:34.0000000,5,
358015,Dead Wood,Stem,4,3,3,10,,D0F2F4EB-FE3D-4A0B-B3C2-AD02E88B7B0E,2018-11-16 09:56:33.0000000,7,
316687,Decay,Stem,2,2,4,8,8DDE1889-AB53-453A-BE4A-F4BA373D57C7,246372C1-8748-4761-B086-34E40DF6E458,2018-09-21 12:19:11.0000000,4,
283617,Decay,Branches,1,1,2,4,ECF8B7BE-5DA3-4743-B958-513CDDEA4AC8,B131E888-8893-458E-AAC3-1F6412225163,2018-07-30 14:00:41.0000000,2,
1261302,Decay,Stem,1,2,3,6,3BC67055-ED84-40A3-863D-2E7DE3647999,D901E4AF-08E4-460E-992A-3429959B1FA9,2020-03-23 13:38:00.0000000,3,
498570,Cracks,Stem,2,2,3,7,6C18D6CA-D0EB-4B1E-B36B-C9CA2698A632,7ADFDB3E-5C18-47C4-BAE5-8C3AA34D4854,2019-07-09 07:30:43.0000000,4,
932263,No Visible Defect,Entire Tree,1,1,1,3,18E79ACF-C06F-45C9-BCF9-4CC8A251DA9F,88224440-9316-483D-B4CC-AB4775FC3A25,2020-01-16 22:57:00.0000000,2,
53224,Decay,Stem,1,1,1,3,985144F0-FA48-4CF8-BDFB-1C4BF6087647,5302E798-7EF1-4269-8824-10AE5A44A65D,2017-04-27 09:30:37.0000000,2,
292339,Weak Branch Unions,Branches,4,4,3,11,,C33458D2-7D49-48AC-A9A4-A15B1B218C1F,2018-08-14 10:49:47.0000000,8,
51060,Dead Wood,Stem,3,3,3,9,,91219B4D-3A5D-4D82-8DFF-183366951CA2,2017-04-18 14:02:08.0000000,6,
726198,Decay,Branches,4,3,2,9,,51B32403-EF9B-426C-BD51-86B46A385E2C,2019-12-03 18:14:00.0000000,7,
4784557,Decay,Stem,1,3,2,6,A22948BA-CA2A-4E0A-B1E2-47A80BC06AD6,4CA9E1EE-3CDF-4950-A1C3-E7250C26780F,2021-08-30 14:09:14.0000000,4,
6586,Cracks,Root Flare,2,3,4,9,82C35F84-A9D1-49C5-9611-58E99A347576,2BC3B29E-D797-4243-8AE4-583A18B830B3,2016-06-09 11:21:25.0000000,5,
472536,Decay,Stem,2,1,2,5,B9BD586F-0A3E-47FD-A8D0-681DFBF9B3E1,3B282A02-7789-483A-BFC3-2B773030B0A1,2019-06-10 08:25:48.0000000,3,
544710,Dead Wood,Stem,1,3,3,7,AF90DD1C-C145-48E1-84A6-3B13348C80D6,9938457F-8473-40BE-B5F0-CA92C1E52D3E,2019-08-14 10:32:43.0000000,4,
2167234,Root Problems,Roots,4,4,3,11,,9E27E6FB-3110-4087-8244-E5B42BCD146D,2020-08-08 01:33:00.0000000,8,
552078,Decay,Stem,2,2,2,6,3E8BA088-C5D3-4B7B-99D9-2A3DA13B60E5,BAB5427A-4751-4EC5-9BA5-3D5F05FDEC9F,2019-08-20 13:05:46.0000000,4,
811651,Decay,Stem,2,2,4,8,D9078844-25FF-44C3-9896-1BBFAAA66350,69E43C31-21F0-40B0-A8AE-A1A7F9BFE14D,2019-12-23 12:45:00.0000000,4,
381516,Cankers,Branches,1,3,2,6,E5A4A67F-733E-46F5-B8A4-AC5B852E5224,6C1B12C3-D7F3-4315-9124-5A2F64684E7B,2019-01-07 11:06:02.0000000,4,
3064106,Decay,Stem,1,2,2,5,C8746ADA-289F-477A-9650-BF6EA857AEA0,0AE69C66-4370-4749-8864-F6D3D6C0545C,2020-12-08 20:29:15.0000000,3,
995117,Decay,Branches,2,2,2,6,79660987-C190-4D8C-8595-D4ED981D4BD3,E1C1A078-0D96-49CE-8BC2-C286B84D67A8,2020-01-30 17:17:00.0000000,4,
2355008,Cracks,Branches,3,2,2,7,D61441CF-D68D-4298-A377-2379FCEB56D8,E3381100-8C66-4BF7-A7B8-06FAC3339349,2020-08-14 15:42:58.0000000,5,
569622,Decay,Stem,2,2,2,6,A984DF3A-7C5E-4EE1-A902-A6F64221B969,15BCA155-5646-435F-B286-1797A6F5C784,2019-10-28 14:12:00.0000000,4,
47173,Decay,Root Flare,2,3,3,8,A99BAB77-A760-4447-A41E-2F2DE50C7649,996EECA0-9945-4C2F-A50D-DE6F2D4AE669,2017-03-29 10:51:57.0000000,5,
43612,Dead Wood,Stem,4,1,1,6,3FED791F-E14E-4A0A-B07A-484414683233,D5E4F07D-070B-4B0D-998C-3EEF171D2772,2017-03-10 08:50:55.0000000,5,
368300,Decay,Branches,2,2,3,7,DAD48ECB-8CBF-46B0-A59A-EE4836240374,B954ED29-0A6C-4865-A109-6A7F563C54EA,2018-11-27 11:57:42.0000000,4,
927578,Decay,Root Flare,1,2,2,5,,804488A0-4CC2-4F08-BE11-4133802AE03F,2020-01-15 20:58:00.0000000,3,
1023831,Dead Wood,Branches,2,2,2,6,,C48CB84E-4C04-4878-A389-5048BF49A1F1,2020-02-07 17:49:00.0000000,4,
128035,Decay,Stem,3,4,4,11,,DFB904DA-61A2-4450-ABBD-DE5DC191CF20,2017-11-29 10:44:42.0000000,7,
4227713,Dead Wood,Stem,2,2,3,7,A3B5F8E8-7A57-4918-8488-31CDFD554520,D97ABADA-0A80-4694-974C-52BBC2BCC251,2021-07-07 17:32:21.0000000,4,
308031,Decay,Stem,2,3,2,7,D7ED0266-1FF5-4F78-8F5C-811648540CB8,13E25E50-2530-4EC5-A609-75736662B614,2018-09-11 12:20:03.0000000,5,
568809,Decay,Stem,2,2,3,7,FDD178FF-86F1-4C16-A48B-CFBDF3374150,F858BAC5-0C31-4ACF-926E-93241923FA73,2019-09-09 10:55:09.0000000,4,
75580,Cracks,Stem,1,3,4,8,39F54D06-512B-437B-8DEB-61886D8AC053,99D5ED4A-9A30-4887-9BAA-9ACD2CCFC5C8,2017-08-15 12:10:00.0000000,4,
2899890,Decay,Branches,3,4,2,9,A9DC8115-5110-4A8D-9CD5-BB0FDCDF730D,534ACACB-9532-45E3-A6A4-6F8079D59585,2020-11-02 18:42:10.0000000,7,
281914,Decay,Root Flare,1,4,4,9,E8C1F8CD-9033-42F4-BD81-F6B4FA826221,E56309E8-7605-4639-A875-5AF8643C3F95,2018-07-24 16:29:44.0000000,5,
3424546,Cracks,Branch Union,4,1,1,6,,AD99E1D9-6644-4C4B-A198-73264520B95B,2021-02-24 20:25:24.0000000,5,
2358649,Decay,Stem,3,3,3,9,BAD726E8-8FAC-482A-BE83-00712971724D,1853110B-3BD3-4605-9C38-E178EAA98AEE,2020-08-14 18:02:58.0000000,6,
590644,Decay,Roots,2,2,2,6,542B7641-2BD4-4641-AD60-BE565FEB125F,8C0CAF09-9B77-458D-BDE5-638D15D13330,2019-09-25 16:35:13.0000000,4,
540534,Dead Wood,Stem,3,1,3,7,4BC4CC19-F4A0-4EA1-9F95-865E91420792,8508FE7F-B44D-4BD7-B35B-F3540461370D,2019-08-12 11:54:45.0000000,4,
61849,Dead Wood,Stem,3,2,2,7,F621D1B9-3116-4AF8-A553-CED79AAFD497,A3B188AC-5876-4BA5-93FD-6A79DF62B583,2017-06-12 14:42:45.0000000,5,
1049080,Decay,Branches,2,2,3,7,,7EE48046-C881-4DCE-A362-9BB2F7DBAC61,2020-02-14 15:27:00.0000000,4,
488131,Decay,Roots,2,2,3,7,983537BD-F880-41E4-B9F3-C188C81D4C15,86206C0A-01FB-4535-B22D-37E5B81B63CD,2019-06-26 11:28:25.0000000,4,
896895,Decay,Branches,2,2,2,6,,C953437D-3C0B-48F8-B5F8-EF28F36D54CD,2020-01-10 16:45:00.0000000,4,
468818,Cracks,Stem,2,3,2,7,4586A301-A855-44F7-880F-CBBAE77E9959,8D8747A0-D5C4-4C43-93F7-278D5A44363E,2019-06-05 11:13:11.0000000,5,
957493,Decay,Stem,1,2,2,5,04E9F4A5-20A6-4ABD-8071-4D2FCC1AAE67,0E4F7336-038C-43FE-BF30-A5A9BF14CB50,2020-01-23 13:39:00.0000000,3,
66884,Decay,Root Flare,3,4,3,10,B0ADA68C-4256-4E3B-925E-3913259342D5,4881F7AF-6966-4C57-A4A9-6E791AF05A72,2017-07-05 14:24:51.0000000,7,
64385,Dead Wood,Stem,3,3,4,10,,7733EB72-F989-4CDF-B09A-F79317161FBB,2017-06-22 10:59:27.0000000,6,
946716,Decay,Branches,1,2,2,5,,3080BB28-56DF-4E6D-B8CE-E367CE63CAFF,2020-01-21 20:26:00.0000000,3,
47531,Decay,Stem,3,3,2,8,E7E3662E-5CEC-46BE-98CA-D51B55ECF2BA,A70D1310-64CA-4620-A5F9-D2459753ADB2,2017-04-03 09:58:12.0000000,6,
9549,Decay,Root Flare,4,2,4,10,3ADE9B7B-5C46-4DCE-B0D4-D52E6E906E6D,D2DDDDA4-D9A8-4AC5-9434-B8FBE1B7D420,2016-06-28 12:44:08.0000000,6,
3698045,Decay,Stem,2,2,3,7,B780CDA7-7516-4D2C-A557-366F21779C30,BE7F1BE0-2948-44AD-824F-5D1AF22BE804,2021-04-21 14:32:50.0000000,4,
934748,Dead Wood,Branches,2,2,3,7,,C88D2C5E-6068-488A-805D-321F98D94DF9,2020-01-17 14:30:00.0000000,4,
4794390,Decay,Stem,1,3,3,7,65D275BF-E616-4EC3-9F39-242970A0D851,A8599217-B737-49E1-B5A3-5AF9305C5393,2021-08-31 11:12:58.0000000,4,
210705,Decay,Stem,1,2,2,5,5BFE6ED9-3CE1-4879-9CCF-E1526161C00D,1DC5864E-CB26-4345-B54F-4DADAE510F6E,2018-04-02 12:03:53.0000000,3,
573020,Decay,Stem,2,3,3,8,FEC37DFC-C43B-4EF8-8736-334AF416AC78,54B7D859-A27D-4345-9AED-21BFFFE810BE,2019-09-12 09:52:19.0000000,5,
2470425,Decay,Stem,2,4,2,8,A0FEDF3B-6479-496C-905B-C88CD3511B9E,4716034F-EC65-479D-B54B-4FE0D392E514,2020-08-24 18:12:59.0000000,6,
446551,Cracks,Branches,2,1,3,6,83CF9A0D-ACA4-4F93-81DC-15E4AF6E230D,107366F0-253E-4AC8-BA2E-B6F4DF78CB80,2019-05-08 14:11:40.0000000,3,
2948154,Decay,Branches,1,2,2,5,F47944B4-4BE0-42F5-81AD-80765CDA177A,0A817126-2EE0-4D76-AD7F-8B92BB4E5F64,2020-11-05 14:13:06.0000000,3,
374466,Dead Wood,Branches,2,3,2,7,FA7BD7D7-29CB-4953-A05B-5FED0F374ACA,6CF6FA3E-4AC2-451B-BAFD-0E9B992AB844,2018-12-11 12:24:33.0000000,5,992520E7-A821-433E-A681-DFAC291F7651
2926010,Dead Wood,Branches,2,2,2,6,5B957487-E868-4B3B-86A3-EC9AA27E06F5,FE2536CD-DD7D-44BD-9963-9FC5A3323A3A,2020-11-10 14:37:46.0000000,4,
50462,Dead Wood,Branches,2,3,2,7,545EE00D-A30D-4737-B482-18BCB9D79950,4A9C738A-888D-4B6C-83FE-E79C06255A2C,2017-04-18 09:44:58.0000000,5,
41806,Dead Wood,Branches,4,4,4,12,48ABC0D3-4D2A-493D-8B15-ABC88C53F27E,30883FE7-0A12-4AC7-A115-A22E3E547C61,2017-02-21 10:09:31.0000000,8,
46134,Dead Wood,Branches,2,2,1,5,2B36705D-5F22-4E98-B013-0ECA4D584F88,473DB105-A260-42A3-94B8-5D00293D44B3,2017-03-22 14:36:38.0000000,4,
2130944,Decay,Branches,3,2,4,9,2CFDE3E4-A640-4BA6-923C-71664F1C9A41,7C75E724-78C4-4F3C-98CF-C4BA09FCF371,2020-08-07 12:20:19.0000000,5,67DE1215-EF1C-45B6-981B-86B35D730204
199135,No Visible Defect,Entire Tree,1,1,1,3,E21975C3-48BD-4464-B6CD-E63819D4BF70,D3BB2F13-ECD4-49A5-941D-552A18A2ED17,2018-03-16 11:54:51.0000000,2,
6492,Dead Wood,Branches,3,2,2,7,2AC2C166-D490-4891-B038-108FA7137856,A826FF65-10D1-4615-BE1D-3FC1C9C7DF5C,2016-06-02 10:16:12.0000000,5,
19476,Decay,Stem,2,2,2,6,190BD44E-C6AE-4027-A7F6-89462F9F5310,26D238F6-9CD7-4AA7-A1F1-737EE42DC3C8,2016-09-20 07:26:38.0000000,4,
1057553,No Visible Defect,Entire Tree,1,1,1,3,0EE14030-D1C0-4CF9-A1BD-E23F4F216B84,12FA974B-807D-4097-8F6B-555FCDAB9642,2020-02-17 17:57:00.0000000,2,
4883086,Dead Wood,Branches,1.0,2.0,2.0,5.0,6378BE53-DE0E-4742-9C55-554AECC20C2E,DEFA89DD-70CD-4BD6-BE2D-5DB4E09AB09B,2021-09-07 16:38:34.0000000,3.0,
5041832,Dead Wood,Branches,2.0,2.0,4.0,8.0,E420CF3C-AF41-4975-84CE-287F53D8AC02,3466A303-7BC6-47E7-9F89-1AD83229DE04,2021-09-22 15:32:25.0000000,4.0,859A0A7D-C2C0-4AA7-823F-3D3E0F2BC33E
5202052,Dead Wood,Branches,2.0,2.0,3.0,7.0,99DA5580-319A-4752-80AF-04156F11C6D8,5C261BBD-247F-404E-AB6E-1F5ED5BB0D05,2021-10-08 17:20:09.0000000,4.0,80A0D04D-6E7C-4D3D-ABE7-CE108DA9D7C7
5176536,Dead Wood,Branches,2.0,2.0,2.0,6.0,641FCB38-B233-498B-A216-727404F7A341,CFACD7FF-3B01-45F2-8BB6-60ED699CBB11,2021-10-06 14:16:20.0000000,4.0,
4880215,Dead Wood,Branches,2.0,2.0,1.0,5.0,99B53B16-87DC-4C56-93EB-4D20E9131B60,B63BA5FD-8173-4FB8-BD71-E94973769040,2021-09-07 14:41:55.0000000,4.0,
4956840,Dead Wood,Branches,2.0,2.0,4.0,8.0,C1EF0235-CF18-44B1-AE5A-123B130D3437,9CA51CF2-DA79-419F-BF4E-99891687D6A1,2021-09-14 13:18:01.0000000,4.0,F963F457-A245-43B8-89ED-18E43B52585C
5054544,Dead Wood,Branches,2.0,2.0,1.0,5.0,3F188369-86A8-4B1A-9D28-F5C598A2FDB6,71002065-B413-4B2E-93AE-4FEB2ACDE201,2021-09-23 13:55:09.0000000,4.0,
4978088,Dead Wood,Branches,2.0,2.0,2.0,6.0,C7C20BD6-B7ED-4581-8663-7A8F87A0C870,6C863FBB-B8BD-4658-BB69-FF71C76DE7B7,2021-09-15 14:30:19.0000000,4.0,
5105822,Dead Wood,Branches,1.0,3.0,2.0,6.0,1B737251-7171-4062-9418-C64D83985F64,78CFA81B-B146-47B7-808C-AE527783FF12,2021-09-29 12:22:35.0000000,4.0,
5012217,Dead Wood,Branches,2.0,2.0,2.0,6.0,897D6677-AC2D-4375-BEE0-EBA8A154D355,AFAC3AD1-AD6B-4DAC-9186-9491AD87DFF9,2021-09-20 15:14:36.0000000,4.0,
5091298,Dead Wood,Branches,2.0,2.0,2.0,6.0,32ADD1D9-C2D1-4F95-ADBD-865188D9E3F9,1814FC84-3E84-47F5-924A-18731BD34E9D,2021-09-27 18:21:52.0000000,4.0,
5179161,Dead Wood,Branches,2.0,3.0,2.0,7.0,F1E11EF0-E639-48ED-9196-26E44AFD5AB2,1AA1C068-46EC-4835-BE72-09C38AADE8F8,2021-10-06 18:44:54.0000000,5.0,
5052901,Dead Wood,Branches,2.0,3.0,2.0,7.0,67A900FE-D431-4ECD-A4AF-559D4E8AEFDF,468F4FEE-97BC-4D98-8591-8D89477AFC6F,2021-09-23 12:52:12.0000000,5.0,
4933780,Dead Wood,Branches,2.0,2.0,1.0,5.0,6EB3F09E-B228-4B68-9765-60F4C7CC416A,71E19325-809B-4CF3-8A27-BE6664142994,2021-09-10 18:21:48.0000000,4.0,
5015088,Poor Tree Architecture,Branches,1.0,1.0,1.0,3.0,0BE69CA8-F6D7-4E5C-A31A-9D6BE5A484CE,A7AC0917-9265-4D5C-9BB4-6A3CBA2E7EB6,2021-09-20 17:12:39.0000000,2.0,
5122556,Poor Tree Architecture,Stem,2.0,3.0,3.0,8.0,89310108-071B-4534-B0E8-08FCDCB9AEA0,32222ADF-6B1D-4D81-AD36-DE3F08F0711A,2021-09-30 12:10:15.0000000,5.0,BBF28CD6-B0E9-41A8-9B99-1ABFABF2249A
5047574,Weak Branch Unions,Branches,2.0,3.0,2.0,7.0,214A6CE1-201C-4E49-BC79-128CE1604CB5,35173C56-0646-4171-88CA-2A1E05D0DEB8,2021-09-22 18:02:05.0000000,5.0,
4976860,Dead Wood,Branches,2.0,3.0,4.0,9.0,82BFFB9B-52B8-4BAB-8DF8-F370C0171B39,F67BA76C-0785-4439-9CA9-EC05544812AC,2021-09-15 15:03:58.0000000,5.0,14FBEBF8-096B-44DB-8F64-19D7848CE077
4919671,Dead Wood,Branches,2.0,1.0,2.0,5.0,3DE4C8B1-7B32-4C22-8AE9-CC2001E220A2,BCE4D072-5C14-46CF-962B-578C67855762,2021-09-09 17:47:13.0000000,3.0,
4990385,Dead Wood,Branches,2.0,3.0,2.0,7.0,7C2359B9-D524-48FE-AE3C-6FA308AF900B,C2BB8464-9D8B-42A4-8089-92E394BC51A3,2021-09-16 14:35:17.0000000,5.0,
5095397,Dead Wood,Branches,2.0,3.0,2.0,7.0,7AFC945E-91D7-4B7C-A074-75F5D59BF6C8,701BC6AA-7C9E-4028-B163-071A104536B1,2021-09-28 11:22:35.0000000,5.0,
4955612,Dead Wood,Branches,2.0,2.0,2.0,6.0,649FC0EB-D503-4954-AF60-EDC6706F7AB3,D086C6AC-3197-44C5-B58D-02D8C2C16F1E,2021-09-14 11:26:20.0000000,4.0,
4878987,Dead Wood,Branches,2.0,1.0,2.0,5.0,2FDC7B4A-0F37-4D22-A6FE-23872DBA5E8B,C99C948C-5E39-4873-874D-AB97BE41F6F0,2021-09-07 13:53:59.0000000,3.0,
5172606,Dead Wood,Branches,3.0,2.0,2.0,7.0,9D53560B-1F5B-422D-A87F-1ABFB688369A,06C86F18-5CB3-40A8-BF05-13660D079F75,2021-10-05 18:15:08.0000000,5.0,
4920899,Dead Wood,Branches,3.0,3.0,1.0,7.0,9A277C43-A6E1-4F93-8059-B190C4B19977,BA17B092-29A4-4657-9862-C82C3A33CFD5,2021-09-09 17:44:47.0000000,6.0,
5117229,Poor Tree Architecture,Branches,2.0,2.0,3.0,7.0,50D94C60-A6CE-4B12-8EC1-C73FF362D94D,91A0340F-14D7-425A-B46D-1488F31C025C,2021-09-29 17:38:09.0000000,4.0,
5035752,Dead Wood,Branches,2.0,2.0,1.0,5.0,1EF1A155-9EBC-4483-85DA-435ED30F5B67,3A4FD2F1-7160-4D88-BBFC-77B5177E825B,2021-09-22 12:35:44.0000000,4.0,
5015257,Cracks,Branches,2.0,2.0,2.0,6.0,B057B8B7-626F-4641-91B4-479C26C43EF6,326C2AEC-F872-49C4-AE77-E467B1BDFE61,2021-09-20 13:48:55.0000000,4.0,
5149131,Dead Wood,Branches,2.0,2.0,2.0,6.0,FB9F5741-A9DD-49C2-AF91-F5F3C83E8654,100D8D4E-E48C-45EB-8454-5EDFE7374A8A,2021-10-01 14:07:54.0000000,4.0,
5002622,No Visible Defect,Entire Tree,1.0,1.0,1.0,3.0,5EAD0AB6-23C5-4442-87FE-0731260C020F,8AEDA393-30F0-40E3-81DF-CA600B405F82,2021-09-17 15:07:22.0000000,2.0,
5104594,No Visible Defect,Entire Tree,1.0,1.0,1.0,3.0,14FC5161-C0DF-4862-98AF-15F01C7DA824,9D6DB7B3-136E-4587-AA52-7AFA66664286,2021-09-29 11:47:00.0000000,2.0,
5087614,No Visible Defect,Entire Tree,1.0,2.0,2.0,5.0,8B8C57BB-1A42-45B9-9DCC-5A7454688B7D,C37094E7-928A-48CC-8F11-DAC73B1629A9,2021-09-27 14:00:10.0000000,3.0,
5099496,Dead Wood,Branches,2.0,3.0,2.0,7.0,81391036-7659-4664-BBDF-221A2F85FBAA,EACB787A-E077-4D8D-ADEF-8B98CEE473E8,2021-09-28 14:56:19.0000000,5.0,
4880630,Dead Wood,Branches,3.0,2.0,2.0,7.0,B5D100EA-5C68-4EAF-88B4-7DAF93EC6856,20373EC1-93EB-46E9-BF48-E19BDA769F6C,2021-09-07 12:04:32.0000000,5.0,
5122971,No Visible Defect,Entire Tree,1.0,1.0,1.0,3.0,58FD2715-20BA-4B66-8063-CDFAD1267F6B,5CD4DCB8-EC9F-4CF7-A485-EAED555ADF12,2021-09-30 12:27:47.0000000,2.0,
5179576,Cankers,Branches,1.0,2.0,3.0,6.0,7DE912EA-FF98-40ED-B69E-F886D9C360D4,3E9AFFBB-83E6-40B1-AC2B-B83B4C1AB4FB,2021-10-06 17:00:05.0000000,3.0,
5085971,Decay,Stem,2.0,2.0,2.0,6.0,1BDFC62B-3002-4499-9A91-2C3FDB7115C5,18099B72-AD95-404F-9297-C9C6EFDD7289,2021-09-24 17:17:29.0000000,4.0,
5138952,Dead Wood,Branches,2.0,2.0,2.0,6.0,E0D7B16A-DD96-4B2C-8C31-E75BB14C0113,FF6DB285-D1AE-40B1-8191-3145610CFB09,2021-10-01 15:46:00.0000000,4.0,
5045118,Dead Wood,Branches,2.0,2.0,2.0,6.0,8536565B-E7C7-4110-9E4F-F7DFC7A58AB7,942ABA5B-6211-4ACE-B18B-952BCD9E8043,2021-09-22 17:01:40.0000000,4.0,
5090485,Dead Wood,Branches,2.0,2.0,2.0,6.0,695E997E-0BDC-4178-9A5A-F5833F16619C,1CC4A2B1-211D-4A6C-9C96-2599C36679E4,2021-09-27 17:02:58.0000000,4.0,
5012632,Root Problems,Root Flare,2.0,2.0,2.0,6.0,F7620DFA-2AE1-48C4-A6D4-3B4E77D8A529,CF76C0EE-C508-4C89-AF10-0F8635AED51E,2021-09-20 14:36:23.0000000,4.0,A6EC0DD3-BAE6-4455-936B-3AD927A076F9
4933305,No Visible Defect,Entire Tree,1.0,1.0,1.0,3.0,52BCA743-DAF2-4907-952F-64F310AD3C23,6372F971-A313-4266-9E43-513B723D12A8,2021-09-10 16:43:15.0000000,2.0,
4977275,Poor Tree Architecture,Branches,1.0,3.0,2.0,6.0,5898A5DE-66C7-4F8A-BBA9-D8F459C8113B,7FBD3395-467D-4124-B129-97382B027FD0,2021-09-15 14:52:19.0000000,4.0,
5198368,Dead Wood,Branches,2.0,3.0,2.0,7.0,D408215E-6849-4475-A9FC-D78FDF5E9863,CF07D54B-7160-45EC-8623-A03C08279ABB,2021-10-08 13:48:24.0000000,5.0,
4958881,Dead Wood,Branches,3.0,3.0,2.0,8.0,32A8E6BB-C31D-4CA7-94C4-3CE1E9310AF2,D2DE1F53-0BA0-4B61-AFF0-0CB6CFE078F0,2021-09-14 14:14:16.0000000,6.0,
5173021,Dead Wood,Branches,2.0,3.0,2.0,7.0,F18175FA-ED31-4C83-A69B-43A627DBE910,039A663B-DA03-466C-AFC4-CE320B785E81,2021-10-05 18:18:14.0000000,5.0,
4953969,Poor Tree Architecture,Branches,1.0,3.0,2.0,6.0,07C2231D-7832-4259-9D09-4BF6126E3D85,817D3DEC-6CD0-4FD0-8C5B-91CFA3B5D807,2021-09-13 18:16:29.0000000,4.0,
4988742,Dead Wood,Stem,2.0,2.0,1.0,5.0,177B5C50-A749-4445-99C7-7E36BC4C15B3,2F6A34E5-A10F-4B32-B765-1D042582DE91,2021-09-16 12:24:13.0000000,4.0,
5182032,Dead Wood,Branches,2.0,3.0,2.0,7.0,E67C6355-1CA2-47D0-AB62-FCF885BB27F1,53349F0C-B44C-441E-A23D-3BED9B902AB3,2021-10-07 12:22:34.0000000,5.0,
5088427,Dead Wood,Branches,2.0,2.0,2.0,6.0,133D3E93-89EC-4DFE-BBCF-B7F38E8AF7DE,4946D092-B72A-4143-A389-175E95126B40,2021-09-27 12:57:48.0000000,4.0,
5184090,Dead Wood,Branches,2.0,2.0,2.0,6.0,86D53115-BEE2-4347-BFB5-5FBC6BD93CEE,BD7A28ED-8777-413E-93BD-D89DE4739DFE,2021-10-07 13:37:37.0000000,4.0,
5132397,Dead Wood,Branches,2.0,2.0,2.0,6.0,A50E27A5-FE7C-418F-B1F0-5B09ADDE5E0A,E63BF1E4-ED56-44CA-829F-174CCABBAEE5,2021-10-01 12:34:00.0000000,4.0,
4977673,Dead Wood,Stem,2.0,2.0,2.0,6.0,BF263C1F-423D-4A75-BCC7-59C16384491D,AFD8EB47-014C-4010-90D9-5C629E75B87F,2021-09-14 17:17:15.0000000,4.0,
4998523,Dead Wood,Branches,2.0,2.0,1.0,5.0,71B1F3DE-8D7F-43A2-97C6-F0878D219F2C,740E9CCB-D7AC-4C36-8346-704619F30FF5,2021-09-17 13:12:12.0000000,4.0,
5094584,Dead Wood,Branches,2.0,3.0,3.0,8.0,5A1CD9EB-C02B-4CB6-A19A-88B7FA2113C8,E16A0998-01F4-4E16-85F6-BFE7E3B4CF6E,2021-09-27 19:29:49.0000000,5.0,
4892097,No Visible Defect,Entire Tree,1.0,2.0,2.0,5.0,D02F849E-EA32-42B5-8CD2-97CA0577BD4E,706B8F33-C620-4E9F-BAF9-A2A900EA3833,2021-09-08 13:46:22.0000000,3.0,
4943790,No Visible Defect,Entire Tree,1.0,1.0,1.0,3.0,BBF467BB-968F-402F-B606-B0D8CAFBA24B,6271C616-A07D-419B-807D-E55CC9564A64,2021-09-13 14:16:03.0000000,2.0,
5078188,Dead Wood,Branches,3.0,2.0,2.0,7.0,5928B219-198A-4F60-88A4-A294F2BA0BF6,1F8C7CCF-C422-437A-B0A3-9D646BBF733E,2021-09-24 18:04:00.0000000,5.0,
5053714,Root Problems,Roots,2.0,2.0,2.0,6.0,19B6BF03-90A5-48B6-B605-C80D3286C188,502F03E0-74BC-430E-BEDE-7507A6AA44BB,2021-09-22 17:42:50.0000000,4.0,
5200011,Dead Wood,Branches,1.0,1.0,1.0,3.0,EAB19314-1A4B-4787-8812-E9968B6E0A93,EE66E448-D23D-4C97-A0F4-F2D35D88935C,2021-10-08 16:05:01.0000000,2.0,
5189815,Dead Wood,Branches,2.0,3.0,2.0,7.0,B1EBD420-4140-4800-9CA5-6ABF4FF2E665,1C6A50C0-76B7-4DEB-8420-11E65104543C,2021-10-07 16:55:57.0000000,5.0,
4883484,Dead Wood,Branches,2.0,2.0,2.0,6.0,3A9DC888-CDA3-4ECB-A9BF-9D2F92E98C6F,C75B847C-F901-49BE-AEE5-1717AFEDDAB2,2021-09-07 15:39:04.0000000,4.0,
5140180,No Visible Defect,Entire Tree,1.0,2.0,2.0,5.0,41134DEE-42DC-4161-8422-77A8D675CFB2,8FEBEE70-2918-415A-8489-84594DFA544A,2021-10-01 14:40:48.0000000,3.0,
5096210,Dead Wood,Branches,2.0,1.0,1.0,4.0,0B8AF5DE-039D-40ED-A7D6-E3025A4FC057,B0DC486B-CAEA-451A-B392-5A8487481B6B,2021-09-28 12:31:24.0000000,3.0,
5085158,Poor Tree Architecture,Stem,1.0,3.0,2.0,6.0,89B4A0FE-D28F-425D-8CA7-661EE3340D8D,B4D28711-FA41-4549-B581-195D76CE4CBE,2021-09-27 12:20:08.0000000,4.0,
5022811,Dead Wood,Branches,2.0,1.0,3.0,6.0,9FD90E97-914D-49E2-97C6-C13FF9315073,B1BB6FD6-55A3-4818-B304-7494F37103A3,2021-09-21 16:17:00.0000000,3.0,
5060684,Dead Wood,Branches,2.0,2.0,2.0,6.0,36A87F25-8A6D-4212-9B87-FD798B565460,E5C8AEA9-36DF-4C83-9D03-26A759508733,2021-09-23 17:22:25.0000000,4.0,
5079416,Dead Wood,Branches,2.0,2.0,2.0,6.0,D50FF9C9-3760-49E2-9118-8A7AD5086101,82FB195D-DB98-4398-BF88-FC637C90FF78,2021-09-24 16:54:45.0000000,4.0,
5086386,Poor Tree Architecture,Stem,1.0,2.0,2.0,5.0,05B2018E-CA0D-4A8B-8945-006C872C38B2,3FC578BD-354E-4F57-ACED-CB112EA32FBB,2021-09-27 13:14:02.0000000,3.0,
4995297,Dead Wood,Branches,2.0,2.0,2.0,6.0,81EEBBC2-15FD-4EEA-AC60-E4387019EC74,6115C139-A99F-49A0-9542-8BC8D8644580,2021-09-16 17:42:19.0000000,4.0,
5188587,Dead Wood,Branches,1.0,1.0,1.0,3.0,0A43680A-D3E4-4900-88BC-3B4925B8EB56,2F23AF92-61A1-4BD6-8B8B-DA0899950173,2021-10-07 15:38:27.0000000,2.0,
5015672,No Visible Defect,Entire Tree,2.0,2.0,2.0,6.0,25B381B0-BBF2-4A7E-8772-D4F5E40F1291,8090E239-EBCA-480B-A5C2-D64C0359F0B9,2021-09-20 20:44:38.0000000,4.0,
5075377,Dead Wood,Branches,2.0,2.0,1.0,5.0,67176394-6AC6-4057-A7DD-55950CC2A47B,22D22236-7926-4E19-A35F-26F2E1AFAAEC,2021-09-23 15:09:54.0000000,4.0,
5103764,Weak Branch Unions,Branches,2.0,2.0,2.0,6.0,D7FDE2B5-6651-4B46-A9CB-635DD4FA3773,B678D002-CCB3-4A84-B466-08B93047823E,2021-09-29 11:10:11.0000000,4.0,
5171378,No Visible Defect,Entire Tree,1.0,3.0,2.0,6.0,975C9552-93E3-4BC1-922E-4E8D50568670,20F381C5-BE9D-4D44-952A-59620FCBF2BA,2021-10-05 17:12:49.0000000,4.0,
5070634,Root Problems,Roots,2.0,2.0,2.0,6.0,7B0905E3-287B-4099-A8F9-5244E0393A49,16D3197B-E5FE-4A42-8910-CD773490149F,2021-09-24 13:53:36.0000000,4.0,
5190230,Dead Wood,Branches,2.0,1.0,1.0,4.0,11A83E0D-ED17-418E-9125-998BC118A43B,95E92963-4235-43C3-8A98-832399CAA971,2021-10-07 18:44:14.0000000,3.0,
4874533,Dead Wood,Stem,2.0,2.0,2.0,6.0,F86B4E1B-CA9B-4929-9B70-FD293C27344A,E6AA4932-4583-494B-9577-9E809B547A1B,2021-09-06 12:47:51.0000000,4.0,
5096625,Weak Branch Unions,Branches,2.0,2.0,2.0,6.0,50E5ED04-50EE-4040-A4B1-D903FDA1FE25,D51CBFF9-3B6B-4BD7-B41B-D2C59DE0747B,2021-09-28 13:36:00.0000000,4.0,
5047159,Decay,Stem,1.0,2.0,3.0,6.0,F3B72AD1-AB5B-4134-9321-A5C5BB70D3C3,54EC251D-E55A-4161-B7B6-E5F27B0A724F,2021-09-22 18:17:04.0000000,3.0,
4888811,Dead Wood,Branches,2.0,3.0,2.0,7.0,8BC34F5F-BD1B-4FB6-8E56-16AE6FA17D73,16098A60-CDAE-4C41-A85C-2A587FE9637C,2021-09-07 19:29:34.0000000,5.0,
5168982,Root Problems,Roots,2.0,2.0,2.0,6.0,B8C077D5-A2A8-48E9-8C20-93D6C850648E,C6498E68-8FAB-4D2B-B254-8E79D246EA15,2021-10-05 14:39:39.0000000,4.0,
5060269,Poor Tree Architecture,Branches,1.0,3.0,2.0,6.0,0123696A-6513-4A0F-81C1-636CC667539B,1A87C248-A59B-418D-BE97-3897FDF49683,2021-09-23 16:14:08.0000000,4.0,
5089655,Weak Branch Unions,Branches,1.0,4.0,2.0,7.0,3C4D9B8A-6CB2-496B-B079-16C3E8A91B4F,E70B6070-F0CD-42DF-9218-E061DEF94B73,2021-09-27 15:19:12.0000000,5.0,65CCCE5B-FC45-43A8-97B3-AC013DDAFD2F
5121743,Cankers,Stem,2.0,3.0,3.0,8.0,A4EB9EF8-6273-4439-862F-7EB2236EF042,F2318527-792E-4503-98F3-5AAB89991436,2021-09-29 21:05:59.0000000,5.0,
5186486,Poor Tree Architecture,Stem,2.0,3.0,3.0,8.0,BCF69A21-D782-4B63-882C-06F00A9A2DE7,BA4397AF-C59C-4AB8-9478-9145E35ABD11,2021-10-07 12:11:23.0000000,5.0,
4933365,Poor Tree Architecture,Branches,1.0,3.0,2.0,6.0,FB88328B-DB70-4C35-B13E-907EAABAA55E,33E0F8CD-43F1-4C29-BF2D-D55BFF911F05,2021-09-10 16:12:47.0000000,4.0,
5199596,Dead Wood,Branches,2.0,2.0,1.0,5.0,C7D0C7A3-9CA8-4881-B8CF-24686DA7FDD6,E7CEC2E2-D4CD-45EB-ABBD-781A7B661761,2021-10-08 16:21:10.0000000,4.0,
4883899,Decay,Branches,2.0,3.0,3.0,8.0,A96B3E55-DCE9-46B9-9AD5-F437A456F86B,5E14B30A-E4F8-4950-B729-DB1B29004D6D,2021-09-07 13:52:15.0000000,5.0,04A6AA12-72FA-439F-87B8-D0083A0503F7
5162596,Poor Tree Architecture,Stem,2.0,2.0,2.0,6.0,8AD79B62-5BF3-4660-B090-971E0D1B2A7A,D00C8558-DC43-4D6B-81C8-06E534319D84,2021-10-04 13:38:22.0000000,4.0,
5112377,No Visible Defect,Entire Tree,1.0,2.0,2.0,5.0,34EEAEB4-D7CA-4CEB-B5D8-BA5828D33FAA,FA80FB87-F3E7-4E58-9F6C-1815EB1C0F97,2021-09-29 15:21:54.0000000,3.0,
4992781,Dead Wood,Branches,2.0,3.0,2.0,7.0,C0A83BFB-147D-4328-9C07-796F8F5E2F1F,9B099ADC-85E3-4510-BF74-89E927AFB40E,2021-09-16 15:40:38.0000000,5.0,E722417E-02C4-4678-AC4C-D8F30CC8C6C7
5202865,Root Problems,Roots,2.0,2.0,2.0,6.0,11499161-E37B-4D02-BF9A-984A1F45A51F,6961FF03-06E5-4972-9803-63B235851F96,2021-10-08 17:06:08.0000000,4.0,
5197953,Root Problems,Roots,2.0,2.0,2.0,6.0,9AF00A3E-A101-4867-9711-8684BA8D67DA,0B3B73EC-A43D-4347-9416-27C932B8011C,2021-10-08 15:02:59.0000000,4.0,
4994882,Decay,Stem,2.0,2.0,3.0,7.0,3F7D1C9C-AB19-460C-A1C6-B67AC57D3ECC,264C84DC-8268-418A-AFFF-E48826F6E439,2021-09-16 14:17:56.0000000,4.0,
4986226,Root Problems,Root Flare,2.0,2.0,1.0,5.0,3754045A-A567-4DFB-BBC8-D48B87F736A8,66F2A363-E42C-44E5-A60A-7B1B7622DE27,2021-09-15 18:05:36.0000000,4.0,
4989970,Dead Wood,Branches,2.0,2.0,2.0,6.0,7325F73C-D6F4-49E2-A8AC-6E5336D01C49,8076F1D4-B526-422D-9C55-E1DE3D35EF37,2021-09-16 06:35:02.0000000,4.0,
5013090,Dead Wood,Stem,2.0,2.0,3.0,7.0,46BA444A-8578-4596-A57B-2FDA4222C1A0,AB207E80-750F-45D6-887E-AE3E26D0E7D7,2021-09-20 16:53:00.0000000,4.0,4A06710A-BA11-4BE0-BB21-29EB9B0C206B
5188129,Decay,Branches,1.0,2.0,3.0,6.0,B1D0CBC5-2390-44B5-BD9C-461BDE4EB6C5,424938C3-BDBE-4D0C-995C-AA24F58A4DA0,2021-10-07 14:51:59.0000000,3.0,
5093356,Weak Branch Unions,Branches,2.0,2.0,2.0,6.0,C02608F5-F5D5-45D8-A09A-C9003BE0F4DD,0C386183-3492-4322-B56F-A1E025098BF4,2021-09-27 20:22:57.0000000,4.0,
5002021,Dead Wood,Branches,2.0,2.0,2.0,6.0,6A440D17-DEC8-41AF-AAAF-D55F41F324B7,8EC1643A-56EC-4AAF-93F1-D0E7D9276F7A,2021-09-17 16:48:48.0000000,4.0,
5128653,Weak Branch Unions,Branches,2.0,3.0,2.0,7.0,7F555DA0-ED9B-44AF-A049-8304C00A2985,816EE76A-5B42-4A5E-8712-DC9866148932,2021-09-30 14:59:23.0000000,5.0,
4988284,Decay,Stem,2.0,3.0,3.0,8.0,B63B6A3B-81D4-4B00-A50E-B99F6B8A1912,8C088E13-94CC-441C-99BE-C24E4C2F939C,2021-09-16 13:23:40.0000000,5.0,
5133625,Dead Wood,Branches,2.0,3.0,3.0,8.0,3E62D3CC-46F9-431C-A895-55ABBE65DE18,9ABC3973-BE80-47E5-AE34-9F728413F2AD,2021-09-30 18:03:45.0000000,5.0,
4976445,Poor Tree Architecture,Branches,1.0,3.0,2.0,6.0,5989E099-9740-46AB-AFC5-BFF5FF43B685,7A3131EB-4BDD-445F-B1C9-92B350ACB6EF,2021-09-15 14:27:32.0000000,4.0,
5131567,Decay,Stem,2.0,3.0,3.0,8.0,9E38FED2-331D-48F0-9038-C01D64F41BF9,0A4066E1-4E1A-4EE9-BCF3-C6C8BC308BD3,2021-09-30 16:34:46.0000000,5.0,
4955197,Dead Wood,Branches,2.0,2.0,2.0,6.0,AA90BDF7-F64C-49C8-B37B-1C205A3D7264,1F733E56-FF02-47DF-B72F-D29EF8E6A97F,2021-09-13 17:35:26.0000000,4.0,
5171793,Dead Wood,Branches,1.0,3.0,2.0,6.0,D37964E7-7331-4684-B329-8989CCD823CF,E8EB4AEE-A8BB-4F3C-8450-9345690BC495,2021-10-05 15:38:11.0000000,4.0,
4994839,Dead Wood,Branches,4.0,2.0,3.0,9.0,7073B282-5D74-4ED0-9DCF-62742CFC7169,6AF78C73-5D2A-4E01-9A94-D4F392C041F1,2021-09-16 16:40:13.0000000,6.0,D51ACA66-D49C-45A5-A424-1FC136D4842D
5193871,Dead Wood,Branches,3.0,2.0,3.0,8.0,6A35EB00-7F86-43C8-97CE-27DA0FD8A872,CB17DB05-98F0-427B-B3C6-B396F34EE40E,2021-10-07 18:03:24.0000000,5.0,
4930723,Dead Wood,Stem,2.0,2.0,2.0,6.0,4295D6A1-C24D-40D5-B819-58E8A1EDB893,BCD4F98E-BB25-42BB-A50B-7682F1E40AE5,2021-09-10 15:16:04.0000000,4.0,
5001165,Dead Wood,Branches,3.0,2.0,2.0,7.0,AA1DCF6A-94EF-4D8F-9007-0A9DBE0AC4CC,979BFA93-50A6-4D3F-BE56-83E9F4DE0BAC,2021-09-17 11:39:23.0000000,5.0,
4998294,Poor Tree Architecture,Branches,1.0,3.0,2.0,6.0,2FDEDC41-1071-4A79-A873-6049611D5977,DE072AF4-949E-4532-81D6-CE1CD91BEEE8,2021-09-17 12:57:30.0000000,4.0,
5205278,Dead Wood,Branches,2.0,2.0,1.0,5.0,60B7E6F0-8AC7-4F51-ACC9-9036ABBCB816,079B6268-8E2C-4638-95B7-DA9DF1E24D1B,2021-10-08 18:55:25.0000000,4.0,
5010219,Cracks,Stem,2.0,2.0,2.0,6.0,14036650-DCD1-4F46-93C9-D913CFD3E60A,136B5393-FDDA-405E-9317-E215DB6CC016,2021-09-20 14:19:04.0000000,4.0,
5191856,Dead Wood,Branches,2.0,3.0,3.0,8.0,22AD66CD-82E4-4285-833C-C05766DFCD96,6D335794-5258-44A9-AC64-EB0C44D6C193,2021-10-07 14:25:15.0000000,5.0,EB6326E5-E58B-4C31-A1F9-3E8323458FBE
4892910,Dead Wood,Branches,2.0,2.0,2.0,6.0,1D3CD118-21E5-4086-9FF9-59B398631137,663EF7FF-93CF-4A95-9007-3EC20833D1CD,2021-09-08 14:02:53.0000000,4.0,
5114375,Dead Wood,Branches,1.0,2.0,2.0,5.0,A899930F-F2B9-4B49-B599-26433ADC5E1A,D83B0848-A441-4219-AA6E-652F25A4456D,2021-09-29 17:25:13.0000000,3.0,
4924294,Dead Wood,Branches,2.0,2.0,1.0,5.0,BC6C109B-6C6B-4FDC-97C3-C427252C424D,24C164E0-1F08-4905-9B1E-A694492B541F,2021-09-09 20:49:52.0000000,4.0,
4994467,Dead Wood,Branches,2.0,2.0,2.0,6.0,047D6238-C62B-4859-B719-3A0976E5867A,21CBBE77-C23C-4160-9699-1D004A3BB8F3,2021-09-16 16:48:32.0000000,4.0,
5043120,Dead Wood,Branches,2.0,1.0,2.0,5.0,82BB3176-FA88-4330-9247-E15215DE7848,31071263-6FFB-480D-A5C6-E05C1DA622E8,2021-09-22 15:40:39.0000000,3.0,
5022413,Dead Wood,Branches,4.0,2.0,1.0,7.0,99F86F91-CF9B-4C5E-96BB-71FC1C59D447,A1D97D5C-7606-4253-B8AF-C10FBA56C587,2021-09-21 15:58:47.0000000,6.0,
5077790,Decay,Stem,2.0,4.0,2.0,8.0,A106505F-0B29-4413-BE4A-00BE30979760,D2525B75-0012-4EF5-9B08-36BB041BD8F0,2021-09-24 17:03:40.0000000,6.0,
4989512,Poor Tree Architecture,Branches,1.0,1.0,1.0,3.0,1FCA7A23-C343-4E02-89C3-657DF4E1312D,958B0171-55A2-4E47-B4C0-E44FEC9E8CE8,2021-09-16 12:46:39.0000000,2.0,
4954739,Dead Wood,Branches,2.0,2.0,3.0,7.0,08298998-9594-44E6-804B-AF6910D84827,335AB893-68A9-434E-B272-5F2F732A68E2,2021-09-13 18:15:04.0000000,4.0,
4984998,Dead Wood,Branches,2.0,2.0,1.0,5.0,921F4B36-2510-4A8D-86A9-4C0165F72ED5,F232B397-D4C0-44D2-B8F6-8DF663C802F0,2021-09-15 20:30:07.0000000,4.0,
5172208,Dead Wood,Branches,1.0,2.0,2.0,5.0,FF8651F3-9660-47EF-AC7D-50DDF6A9CF67,48B52537-72CA-4436-B8EB-B77003FC6EEF,2021-10-05 11:26:17.0000000,3.0,
5040249,Root Problems,Roots,2.0,2.0,2.0,6.0,83BD0419-CCCB-4D0E-8AD7-55BDBE5B8E95,A4C05FBC-464A-46E7-B5F0-84F5FE18B90A,2021-09-22 12:35:11.0000000,4.0,
5015715,Dead Wood,Branches,2.0,1.0,2.0,5.0,4E52FF08-9752-4762-B2B8-B6118BB24974,2011FF5F-7C6B-4172-9E97-1C88AE936EC2,2021-09-20 17:37:26.0000000,3.0,
4922525,Dead Wood,Branches,1.0,1.0,2.0,4.0,867AC033-64F5-4DDF-BABD-8EB87842F18B,014E7012-ADF1-4202-AC10-F1E793A44A37,2021-09-09 20:40:58.0000000,2.0,
5187714,Cracks,Branches,3.0,3.0,3.0,9.0,B02404F1-BDC7-49B4-9D8E-DA8A42603A64,4B319E34-2999-45FB-9496-A6CFA40232E7,2021-10-07 17:00:15.0000000,6.0,EC4A6784-6B55-4085-BFA1-A7A4C5290703
4990783,Dead Wood,Branches,2.0,2.0,2.0,6.0,B7ADA3B7-9E1B-4C18-999D-359CA3ADFCC6,64E2C9BC-4FAA-4656-A01D-D5FDB10752AE,2021-09-16 15:19:54.0000000,4.0,
5021998,Poor Tree Architecture,Branches,1.0,3.0,2.0,6.0,3C598505-8B90-4174-B9B6-20B7B4319DEF,DF3991C0-6305-490D-B9DA-D90F9E5E74C4,2021-09-21 15:44:02.0000000,4.0,
5142178,Dead Wood,Branches,2.0,3.0,2.0,7.0,E5BAC5C5-7EFA-44D2-9C78-875ADFC1D37B,7BBA60EB-FB17-42F0-A6C2-1BD0A4937DF9,2021-10-01 15:56:09.0000000,5.0,
4877802,Decay,Stem,2.0,3.0,3.0,8.0,A75D35B5-0243-456C-802A-C08EF86D2A8F,A35DD34B-E5F6-46EB-95A8-596695D928D5,2021-09-02 18:02:23.0000000,5.0,121D0A17-D172-498A-A40B-DCE71BB1EEDE
5049157,Dead Wood,Branches,4.0,2.0,1.0,7.0,D3F22727-76DE-44A3-9B90-5BA486432C0C,D38533B4-CB98-4844-A4FE-7F8AEAA98182,2021-09-22 15:46:14.0000000,6.0,
4975987,Poor Tree Architecture,Branches,2.0,2.0,2.0,6.0,9E7F7BA5-7A04-401E-8EF7-9638740869EB,3536D41A-09B9-4994-8712-C0BC8A5EE681,2021-09-15 12:55:01.0000000,4.0,
4909203,No Visible Defect,Entire Tree,1.0,2.0,1.0,4.0,14BCA178-3305-45DE-87F1-8B23565711B9,5512984C-B597-41AC-AC64-20BA8570FB3C,2021-09-09 12:56:07.0000000,3.0,
5059811,No Visible Defect,Entire Tree,1.0,2.0,2.0,5.0,C257436B-2CA0-4EEB-8F81-0705BE21A49D,3ABB48C8-1DF5-4570-B281-BF6443DBDB06,2021-09-23 14:44:23.0000000,3.0,
4984228,No Visible Defect,Entire Tree,1.0,1.0,1.0,3.0,CC387423-3FEC-4590-BB09-B7AC222FF228,5FB3DC26-EA8F-4F58-BF2A-B778F7CA2CDD,2021-09-15 18:07:57.0000000,2.0,
5053359,Root Problems,Root Flare,2.0,2.0,2.0,6.0,FF9CC046-D656-4682-B01D-7FBCF0847BB0,48698897-85B2-4338-94EE-25DDCDC73295,2021-09-22 15:25:27.0000000,4.0,
5168152,Decay,Branches,3.0,1.0,4.0,8.0,6E6EE8ED-984B-4F49-8B7F-64CF861A0714,A71E1A01-F765-4264-9BF6-21A952581B9A,2021-10-05 14:35:57.0000000,4.0,65CAE8F6-67D1-46FD-8555-2B4878834A37
5053774,Dead Wood,Branches,2.0,2.0,2.0,6.0,5A08889D-3EC3-4EE7-85D6-7383F879A542,53EEDA4C-EA08-4C03-9976-02A270764D4C,2021-09-22 17:56:56.0000000,4.0,
5061912,Cracks,Stem,2.0,2.0,3.0,7.0,28462761-263A-4C8F-8E4B-9A9ED6C6DD97,3904022F-161E-4CDE-9D83-B33524C6DAA4,2021-09-23 17:14:17.0000000,4.0,
4909601,Dead Wood,Branches,1.0,1.0,1.0,3.0,7577585C-6E21-47EE-B87B-19CE4BFE885D,F857B48A-CACB-43C5-A594-A078A95C13F2,2021-09-09 14:29:04.0000000,2.0,
4922940,Dead Wood,Branches,2.0,3.0,2.0,7.0,1BB1C917-BB2D-4E97-A57C-05918826B53C,68017C45-1B06-4292-87B8-91AC5902DB3E,2021-09-09 20:58:29.0000000,5.0,
5202925,Decay,Branches,2.0,2.0,2.0,6.0,411ED229-9587-4EE8-89B5-97907F03AD52,3895E226-9FE1-488F-91D8-6B0B0276AACF,2021-10-08 16:00:25.0000000,4.0,
5036150,Poor Tree Architecture,Stem,3.0,4.0,3.0,10.0,0D719F59-8D61-462F-BB50-CC2A76AB8C99,1322ED8D-5B37-4C7D-A519-A76899E05488,2021-09-22 16:46:00.0000000,7.0,026F9965-4E14-4DEB-80AE-9B3E90515E42
5184445,Dead Wood,Branches,2.0,2.0,2.0,6.0,A4B245D9-F67A-4C41-A1C5-CD7E20549758,77A8954A-7007-4A21-8D82-B9BE41F86FFF,2021-10-07 13:57:15.0000000,4.0,
5036565,Dead Wood,Branches,3.0,2.0,1.0,6.0,43F0C76D-9458-45FE-9620-0733BCEF4C8F,CA1471FD-9035-4708-A8FE-E1A0B545BDC4,2021-09-21 16:58:22.0000000,5.0,
4997464,No Visible Defect,Entire Tree,1.0,2.0,2.0,5.0,B11BEC9E-6A30-4104-BFC1-61270AA37306,95FAADED-5376-4F66-B1CC-DF43697E70EF,2021-09-17 12:40:47.0000000,3.0,
4956027,Poor Tree Architecture,Branches,1.0,3.0,2.0,6.0,C1B2734E-D711-4692-B1F3-B76A92A1D7B4,E076ABA8-6F43-4460-B417-948F5BEC5E2D,2021-09-14 12:49:41.0000000,4.0,
5173539,Cankers,Stem,2.0,2.0,3.0,7.0,B4BDD2B4-A24F-4B8B-8CFD-021B513BB18A,2F736CE7-8850-4C85-A436-1FD6C173CCEE,2021-10-05 18:04:24.0000000,4.0,
5070694,Dead Wood,Branches,2.0,2.0,2.0,6.0,4B1EF3B7-63C6-41F2-915C-ADC683212D06,E5E7728C-7F90-4A08-9C72-FF8EADE274F1,2021-09-24 14:54:33.0000000,4.0,
4920484,Dead Wood,Branches,2.0,3.0,3.0,8.0,BC9B6E50-62A4-43B4-97AF-F71CA86DE711,671F226B-4CA7-4B07-97BD-274C8B1FED8B,2021-09-09 17:55:00.0000000,5.0,
5000750,Dead Wood,Branches,3.0,3.0,2.0,8.0,7C495EAF-5405-4100-9A4F-AD0EE9408DA2,2E387DE9-A5AA-4309-9607-708EEC97E008,2021-09-17 16:27:31.0000000,6.0,90945B6C-89DA-4E9B-BE33-B221B6CC080A
5009406,Poor Tree Architecture,Stem,2.0,2.0,3.0,7.0,CD81A176-520A-4106-9E96-B2F0B2494AE1,D2E1BF80-5712-451B-A54D-C11D35F8D1D9,2021-09-20 13:52:14.0000000,4.0,E20B78F3-D985-45CA-8E60-3293218EC143
5041434,Decay,Stem,1.0,2.0,3.0,6.0,4AD6CE35-7760-4EDB-B577-E00C7A5D0BC0,CB45B281-4785-426B-896A-7FC1369C0483,2021-09-22 14:44:24.0000000,3.0,
5187316,Weak Branch Unions,Branches,1.0,4.0,2.0,7.0,AE213FD7-976B-4056-8107-B9112373374B,9F24314E-9996-461D-81C9-4FB4A91B4894,2021-10-07 14:47:01.0000000,5.0,
5057398,Decay,Stem,2.0,2.0,2.0,6.0,B182CEAC-CE6D-4243-A357-E0070097D621,934A6A93-4D1F-47FB-9814-8F2129D64F96,2021-09-23 13:43:27.0000000,4.0,
4892495,No Visible Defect,Entire Tree,2.0,1.0,1.0,4.0,BE68FB6D-FC5B-4A01-BDFE-0D68A1F26CC1,F13F96A2-134D-43BA-AC24-746D237744D5,2021-09-08 13:59:44.0000000,3.0,
5089715,Dead Wood,Branches,2.0,1.0,2.0,5.0,56C9D9F4-D9AA-48A7-BC3E-B76D5878CAC2,91B49CB8-43C3-41CA-B5D8-6AF708622AE1,2021-09-27 16:23:53.0000000,3.0,
5197140,No Visible Defect,Entire Tree,1.0,1.0,1.0,3.0,880B39C9-D48E-48A1-9E19-A4AF677A352A,EBA62689-8A20-4988-AC4E-5156C152B989,2021-10-08 13:58:24.0000000,2.0,
4933720,Dead Wood,Stem,2.0,3.0,3.0,8.0,8439290B-DA59-4072-BA92-AB5EB262420A,4D373164-164D-449D-A861-87678411CA84,2021-09-10 17:32:48.0000000,5.0,
5074192,Dead Wood,Branches,3.0,2.0,1.0,6.0,E535B154-405C-4CC7-BB72-2D07953EAA83,78E31E4A-F662-4858-A67E-439FC4B55537,2021-09-24 14:48:21.0000000,5.0,
5049572,Dead Wood,Branches,2.0,2.0,1.0,5.0,6E1658DC-5656-4CA4-BD3B-83F6796D5B64,54360081-1DB8-40A7-9082-8C0101C932D2,2021-09-22 18:55:46.0000000,4.0,
5002081,Cankers,Stem,2.0,3.0,3.0,8.0,2E4AEAC5-6224-4139-B2FF-C617BB6DD6EF,1FA9D5C3-4FF1-4594-8264-4A66704C0FC6,2021-09-17 15:58:39.0000000,5.0,
5015858,No Visible Defect,Entire Tree,1.0,1.0,1.0,3.0,BAFD9E39-9024-4A2B-B0EE-3D3172276692,5A46A656-6D54-4A97-BE4F-2C632A0CD845,2021-09-21 10:00:32.0000000,2.0,
5059396,Decay,Stem,3.0,1.0,3.0,7.0,7C19540E-1B84-4CBA-8577-876EB25C6768,FB95DA16-A740-40E1-BBCF-8099D163EC68,2021-09-23 15:14:26.0000000,4.0,
5083930,Dead Wood,Branches,1.0,3.0,2.0,6.0,DB500B45-AF3F-40ED-992C-E894B8984127,D7DB4BC6-41E9-48A9-9874-7284549C7EC9,2021-09-24 17:55:44.0000000,4.0,
5192686,Dead Wood,Branches,1.0,1.0,1.0,3.0,C533B062-4645-46A0-B39C-3EE0982FBDE0,141AADD1-1F07-41C6-8BD4-15E848C36501,2021-10-07 20:37:24.0000000,2.0,
5084345,Decay,Stem,3.0,4.0,3.0,10.0,B68C42F9-D3AC-487E-8BBE-1EE490812898,CAF8CE33-0C21-4426-8333-05B1F437EBC8,2021-09-27 14:19:00.0000000,7.0,7B94CF2B-7FC3-4459-9D01-3AEF618F4504
4935821,Dead Wood,Branches,2.0,3.0,3.0,8.0,63930CE4-242C-43F6-9429-B1D1943187EE,1D2B2ADD-4965-4CCC-82C2-1DF74C0A69CE,2021-09-10 20:43:32.0000000,5.0,
4940149,Decay,Root Flare,3.0,3.0,3.0,9.0,4EAFCAF7-13FC-4FD1-B619-8B88B0CF0F39,3B43B266-6DE4-4E4F-93EA-30A433B4BBF4,2021-09-13 13:25:42.0000000,6.0,
4973448,No Visible Defect,Entire Tree,1.0,1.0,1.0,3.0,24282DB1-1832-4D8D-9B49-3E1698FCA1A7,40A47FF7-42CD-45A2-9E8B-802A9D8A0242,2021-09-14 18:26:46.0000000,2.0,
4960879,Dead Wood,Branches,2.0,2.0,1.0,5.0,71ABABF9-7AA3-4A94-A4D8-BFF8BF96867B,2482F5B8-3FD2-4756-85ED-4F2989C3ADA0,2021-09-14 13:36:51.0000000,4.0,
5122098,Dead Wood,Branches,2.0,3.0,3.0,8.0,0A683983-7B15-4348-8DD6-DD93149423F2,DCB7F362-E09E-4BCC-BAD1-BDE0B7DAB6E3,2021-09-30 06:42:25.0000000,5.0,
4905502,Weak Branch Unions,Branches,2.0,3.0,2.0,7.0,22B9A51E-6EBF-4D1D-88DC-26A700B31DA1,3D38D92E-50B4-4D6F-A6D2-B44059509894,2021-09-09 03:11:03.0000000,5.0,
5095440,No Visible Defect,Entire Tree,1.0,2.0,2.0,5.0,68C010F2-B2D5-4A6C-831D-8D2BA3470A94,5BB48BB7-0FC2-4ECC-8363-DF0A61195CA2,2021-09-27 18:05:23.0000000,3.0,
4879800,Dead Wood,Branches,2.0,2.0,1.0,5.0,A5E1BE1D-2A58-45D1-BD4A-34620F748BC1,99E92C62-2565-4B71-8D77-20B99AC3FD75,2021-09-07 13:57:53.0000000,4.0,
5119745,Dead Wood,Branches,2.0,1.0,2.0,5.0,4422EBBA-8F3A-4F7D-BD3E-A1B2A8399308,96F08F0F-1F5B-4846-82DF-7F0D9FC3AAA5,2021-09-29 17:19:56.0000000,3.0,
4881901,Dead Wood,Branches,2.0,1.0,2.0,5.0,5B8C35D9-2188-4D60-8A1B-BDA4732F22F7,B50B0867-5D8B-4BF3-A06C-04E7705DDA3B,2021-09-07 16:07:02.0000000,3.0,
5108321,Poor Tree Architecture,Branches,1.0,3.0,2.0,6.0,AD4F13D3-BFAA-47E1-B0B8-BD285D4250F4,81F54C68-F2FC-45C3-8299-630CE39358D4,2021-09-29 13:49:40.0000000,4.0,
4949472,Dead Wood,Branches,2.0,3.0,1.0,6.0,3A9441B3-21C8-4CD7-86A9-EB882FC453C2,292A9543-D10F-461C-BD4C-FA856416C96F,2021-09-13 14:05:22.0000000,5.0,
4905044,Dead Wood,Branches,2.0,2.0,1.0,5.0,0394113D-A5A0-4927-8DDE-C3FBDDA8145B,9F08DA40-EC51-41CD-A1B5-9D7E05BEC719,2021-09-08 19:21:01.0000000,4.0,
5036980,Dead Wood,Branches,1.0,3.0,2.0,6.0,35FF0BE2-F23F-44C8-BEBB-F08990942C42,F85520AE-85B5-4341-8F4F-F112BAE5E12E,2021-09-22 13:28:16.0000000,4.0,
5093754,Weak Branch Unions,Branches,2.0,3.0,2.0,7.0,B3213B8D-9B5E-4318-870C-B59DA672861F,6F4A312E-01FE-4D2A-AB91-C55261F0D3BD,2021-09-27 19:27:34.0000000,5.0,
5001666,Dead Wood,Branches,2.0,2.0,1.0,5.0,5DDDCBE6-570C-47BB-A092-E13B01B79C50,0BAB9E89-BB04-4701-8885-14420576BBC8,2021-09-17 16:44:38.0000000,4.0,
4999565,No Visible Defect,Entire Tree,1.0,1.0,1.0,3.0,062A82B2-D339-4A15-8725-5FF8B529FEB4,1AABD12E-03CB-4E21-90F5-B11E22B8D9B0,2021-09-17 15:39:32.0000000,2.0,
5131710,Dead Wood,Branches,2.0,3.0,2.0,7.0,D81D429A-146C-4AA3-9359-AAE3943085D6,33B13FA3-DC0A-4585-B580-A17BC19B07F1,2021-09-30 12:14:14.0000000,5.0,8C6D11A2-847A-4114-8D72-4111BB3D988E
5026097,Decay,Branches,2.0,2.0,4.0,8.0,E3F29F20-D8F6-4323-B588-363BCC0D199F,4ABCFBED-17E1-44BE-BBD7-1BE6AB773D32,2021-09-21 18:12:38.0000000,4.0,0D23C345-BFCE-4D19-ACDD-281A39009A71
5177392,Root Problems,Roots,2.0,2.0,2.0,6.0,D22DC1FC-DB32-425C-A129-8687E195C357,4A344FF5-E063-4926-A9F2-597A1D87DD2C,2021-10-06 14:17:13.0000000,4.0,
4927497,Weak Branch Unions,Branches,2.0,3.0,2.0,7.0,1F1C98AA-FB5E-4034-95BE-F561D0651561,7C722FFC-F5EB-43C2-8829-FFF9E0C423AE,2021-09-10 14:04:03.0000000,5.0,
5002894,Cracks,Stem,2.0,2.0,4.0,8.0,C7A206D3-8A2E-41DD-AA7D-B135CBA912E0,A63A9B2E-16D8-4DA1-8B65-2E1484B83512,2021-09-17 15:26:13.0000000,4.0,
4878632,Dead Wood,Branches,2.0,2.0,2.0,6.0,6E043121-ED69-4188-848E-7F6007A0C76F,29C13A3B-BCB9-4188-A4CE-6D963BAC596A,2021-09-07 12:56:05.0000000,4.0,
5019127,No Visible Defect,Entire Tree,1.0,2.0,2.0,5.0,83D1F5F8-EAFB-4E5C-879D-D92BCCA3AA77,8B56F3A7-43A5-417E-A637-750F90B68304,2021-09-21 14:07:47.0000000,3.0,
5132337,No Visible Defect,Entire Tree,1.0,1.0,1.0,3.0,75C20AF0-A5DF-419D-A499-29FC62637A0E,BC9C43DC-EC5C-4530-BC89-57A33F0B9F71,2021-09-30 16:38:36.0000000,2.0,
5200409,Decay,Stem,2.0,3.0,3.0,8.0,0A3352AF-ED17-416A-AEB8-F1EE74A9287D,6D65C3DA-2E83-4123-BA8A-7A8B75C171B4,2021-10-08 14:57:34.0000000,5.0,
4914470,Poor Tree Architecture,Stem,2.0,2.0,1.0,5.0,266EF816-8B6B-446D-989E-933C70C495FA,E5AEFB78-2A42-4715-A81B-105C0150364D,2021-09-09 14:51:38.0000000,4.0,
5109134,No Visible Defect,Entire Tree,2.0,1.0,1.0,4.0,784DF551-8804-41FD-8A35-545C41FF85F8,7C67F0F6-FB72-4E88-BB13-B4657DB3DA2E,2021-09-29 14:42:29.0000000,3.0,
5107906,Decay,Stem,3.0,3.0,3.0,9.0,0E914C51-31F0-4820-9EAC-22C4BDE5D928,1CBB8A31-A2B5-44EF-9B85-DA20C2DC6822,2021-09-29 13:40:30.0000000,6.0,53F21893-4220-4D1B-B6E8-D9EA15100ABA
4918901,Decay,Stem,2.0,3.0,2.0,7.0,E5266744-54BD-4902-9858-F9E0AD851560,03F30D7D-32A4-4EE9-8A23-29C63F1F4B42,2021-09-09 16:17:12.0000000,5.0,
5017959,Root Problems,Roots,2.0,2.0,2.0,6.0,4C1A0E41-664A-4DF3-BB2B-0D0F7FAE5AD3,DDD9E4AE-7531-48D5-A188-A68BAC9A2EDA,2021-09-21 13:14:41.0000000,4.0,
5185716,Dead Wood,Stem,2.0,2.0,2.0,6.0,480F1013-4F44-4BFE-ACE6-0F8D4FFCB3AC,6BEC3319-54B0-4D56-A901-B63565B6D684,2021-10-07 14:56:36.0000000,4.0,63F5A98B-E472-450D-996F-06327EB80FB9
5165009,Dead Wood,Branches,2.0,1.0,2.0,5.0,32F2499D-C1AE-450E-8EAA-2E598A636D28,16EC8B65-3FFE-458E-8586-6AE00AAE4A7E,2021-10-05 14:19:22.0000000,3.0,
5075420,Poor Tree Architecture,Stem,2.0,2.0,2.0,6.0,4ACE4699-DEAA-404E-8CAE-E410939C4019,FF6C4D89-D226-4F5F-8E7B-36527B50EC89,2021-09-23 14:56:33.0000000,4.0,
5018085,Poor Tree Architecture,Branches,1.0,3.0,2.0,6.0,0047D610-3694-4354-A180-36B613069C3C,C143C3FE-A1F4-4F7B-A262-95C31B417E6D,2021-09-21 12:24:37.0000000,4.0,
4986996,No Visible Defect,Entire Tree,1.0,2.0,2.0,5.0,8B3524A1-48D2-4982-AC2B-0D0548FB6B54,9D434903-BC60-4BA3-8E5C-6D23C75A3276,2021-09-16 11:53:46.0000000,3.0,
5015798,Dead Wood,Branches,2.0,3.0,2.0,7.0,3FF381BC-BC67-4DFD-BB6E-42E50D88C6E4,31F04311-C373-44A1-A656-908183D908BC,2021-09-21 09:10:14.0000000,5.0,
4918071,Dead Wood,Branches,2.0,1.0,2.0,5.0,9B158470-76A9-4DF9-8D3B-E6738C81CA93,7467A7CB-51F5-4854-9273-620B5B360D03,2021-09-09 17:16:22.0000000,3.0,
4933239,Dead Wood,Stem,2.0,3.0,3.0,8.0,903BD09F-15AB-42D9-9BC4-F9E46CC9FF08,804E1311-0F94-4080-A757-6562DB7F08E3,2021-09-10 15:03:59.0000000,5.0,
4903378,Dead Wood,Branches,2.0,2.0,2.0,6.0,E2D93996-415B-400D-8BC8-A3A9299329BA,C301A647-1500-44AB-AE47-10B6A96E555B,2021-09-08 17:33:01.0000000,4.0,
4983289,Poor Tree Architecture,Stem,1.0,3.0,3.0,7.0,88EB53BA-345A-4D58-A09E-4B3D142A46D9,D8EAADF9-345B-410F-A1C7-19D3E90B11BA,2021-09-15 17:03:26.0000000,4.0,
5067720,Dead Wood,Branches,3.0,2.0,1.0,6.0,B1BBD22D-E98F-4512-ACD6-B7342F6B7842,81FB7C64-EDD5-45E6-B5F9-84D21F998E31,2021-09-24 17:59:00.0000000,5.0,
5099539,Dead Wood,Branches,2.0,2.0,2.0,6.0,2C4A8FBB-1BF7-4E22-8103-451C50721AAA,0FBE96BB-7822-4F3F-9A37-72D4BDB40A34,2021-09-28 14:23:37.0000000,4.0,
4984955,Dead Wood,Branches,1.0,1.0,1.0,3.0,8260C9A3-E7E5-4FC5-A835-9F732ED12F0F,EC21D83A-4E7C-406E-A1BE-94248A0703EF,2021-09-15 18:28:08.0000000,2.0,
4935718,Dead Wood,Branches,2.0,2.0,2.0,6.0,33845314-F03C-42A7-8936-2632513A556F,C68F4246-27E8-4371-9A4F-26C4D776B15F,2021-09-12 16:26:47.0000000,4.0,
5081829,Decay,Branches,1.0,1.0,1.0,3.0,30322233-6517-4711-B907-EBADB0DBCF68,671CDED9-9FA0-4F3E-90B6-312D944F1750,2021-09-24 18:09:39.0000000,2.0,
5150671,No Visible Defect,Entire Tree,1.0,2.0,2.0,5.0,5650213C-8A6D-4D65-860C-975A0BE2A605,585AC614-2142-4B12-B2FF-B09659C548F2,2021-10-01 17:07:44.0000000,3.0,
4922983,Cracks,Branches,2.0,3.0,2.0,7.0,1BEB658E-B8C9-439C-A804-4FDF2C73E34D,9CF06934-C9E6-4805-9CE6-FFEBF91C8BC6,2021-09-10 13:14:00.0000000,5.0,F9CACB84-C080-4469-8FD1-639EF53C6FC7
5163781,Cankers,Stem,2.0,3.0,3.0,8.0,C224943B-1FE3-4465-9179-506C616D0840,FA13060D-DEC6-4689-A965-DB73BCCAE068,2021-10-04 18:30:24.0000000,5.0,
4994550,Decay,Stem,2.0,2.0,2.0,6.0,37D389BB-468A-4B0D-9D09-48AA7158E7F5,CEDEACDD-AE54-4E68-9760-B0CC02B1160F,2021-09-16 16:08:39.0000000,4.0,
5163283,Decay,Stem,1.0,4.0,4.0,9.0,86AF6D60-1129-475A-AE55-BA7284A2494C,D6987745-34E3-4B55-BBA5-EA2547DA5936,2021-10-04 16:31:52.0000000,5.0,
5018729,Dead Wood,Branches,2.0,1.0,2.0,5.0,C3FC2920-0787-49FD-B000-09A5B4496BE0,8F800B4D-907F-49B6-9402-2B21618A4CDC,2021-09-21 14:05:32.0000000,3.0,
4874576,No Visible Defect,Entire Tree,1.0,1.0,1.0,3.0,E514366F-F49D-4B03-A22D-AB59CD0DD4D2,67C388B7-527D-43AF-86DD-A38AFC80ECCF,2021-09-07 11:59:52.0000000,2.0,
5014716,No Visible Defect,Entire Tree,1.0,1.0,1.0,3.0,389AAA46-3704-4784-86B1-DBD7E009E809,391EAD8A-2245-40CC-82FB-8E8E459CA85B,2021-09-20 17:34:46.0000000,2.0,
5066907,No Visible Defect,Entire Tree,1.0,1.0,1.0,3.0,B87AE1BA-C56E-4EEF-9417-815D94B50EAE,04B3977E-DE45-466F-BC89-0AF2174528C0,2021-09-24 12:47:09.0000000,2.0,
5102848,Decay,Stem,2.0,2.0,4.0,8.0,F97C512E-84D1-4E15-B261-D0546D3C8C77,CB144D53-939A-48C4-852D-F36DFC12C1CD,2021-09-28 18:25:03.0000000,4.0,
4934052,Cracks,Branches,4.0,1.0,4.0,9.0,7D89858E-0EDC-4663-B419-CFAA91BA2CFC,4BF73331-EAED-4445-BCD6-ABC06300FF8F,2021-09-10 18:31:16.0000000,5.0,D52CA840-BA2D-4E57-BD41-005A8B2266E3
5026037,Poor Tree Architecture,Branches,1.0,3.0,2.0,6.0,84E662D0-1F74-4B1A-A0F8-D0010ACE20BF,251DD23B-D5FF-4561-8066-52B77BA64FAA,2021-09-21 17:38:02.0000000,4.0,
5091756,Dead Wood,Branches,2.0,2.0,3.0,7.0,424B44FA-5300-4D35-A630-EE9D2FD380AC,B5F0805E-9E27-4ECD-98BF-B5C398EE4142,2021-09-27 13:44:02.0000000,4.0,AD8DBAF8-43AF-48F0-B51A-5DA8DFB58A11
4963707,Dead Wood,Branches,2.0,2.0,2.0,6.0,0CF5C55C-5D90-4C65-B209-A17AF2D23D7A,02A1C7C2-F072-4F1A-933F-438F3F29F2FC,2021-09-14 15:20:40.0000000,4.0,
5173522,Root Problems,Roots,2.0,2.0,2.0,6.0,F641BE22-5A04-4BAA-BA65-CA88F034BE87,C08D57D3-611E-45DE-8BAB-19FAE130D527,2021-10-05 18:14:09.0000000,4.0,
5119642,Dead Wood,Branches,2.0,2.0,2.0,6.0,3367FD8E-7B3A-430F-83C4-13D5B1BDC3F2,8BE1A515-BAB3-4941-92A9-9D4F03CC7549,2021-09-29 13:39:50.0000000,4.0,
4958111,Dead Wood,Branches,1.0,3.0,1.0,5.0,4B352E96-9BD1-4A1F-A14E-C49CE20B2D0E,A33E482C-E7BA-4A86-968A-09E5373F2E1E,2021-09-14 18:05:00.0000000,4.0,
5081016,Dead Wood,Branches,3.0,1.0,1.0,5.0,40B35685-7C52-4E11-9476-A3F336B51777,CC000F18-CD4F-42A6-A052-AF9106202720,2021-09-24 18:24:05.0000000,4.0,
5063598,Dead Wood,Branches,1.0,1.0,1.0,3.0,B3570DD5-E0ED-4D85-832C-6F5532030A8E,7B10A958-4253-446B-ADDC-43E5DFD00C2D,2021-09-23 17:37:51.0000000,2.0,
4983372,Poor Tree Architecture,Branches,1.0,1.0,1.0,3.0,953413E2-92CD-4DD4-A16D-D52E37E6DA89,1B6E2468-99CB-4DCA-998C-5E8DF9334DE3,2021-09-15 15:47:19.0000000,2.0,
5179450,Dead Wood,Branches,2.0,2.0,2.0,6.0,2D85E554-6897-45CD-A6BE-5CD240B748C1,02005450-1CEE-47EA-809F-DA8A33AB21BB,2021-10-06 19:59:11.0000000,4.0,
5043933,Dead Wood,Branches,1.0,1.0,1.0,3.0,86C52445-009E-44CA-B308-0BFC2CB33E66,A4D05611-0794-4CF8-8D72-10F13B76F1A4,2021-09-22 16:18:18.0000000,2.0,
5070591,Dead Wood,Branches,1.0,2.0,1.0,4.0,2ED9AE28-86A6-455F-9553-AEAE70B51E57,3EA56A5D-703B-417D-86B2-F2DBAA12925D,2021-09-24 14:15:00.0000000,3.0,
4936548,Dead Wood,Branches,2.0,2.0,3.0,7.0,8B3DAF66-E632-4E68-AA88-9E3C7DE9CBD3,B5B5EAA9-126F-4FC0-B54D-7A8DD1F3C4C0,2021-09-10 17:31:57.0000000,4.0,
5099977,No Visible Defect,Entire Tree,2.0,3.0,2.0,7.0,ED2DFF08-1906-4E2A-91B2-458C1DE313AB,875FDBB9-BFE6-4BBF-8DE3-4EB018A1C6B4,2021-09-28 15:54:34.0000000,5.0,
4973508,Dead Wood,Branches,2.0,3.0,2.0,7.0,0464FAB9-058D-45A5-B4A1-4D7510D072ED,F5A7F0E6-429B-4E84-ACCD-B7EF8197B1C1,2021-09-14 20:00:57.0000000,5.0,
4953511,Dead Wood,Branches,1.0,2.0,1.0,4.0,A1F53F4D-0853-442D-8E4B-7FBB4FD5D189,967D3CEC-EFA4-46A4-8AA3-72BFEFDEAE5E,2021-09-13 17:13:59.0000000,3.0,
5173977,Dead Wood,Branches,2.0,1.0,1.0,4.0,A9C9F215-D675-4666-BF0C-097FF0A0DB92,6763B598-F9AB-4B8B-8A1A-9DE025F80208,2021-10-05 21:26:08.0000000,3.0,
5107093,Dead Wood,Branches,3.0,3.0,3.0,9.0,9A9A9EF4-AC58-4584-BE42-D6E676C13806,39D845AA-0A0C-4864-851D-E0350E4A1DE3,2021-09-29 17:28:00.0000000,6.0,531874F9-20F2-4A87-9BC0-76CEC12F51D9
4971407,Poor Tree Architecture,Branches,1.0,3.0,2.0,6.0,8331DE27-F805-4833-AE1F-3E14038932F5,BAA07274-35D8-4D76-8199-AC242774B586,2021-09-14 18:10:14.0000000,4.0,
4924251,No Visible Defect,Entire Tree,1.0,1.0,1.0,3.0,7983BA5A-6FEF-4093-921A-D05F4D749751,D2EC5358-56E5-4167-A617-9264B54411CA,2021-09-10 12:41:46.0000000,2.0,
5152729,Dead Wood,Branches,2.0,2.0,1.0,5.0,199210AF-B9A1-4825-A3BB-B36B8CF771B9,457C3E41-C39C-4B15-83B9-962D94AE32C5,2021-10-04 11:46:37.0000000,4.0,
5179304,Root Problems,Root Flare,2.0,2.0,3.0,7.0,9E5B8FB0-FF79-48E6-8C02-DAF6A6074A3C,1652E541-6777-4EF8-BEE8-2F2DEBB5D66C,2021-10-06 19:32:46.0000000,4.0,
5164113,Dead Wood,Branches,1.0,3.0,2.0,6.0,74FEC386-5E64-44A1-886D-16E5799890F5,3070E36C-47C6-4AEC-8799-2AD716574B4A,2021-10-05 11:37:52.0000000,4.0,
5002519,Dead Wood,Branches,2.0,2.0,2.0,6.0,A0CF857B-2302-45EE-9520-6E25528A1512,B409EAE3-D090-4BA9-AA70-408BAAA75499,2021-09-17 15:50:54.0000000,4.0,
4966123,Poor Tree Architecture,Branches,1.0,3.0,2.0,6.0,719171B5-22E9-4A0B-84C1-9F523193328D,3F692351-D0E6-432F-9291-DDA3E70FE182,2021-09-14 16:29:25.0000000,4.0,
5065679,Weak Branch Unions,Branches,1.0,2.0,2.0,5.0,7EF86AE2-0A9A-450A-AD28-13106840BD93,388B34D1-6BD9-47A5-831F-CC76C471441C,2021-09-23 18:14:43.0000000,3.0,
5002562,Poor Tree Architecture,Branches,1.0,1.0,1.0,3.0,AA62AB53-06E3-4CDB-A043-410ABEE83066,31F19AB4-E36C-4570-883C-6F61C380BB73,2021-09-17 15:18:59.0000000,2.0,
4935778,Poor Tree Architecture,Stem,1.0,3.0,2.0,6.0,847FDDE3-BA94-46F6-AC17-16049953ABC2,1AD1B291-AE97-4138-89BE-77FA68167A79,2021-09-13 06:56:22.0000000,4.0,
5152772,Poor Tree Architecture,Branches,1.0,3.0,2.0,6.0,CE2BF9C2-3E24-4143-86A3-B7DE54DC09DF,01B96C03-9198-427C-962D-EABA9C6E8308,2021-10-01 18:26:10.0000000,4.0,
4987826,Dead Wood,Branches,2.0,2.0,1.0,5.0,FCDB4BD6-59AE-48AD-B4FA-DA8D337730AF,EA4A5C73-515F-4238-AF9E-5EC9A46C37B9,2021-09-16 12:43:49.0000000,4.0,
4938944,Poor Tree Architecture,Branches,1.0,3.0,2.0,6.0,69E1BEF6-06C1-4872-9016-15A72641FEF3,107B0F9A-4348-43FB-BB77-453C23BF6409,2021-09-13 12:53:00.0000000,4.0,
5068925,Weak Branch Unions,Branches,2.0,1.0,1.0,4.0,AD27B80C-18A2-4ED0-AB46-858BE4536460,B5F13D5F-453D-4D44-B067-E9817B5EC442,2021-09-24 13:27:21.0000000,3.0,
5109194,Dead Wood,Branches,2.0,3.0,2.0,7.0,C48C8780-BF99-41E4-A5B0-38FF98483FB0,008C1437-7ED6-4563-BDFE-89AD8B9E8CB1,2021-09-29 13:26:45.0000000,5.0,
4901360,Dead Wood,Branches,2.0,2.0,3.0,7.0,6D4EB5F9-9E60-4E44-AD12-1DADFD68259B,8613602E-EB03-424E-8580-321CDE23A0D2,2021-09-08 16:30:04.0000000,4.0,
4904606,No Visible Defect,Entire Tree,1.0,1.0,1.0,3.0,A921159B-6524-492A-8A2F-CCDCD6206736,8B5ACC0D-5C20-41DE-91F4-699404B38280,2021-09-08 17:19:07.0000000,2.0,
5109151,Weak Branch Unions,Branches,2.0,2.0,2.0,6.0,CB5B97CD-947D-446B-97B2-F5211DF598A7,FDB8747A-86D4-4D3D-A794-8F9A7843F40F,2021-09-29 15:05:40.0000000,4.0,CC939763-BE94-4565-8CDB-123E7F2E3627
5028095,Cracks,Stem,1.0,3.0,2.0,6.0,F1DE57EF-5134-492D-B284-92A5B8ACFF5E,F55F0D6E-58B5-4143-B8CF-7618CA6A2788,2021-09-21 15:08:41.0000000,4.0,8F21EC7C-E465-4FDF-8322-8EC66C204157
4916053,Dead Wood,Branches,2.0,2.0,2.0,6.0,BB3566F1-BA61-49E2-AA27-3E93DFD1F110,0CCD56E9-07A1-48EC-BF6A-31E01788A98D,2021-09-09 15:56:25.0000000,4.0,
5195099,Poor Tree Architecture,Branches,1.0,2.0,2.0,5.0,4D92C68C-82A7-4C5B-BCF6-E2C406EC5760,0C7E72DB-D845-496C-8A9E-8B1997FF2764,2021-10-08 13:21:35.0000000,3.0,
5158829,Dead Wood,Branches,1.0,1.0,3.0,5.0,AEA0B69A-B8E2-417D-B24B-964B947AE3B9,0D6AFE60-2560-488D-89BF-170BE256205F,2021-10-04 14:44:27.0000000,2.0,
5100369,Poor Tree Architecture,Branches,1.0,1.0,1.0,3.0,7E0E1511-0CC8-4C75-95F8-44AAE023386A,89E7A9BF-12D9-4DE3-B96F-811B31773D2D,2021-09-28 15:43:04.0000000,2.0,
4995380,Dead Wood,Branches,2.0,3.0,2.0,7.0,69196656-F5A5-4E88-BA8A-8A0FD7A0DFD1,B44C4689-7EDF-419D-A690-E6BA8AE5B829,2021-09-16 22:25:59.0000000,5.0,
5103721,Weak Branch Unions,Branches,2.0,3.0,2.0,7.0,60EEECA1-9265-4D1E-942A-807583C19DD4,4DFC7958-2334-4AC6-BAA4-ADAEEC3FD708,2021-09-28 19:44:08.0000000,5.0,
4913242,Cankers,Stem,2.0,1.0,2.0,5.0,BE8AF2C6-A4FA-4DA3-9954-0A684362A88C,EEEE040F-B455-4AC5-8710-946BC3E7260F,2021-09-09 14:54:07.0000000,3.0,
5146217,Dead Wood,Branches,2.0,2.0,2.0,6.0,FA795DFE-0134-4FE6-BEA8-1488D8EDD430,71C91936-F529-4CE1-B9BE-F1E2F1A0F97C,2021-10-01 14:53:15.0000000,4.0,
4988845,Cankers,Root Flare,2.0,2.0,2.0,6.0,3E9DBDE7-C2E6-42D9-8429-6856823058E6,A256977E-6038-46BB-B74C-705932AFB974,2021-09-16 12:29:47.0000000,4.0,
5124969,Dead Wood,Branches,1.0,1.0,1.0,3.0,951B13B2-6B64-40C4-969D-F892188246CC,FE869EAF-A080-4426-BB61-156A499FF133,2021-09-30 12:26:37.0000000,2.0,
5103678,Dead Wood,Branches,2.0,3.0,2.0,7.0,D63F4F10-D65B-4A75-87AC-48897C968FD4,41974658-EF45-4BB4-8AB5-8170069C8275,2021-09-28 20:52:18.0000000,5.0,
5127402,No Visible Defect,Entire Tree,1.0,2.0,2.0,5.0,730B938D-51DC-4415-9D8A-EEBAB1517899,4B5A8051-08EC-4B03-BE6A-31A65ED6265D,2021-09-30 13:33:47.0000000,3.0,
5179244,Dead Wood,Branches,2.0,2.0,2.0,6.0,8154230E-7803-4C1E-90F2-1766A1A35696,6ED25592-5803-4D3F-A6D5-8325C39FEE27,2021-10-06 17:34:23.0000000,4.0,
4984185,No Visible Defect,Entire Tree,1.0,1.0,1.0,3.0,7745C2D4-7865-4DCE-BB3D-95592FA29023,6CD4635C-CDB1-4461-853D-B5487AD79299,2021-09-15 18:06:10.0000000,2.0,
5021540,Poor Tree Architecture,Branches,2.0,2.0,2.0,6.0,1B4DCF42-40A4-4115-92C6-FDBE8E983A12,36CE455B-8D1B-48DD-A094-DF33DEF11845,2021-09-21 15:08:46.0000000,4.0,
5072566,Poor Tree Architecture,Branches,1.0,3.0,2.0,6.0,90741845-8714-4195-8E7E-F5BAB7CFEC87,D6BEAB2D-8024-4E56-B63F-D16833A42B41,2021-09-24 15:39:26.0000000,4.0,
5062310,Weak Branch Unions,Branches,1.0,2.0,1.0,4.0,A9A97112-5EF4-43BD-8AAD-799C1E19AF37,65CB3C87-A837-402D-829E-281ABAF9779E,2021-09-23 18:09:19.0000000,3.0,
5070966,No Visible Defect,Entire Tree,1.0,1.0,1.0,3.0,64AF9DC0-F645-41AA-BDA0-EF5174423A78,CE9503FD-8EFA-4B83-92FD-9B76BC2F37C9,2021-09-24 15:07:52.0000000,2.0,
5173582,Dead Wood,Branches,2.0,3.0,2.0,7.0,64D3D426-1A09-4220-8C3F-EF01226E8FF8,5F697004-28DE-45EB-89C9-267C3E76F469,2021-10-05 15:59:34.0000000,5.0,
5017086,Decay,Branches,2.0,2.0,4.0,8.0,4CD9D4A8-6FDE-415F-A2BD-7F7A889085CC,2C0984CA-B5DE-4746-A8F2-980C1F224602,2021-09-21 12:38:24.0000000,4.0,E2DA343A-405C-47C7-A359-C7C0F1E6BF61
5057355,Poor Tree Architecture,Branches,1.0,3.0,2.0,6.0,94AFD586-F2A0-47CC-9BE3-27B0B1CBDFE0,21AD72E2-4EBC-4147-9E2C-C3D7CE533ED5,2021-09-23 15:07:26.0000000,4.0,
5032154,No Visible Defect,Entire Tree,1.0,1.0,1.0,3.0,A6070E60-4C43-45A9-8EFD-8EB0AB378ACF,7BECD987-A0B1-4B2D-86B0-C3DB082408B7,2021-09-21 19:20:37.0000000,2.0,
5139350,Decay,Stem,1.0,2.0,4.0,7.0,BB059DCE-B208-40C2-AE30-E1D7BD2ED1FA,5F6FA139-4849-41CF-9264-930CFBA994E5,2021-10-01 14:34:20.0000000,3.0,D39C0C84-2B78-4AD0-8932-1AE49C04604A
5162513,Dead Wood,Branches,3.0,1.0,4.0,8.0,835910E8-5D94-4764-868F-F18D96C0D050,8BAB287B-6C10-476E-A6E7-C477DA1E5CFB,2021-10-04 15:30:20.0000000,4.0,409F5D5E-547B-4374-80A9-1EDB0F69CD33
4962499,Dead Wood,Branches,3.0,2.0,2.0,7.0,BD4A12CB-92FE-455E-811F-A4BDBD59BC11,9A194F8A-C3C6-4211-8EA3-CCD5FC65773A,2021-09-14 12:38:15.0000000,5.0,
5131650,Dead Wood,Branches,2.0,2.0,1.0,5.0,EC11E2B4-433F-44C5-863C-BB619BE9779D,1A617E3E-40CD-4F76-A1A3-CB4E2A61111D,2021-09-30 19:19:11.0000000,4.0,
4999084,Poor Tree Architecture,Branches,1.0,3.0,2.0,6.0,C36680EA-821C-4D65-B751-0FDB700801AE,3D97086F-D5B8-42C4-8B01-A29AEDC96BA7,2021-09-17 13:55:26.0000000,4.0,
4999522,Dead Wood,Branches,2.0,2.0,2.0,6.0,5230BE9A-C288-4432-A047-A1D1094D0215,738E51E8-27F7-4F49-90F3-31F89C4292F4,2021-09-17 15:16:10.0000000,4.0,
4932389,No Visible Defect,Entire Tree,1.0,1.0,4.0,6.0,FCB9B4FC-E232-47DC-9714-6D0126A47602,4109B49C-B08E-4575-A457-A97C0C2AC0C1,2021-09-10 16:14:38.0000000,2.0,
5129881,Dead Wood,Branches,3.0,3.0,4.0,10.0,5FDDB4AF-0DAC-4B45-AC98-E8C11DCADF11,7596A5F1-10EA-47F3-B1DE-6754BC778298,2021-09-30 15:50:53.0000000,6.0,5772C7AC-0F1F-4A55-BA6F-E79788C7581C
4983747,Dead Wood,Branches,2.0,2.0,3.0,7.0,C1B96DB7-B052-4D1C-ABAD-FC738ADB452D,D5D3F37F-6810-4EB4-B146-D7CAE759FFD6,2021-09-15 18:15:12.0000000,4.0,
5170980,Decay,Root Flare,2.0,2.0,4.0,8.0,A62E2999-531E-4750-9CB2-A745F93EFB5F,D53F43C6-AD73-467E-8FF5-18B3FCCE6B58,2021-10-05 15:33:29.0000000,4.0,95B6C6D6-961C-4770-9D08-3C5643DD2BD5
5091381,Dead Wood,Branches,3.0,1.0,1.0,5.0,3988F15A-8555-4278-BFAE-E68E9014BDA4,881E2E94-0548-484F-95C9-D8317C08BDCC,2021-09-27 17:54:45.0000000,4.0,8684FA18-BA96-44E0-B573-29BA643F091F
4486021,Dead Wood,Branches,2,2,2,6,8755B501-8605-4514-B164-1AD3F5368B1C,2A8827EF-63FC-4741-9A59-AF6F586D1DF5,2021-08-02 18:16:07.0000000,4,
119121,Dead Wood,Branches,4,3,3,10,D6C46682-8123-486D-90DF-7F53927A8AFE,7EFBF829-59C2-419E-8B03-3E1E303F3C22,2017-11-16 12:20:05.0000000,7,6F5CC472-FFDE-49A0-AAA6-FB155AA0ED68
2228817,Dead Wood,Branches,2,2,2,6,A94D7DC0-DE07-44F6-AB7C-EE17EFD95145,836F0E32-5D6E-43D0-ADE8-F6E643745702,2020-08-10 17:35:00.0000000,4,
765666,Dead Wood,Branches,2,2,2,6,5EED7225-FD67-47BE-9680-F125E35292E4,100B6BC7-01D1-4C83-8898-FC9E457A9260,2019-12-11 19:44:00.0000000,4,
2285591,Dead Wood,Branches,2,3,3,8,75079356-A534-4568-9735-8D52DE720400,098CB919-9256-40DA-8B47-C202CF83A532,2020-08-12 13:37:33.0000000,5,
73754,Dead Wood,Stem,3,3,3,9,84FC5CA2-AABB-4688-9738-5FC2F8934794,4796896D-F88E-407D-B0FD-FDB65C9202D3,2017-08-01 12:49:19.0000000,6,
164488,Dead Wood,Branches,3,4,4,11,1B46BE39-5945-4796-8382-EE07B624F7AA,8A54EDB0-1664-45C8-914F-40F981BE6A25,2018-02-26 11:56:38.0000000,7,AAE4D728-572F-4F5C-8399-AA1068C05671
1565292,Decay,Root Flare,2,1,3,6,DD939C64-D6C1-43C2-82B0-652CB7C34C9D,43AB646B-617C-4DEC-84B1-0856FEB29837,2020-05-27 14:50:13.0000000,3,
4503001,Decay,Branches,1,2,3,6,EBF6B72B-2ED3-4A26-9A64-C00669A4C73A,DA50AE59-3101-4BB0-925F-94089015D764,2021-08-03 14:37:21.0000000,3,
3731762,No Visible Defect,Entire Tree,2,3,3,8,D2946DC3-8FBA-42FB-B96B-8226E45A57FB,99E302BE-A0BA-4965-BDEE-17B9387B56C7,2021-04-29 16:05:00.0000000,5,
3102197,No Visible Defect,Entire Tree,2,2,2,6,46302169-3C16-4922-B7C6-FCED04A54ED4,11DC7012-3FC6-44C5-AD3D-71BBBD3D374C,2020-12-15 20:42:39.0000000,4,
486325,Cracks,Branches,3,3,2,8,AFD151B3-F9CB-420E-B7DC-9BE374885727,FD532BEA-64DA-435E-9557-E327FFF91D27,2019-06-21 15:36:40.0000000,6,
290748,Dead Wood,Roots,2,2,2,6,D425C047-44C6-4433-B9FC-18BFCD7F5A9F,99F9B141-9879-470F-B31D-7EEEC5BAA029,2018-08-13 14:49:30.0000000,4,
1994843,Dead Wood,Branches,1,2,2,5,C94A91BC-3927-4D4C-8E40-5E6F3BA4363C,51D196BA-AA5B-457B-87DE-5AA40A06511A,2020-07-27 15:10:00.0000000,3,
469345,Dead Wood,Branches,3,3,3,9,F52A418E-D378-40EE-BC30-EB0C0CD957E6,95170FB5-D7FE-47E5-85D0-5354D5A2F01A,2019-06-10 09:21:03.0000000,6,229EC8A6-9C51-4E41-9498-27B136182F08
4765362,Decay,Stem,1,3,2,6,A851F4E3-3E71-4ADD-926F-6C95D70F9B23,527EC38A-919D-40F6-9728-461773DEF293,2021-08-27 12:15:16.0000000,4,
1016620,Weak Branch Unions,Branches,2,2,2,6,E5B5DF9F-5BD0-411C-AA92-789E077C2CED,31786C1B-BFDB-4376-9CD7-D2DBA795B565,2020-02-06 17:38:00.0000000,4,
503305,No Visible Defect,Entire Tree,1,1,1,3,07186460-C806-4AE5-B307-5E52DC115AD9,8E3FE3B4-4E24-4CFE-8D38-542976EED1B2,2019-07-16 13:37:55.0000000,2,
3452421,No Visible Defect,Entire Tree,1,1,1,3,2A6C5D55-9289-4BB9-A455-428BDF6859A9,B592988A-A6FE-48E7-9552-17E0BDA19A6E,2021-03-03 14:34:20.0000000,2,
381482,No Visible Defect,Entire Tree,1,1,1,3,0E454613-5D09-4FA5-B770-A7B53661711A,DE2A9FDA-F241-4415-BA67-339E9C8F20C5,2019-01-03 13:41:44.0000000,2,
297718,Cracks,Branches,4,4,1,9,5711F545-BA63-4FB2-97A5-F405211A5A0F,6C15FB72-B0EF-441B-9EEE-C95A67A4ABCF,2018-08-24 10:22:54.0000000,8,39AE0232-373F-45CB-A1C0-EF4DA3C7DD3A
4681598,Dead Wood,Stem,2,2,3,7,CD4EBA0F-96ED-48F4-B80A-953621B2F740,CED84E29-B4F4-42F3-A939-70A73A3EA6B8,2021-08-22 19:10:13.0000000,4,1B95A5AE-255B-4589-B9E6-E332D1E64987
2588882,Dead Wood,Branches,4,1,3,8,03CBC3FC-913F-47CB-A134-17E665CD71D2,A7819393-D5FA-429C-AC8A-2A631ADAC27D,2020-09-08 16:17:59.0000000,5,343CFA81-F63E-41DE-899A-E79E6B4FECF3
280738,Dead Wood,Branches,2,2,1,5,C4AAD721-3E16-4BE7-BC43-E067C2A45A51,5AF1CD8D-E178-4F9D-A2D5-0E57BE28A676,2018-07-24 13:30:51.0000000,4,
4664618,Dead Wood,Branches,3,3,3,9,75297BB5-D78B-4177-9F04-95F65F44D4AC,D2182D9B-7A31-443C-8F1F-34AD066174E4,2021-08-19 17:21:11.0000000,6,69670934-F3BA-4CB9-BBE2-2688384EBF8E
972650,Dead Wood,Branches,1,2,2,5,E4D466D5-FC5A-4E38-BF0B-0BB540002C1B,2BB14210-D783-4201-945F-BEC302AABE67,2020-01-27 16:38:00.0000000,3,
649416,Decay,Stem,1,3,2,6,1B82820D-AFB1-40CE-BFAB-B2327CE6555C,C6F55F77-A2F2-4711-9DF3-02113D0826BC,2019-11-06 17:31:00.0000000,4,
4467644,Cracks,Branches,2,1,3,6,A212EEF3-F88E-48FF-92E7-4707EA9AAA08,074B60F2-3B06-45A5-AD67-D8D2D563EF13,2021-07-30 16:34:40.0000000,3,
4028083,Dead Wood,Branches,3,2,2,7,E30B6F9C-940A-4FE1-88BD-7902E4C4A422,15D58F5D-9776-42C5-81E0-6B1C467EAA8F,2021-06-11 15:49:33.0000000,5,
4736975,Dead Wood,Branches,2,4,1,7,5B7D0CF5-2F19-4D7F-B8A0-A294C81165C8,D2562A53-FE63-471A-90C2-74824EB61FC3,2021-08-25 19:26:42.0000000,6,
1632076,Dead Wood,Branches,1,1,2,4,76500213-E5E2-47A8-A1A9-AE05D9756EA5,5BF8DE85-86E9-4147-9BC0-3D58975B119A,2020-06-04 15:34:04.0000000,2,
66784,Dead Wood,Branches,3,4,3,10,00215CAE-E512-4ED3-93FC-6286B3624040,5A30E497-3493-4147-AFA3-2C9D19563494,2017-06-30 09:55:19.0000000,7,
336115,Decay,Stem,2,2,4,8,519F4745-62E1-437D-B8CB-838C485CDA31,A5F65D29-1080-41D6-B29C-079C856C1280,2018-10-15 11:37:32.0000000,4,4AE1F6A2-7AA7-496F-8DC3-8F90EE19ED38
353095,Root Problems,Roots,3,2,2,7,31A0A089-E3D6-4E7C-80FA-307E3A4613E6,D3FE6C3A-AA12-4102-A663-EEE2E4ECB806,2018-11-07 12:28:53.0000000,5,F996DAFE-FDFF-4D23-BD7B-877500A8EF89
792656,No Visible Defect,Entire Tree,1,1,1,3,7C237AF9-ECE5-470C-BECD-E22F115948D9,A39205E5-D3A6-4779-A0DA-6177E9EDD47E,2019-12-19 16:14:00.0000000,2,
710289,No Visible Defect,Entire Tree,1,1,1,3,FDB2D317-833C-418D-B709-128464915365,F19532F2-7D00-40D3-B0CF-3A7BEB889CB2,2019-11-27 18:41:00.0000000,2,
2574942,Cracks,Stem,4,2,3,9,62A1F45C-58B8-4DEB-9FBB-F0B8015920DB,C05F6409-2A99-4BFF-B823-49CDF1234189,2020-09-04 19:39:53.0000000,6,
408472,Dead Wood,Branches,2,2,4,8,2BC53378-28F3-4311-A531-9393F342FAB8,8B306C30-9D63-4D3F-BF3F-7C6720FC39CC,2019-03-05 15:32:02.0000000,4,A1DDD8EE-924D-47F4-9346-A61D16B040A5
3346181,Dead Wood,Branches,2,3,2,7,D23E2F57-45A0-4709-81CB-5E08C4FDB159,0CCC020E-02BB-4F3E-B789-6AAE2086319F,2021-01-28 14:58:01.0000000,5,
476315,Dead Wood,Branches,2,4,2,8,56EC8C9B-74BD-4A8F-A31B-4E8ED084DB5F,1CB52F97-1E3E-4654-8247-E405F7002AAB,2019-06-17 10:30:08.0000000,6,8A4C88A0-8270-44BE-A271-648D41A68155
430948,Decay,Stem,2,1,3,6,CE0333AC-3F60-4ACC-8021-08C1B8A0B9FA,A5E5A036-DC71-4695-8BE4-724676CE2F34,2019-04-26 11:41:27.0000000,3,
283609,Dead Wood,Branches,3,3,2,8,B9BB4F99-C4D7-4767-AEC5-1F3C7F1E617D,B28100B4-DAC2-4C7C-AA4D-8472AED38D1F,2018-07-30 15:56:26.0000000,6,
2784628,Poor Tree Architecture,Branches,1,2,1,4,D456ABB5-939B-4098-900E-BD157E00313E,1FF07FA0-17BF-4B73-9BEF-C57D2DFC20A1,2020-10-13 13:24:40.0000000,3,
584198,No Visible Defect,Entire Tree,1,1,1,3,C66F9866-F8A2-4B41-83D5-D80AE97EBB40,B14C741D-A41C-4495-BBAC-77CA59C00E7F,2019-09-18 14:15:59.0000000,2,
266629,No Visible Defect,Entire Tree,1,1,1,3,B83CE4D6-D90C-4018-B15F-88DA2B0C9146,4ACA76B3-7FDD-4713-9AF3-41E34F42C24C,2018-06-26 11:01:17.0000000,2,
4600874,Dead Wood,Branches,3,2,4,9,BF52C1D9-4B5F-482C-978B-E70E8800BEEF,0F5A9D17-EC20-48B4-AEDE-C9DC96028CCE,2021-08-11 15:01:00.0000000,5,AE3280FA-5ABA-473C-BD2D-C2F97C908B1F
3875002,Dead Wood,Branches,4,2,1,7,72366D4D-5A57-424B-B06A-A5663F989D5D,94FA71D8-752C-469D-AD6D-096EE4E37CAC,2021-05-21 17:56:44.0000000,6,
66615,Dead Wood,Branches,3,3,3,9,0E6D8AC6-E89D-40A0-B450-DD518870E978,E26B7E6E-C627-4BBF-B786-3811D1EAB055,2017-07-06 12:05:51.0000000,6,
650813,Dead Wood,Branches,2,2,2,6,3AFD4C94-FC0C-4264-A877-5F79CD5A26BC,E1EB10D5-BF3A-494A-8865-B4A60098F436,2019-11-07 18:04:00.0000000,4,1D0E3762-A943-4B29-9E0D-16B7F9BC263A
3724623,Decay,Branches,3,3,3,9,CD674DC2-2887-44B5-B33D-C1FFE22CB912,18567B94-A0C9-4457-B995-84FFD3B64B5A,2021-04-27 13:15:32.0000000,6,31A4FC85-80F4-4856-939B-FC13C9BA2A00
