treatment,outcome,confounder_1,confounder_2,instrument,proxy,seasonal_component,linear_trend,noise
0,-1.004820115289482,0.0012301533574825742,-0.36563580822810365,0.7507136801196796,-0.22513722985586312,0.0,0.0,-1.0695279924039167
1,4.2512958175354125,0.2987455375084699,0.34181163446561236,1.0697261700303613,0.24414641499680523,0.003143159060238096,0.0005002501250625312,0.8723881784656174
0,-2.4998805889455507,-0.2741378553622176,-0.16534201121228373,-0.9899062157688924,0.2188296817947753,0.006286287067720245,0.0010005002501250625,-2.1501798475590967
0,-1.067037185871602,-0.8905918387572742,-0.8892324874469353,1.2674871990874712,-0.9086554147736545,0.009429352969997286,0.0015007503751875936,1.5678500369272588
1,0.34146141539558594,-0.45467078517172255,0.7876812344951233,-0.47438623330832946,-0.19448019422517093,0.01257232571523362,0.002001000500250125,-1.585237173144998
0,-3.330758658124264,-0.9916465549964624,-0.5396374495245412,-1.0257327877323268,-0.6792449479307627,0.015715174252513998,0.0025012506253126563,-0.6063826346384052
1,0.8096889789514218,0.060143602597438485,-0.49930884341177034,-0.17060422269937783,0.03155833229942962,0.018857867532150272,0.003001500750375187,-0.649412711827713
1,3.8415233496474843,1.3402152455545335,-1.3796515919512848,-1.4625527290027724,0.8732970509713789,0.022000374505988164,0.0035017508754377185,0.8032014858630679
1,0.6268308045539827,-0.49220651855132963,-0.7860157415618623,0.004578196723904754,-0.39523355441718355,0.025142664127713998,0.00400200100050025,0.8214222441124593
0,0.4855599260114794,-0.6204748998199404,0.6517715958851541,0.2897041392843967,-0.21350831863768854,0.028284705353161424,0.004502251125562781,0.41863412063156386
0,0.1939999009819935,0.4898420501851982,-1.6176551585337526,-0.20037008367977566,0.475583014666936,0.0314264671406181,0.0050025012506253125,0.6091215757156522
1,3.3036059749476108,0.35688700816006075,-0.07117369463371082,0.5361646905610279,0.06376400338762239,0.03456791845113242,0.005502751375687844,0.5317718960348193
0,1.7610195905489856,0.10541424899789856,0.7177250232748813,-0.3146810553474001,0.39902926797601934,0.03770902824882009,0.006003001500750374,-0.031943169397483075
0,-4.231230751439431,-0.9304680447082047,-0.3771086071282543,0.00405102856606363,-0.8972076922792938,0.040849765501170796,0.006503251625812906,-1.945815412305371
1,-0.3149229494732557,-0.02925182246327349,0.23979051840496315,-1.44066416825302,0.12570709697204038,0.04399009917935478,0.007003501750875437,-2.3574654234125583
0,-1.6217095152452456,0.6953031944582878,-1.1167940113829253,0.04267216738329507,0.5371677651534295,0.04712999825852939,0.007503751875937968,-2.3532417552701386
1,0.5097917554369212,-1.344214547285082,1.3102779021847437,-0.8510364071272692,-0.6874858946080782,0.05026943171814557,0.0080040020010005,-0.00787182401923253
0,0.6306892651091783,-0.45761576104021817,1.1010503361027648,-0.449778602782884,-0.2352831563528633,0.05340836854225433,0.00850425212606303,-0.1955707119988602
0,-3.6530232937057807,-1.901222739800844,0.2354990831833189,-0.09367906152695865,-1.1057441873950085,0.056546777719813215,0.009004502251125562,-0.10388365000567999
0,-4.474505833282377,-1.289537739784976,-1.7550788599159177,0.19097763255239386,-0.8935886820335565,0.059684628244992606,0.009504752376188093,0.27496463973583224
0,-5.596757884862791,-1.8417350377917323,-1.0459623376970644,-1.6466656291878172,-1.0806307077534956,0.06282188911748207,0.010005002501250625,-0.20473585779432613
1,1.4667532299725237,-0.23509113107468127,0.9767030619313426,-1.5634262078942067,-0.08158998951699786,0.0659585293427967,0.010505252626313155,-1.0011868613796204
1,-0.09320964890234462,-1.2674464814437032,1.7131210902787024,-0.3019750522481945,-0.4432801990889693,0.06909451793258313,0.011005502751375688,-1.5262684493131777
0,-0.3592029492564559,0.2712643588217015,0.2966154399850014,0.4743859386160522,0.06492309424352355,0.07222982390492594,0.011505752876438218,-1.9386405714720985
1,5.52003539019006,0.15675108662422516,1.247318934035698,0.3602414175762638,0.3627994153629657,0.07536441628465354,0.012006003001500749,1.3065600860127702
1,2.013610563163449,-0.18693094462995438,-0.6077617034215402,0.8927804352327263,-0.02366001882769668,0.07849826410364426,0.01250625312656328,0.9847858593822573
0,-6.722068626075876,-2.516759710820513,-0.18938715661090497,1.3010764648176134,-1.7121018414789593,0.08163133640113233,0.013006503251625811,-1.37360097463538
1,0.5654765434630437,-0.5386928958466366,0.001147903563308692,0.4964333278446989,-0.4759934466992401,0.08476360222401372,0.013506753376688344,-0.248050313037846
0,1.5104184266049692,-0.048500945401071985,0.42309675373499933,-0.019862269909256384,0.06993926865414198,0.08789503062715187,0.014007003501750874,0.49722744731789864
0,0.1629086221885523,0.11330898600330756,-1.5288095904449193,-1.0314578018078389,-0.20095709115573362,0.09102559067368361,0.014507253626813406,1.7003040957722992
0,-2.752083068470785,-1.5301357655053935,0.9406668425382941,-0.9460677795774783,-1.3303055967605766,0.09415525143532459,0.015007503751875937,-0.5915601546449688
0,1.3325920354586853,-0.47775327603393064,1.3225466443667953,-0.46717047157486447,-0.17749098514306286,0.09728398199267493,0.015507753876938469,0.2186807913630267
0,-2.1106550490110374,-0.9785190780566395,-1.148735148839963,0.26748660663939233,-0.9813589941361589,0.10041175143552472,0.016008004002001,1.2435958501033368
1,-3.210575926101992,-0.8088372394255993,-1.3553396712598527,0.2207355331904661,-0.2641645788589504,0.1035385288631593,0.01650825412706353,-1.7773879013059635
1,4.234954952613899,1.0608986233860787,0.3505601146176193,0.0042437559381249155,0.702429699746275,0.10666428338466463,0.01700850425212606,-0.7300350300877514
0,-2.216143033160091,-0.8075346753318965,-0.654311906112452,-0.15272265795460252,-0.500605172214432,0.10978898411923245,0.017508754377188594,-0.006059532963181362
0,-3.197865774523495,-0.0325217049455206,-2.3708296825978823,0.6304962543040656,0.007072352535993916,0.11291260019646535,0.018009004502251125,-0.7178547853434063
1,7.499630348769985,0.8843898673831739,0.8085835160253632,0.20833243110708471,0.7179699496342211,0.11603510075668172,0.018509254627313655,2.240528200979671
0,0.34964171630452934,-0.583600432743302,0.15559441690102901,0.29784680185810103,-0.44946885821904436,0.11915645495122076,0.019009504752376186,0.9401860711218561
1,1.4298211108456238,-0.11170194958415963,-0.47664699780784253,0.30843711906436094,-0.13678160356894747,0.12227663194274711,0.01950975487743872,0.2389845445774278
1,3.9648867383902475,0.11046414324948059,2.113444292710736,-0.5462929562689646,0.0670693747295556,0.12539560090555552,0.02001000500250125,-0.9694159060158223
0,1.7179259249079433,0.06378177425506196,0.13890425167965942,-1.0308375209161729,0.2694904092442989,0.1285133310258755,0.02051025512756378,0.9385530984420721
0,-2.4016743786483334,-1.2250558264176934,-0.7534300603052011,0.4911277930743177,-0.6158610255677586,0.1316297915021756,0.02101050525262631,0.6939102682516526
0,0.5681533450636425,0.0761402303770081,0.1011518121003468,0.4167273690922375,0.3231216330525618,0.13474495154546787,0.02151075537768884,-0.5052563983047309
0,1.965533385812475,1.3588234217415376,-1.040069267430892,-0.2200260609312674,1.0393165142588994,0.13785878037961183,0.022011005502751375,-0.42143629016807094
0,-5.670373979506385,-1.5471446781284823,-0.7617067740407445,-0.41574093284844815,-1.1080187818844194,0.1409712472416188,0.022511255627813906,-1.4955018647826013
1,4.815910238709897,0.8593826880215982,0.3863628021251846,2.278424050275165,0.2807439629575993,0.14408232138195554,0.023011505752876436,-0.04901056919503408
0,0.9648790097760286,0.11935402569658124,-0.5541982062122524,-0.7592090438492244,0.22727941928700035,0.14719197206484821,0.023511755877938967,0.9359707827900965
0,-0.41902726947674807,-0.6414703941072214,-0.45097407397023326,-0.21754410051461948,-0.26575230096715957,0.150300168568586,0.024012006003001497,1.0766723337143256
1,9.57889609371896,2.000416546342423,1.6689448608407815,0.2655093781024122,1.3348313510556764,0.15340688018582457,0.02451225612806403,0.6369926155114173
1,5.710307052604344,0.7622597120847118,0.8596487831863843,-1.154230576353581,0.7101827265715877,0.15651207622388952,0.02501250625312656,0.8920428381597503
0,-1.6461856072753571,-1.1992889021052233,0.8028258201068199,0.11723596667309545,-0.5665001235889547,0.15961572600507962,0.025512756378189092,-0.5844657698210795
1,2.832454507843991,0.07451622877146342,0.5288167021982181,1.7977491208578336,0.08628076815696821,0.16271779886696974,0.026013006503251623,-0.4607478117674114
0,4.127697424611212,0.5766895836701853,0.4842015617241953,0.9338681984535336,0.6302849846621444,0.16581826416271395,0.026513256628314157,1.287891964433132
1,4.171673452630341,-0.1887821253507493,1.4565848989071413,0.6322003356199405,-0.05534693906461782,0.1689170912613482,0.027013506753376687,0.500832908431797
1,2.788906014065272,0.682910267195206,-0.01954598597516107,0.5924279289453852,0.14633414496731068,0.17201424954809297,0.027513756878439218,-0.8002644230702786
1,4.849311983079691,-0.06651732014941557,1.8555141248997793,0.11196421654667392,-0.12579312495038028,0.17510970842465573,0.028014007003501748,0.5525462662465668
0,1.945018947713057,0.6672475608343279,-0.9514016679623094,0.9583929595630923,0.400362060903906,0.17820343730953322,0.02851425712856428,0.8963224894122593
1,5.906079023100351,1.438522591656152,-0.2550376877212449,-0.15586176653858155,1.1281586666780121,0.1812954056383136,0.029014507253626812,0.7674843306521558
0,-2.840938619065334,-0.6756622510056528,-1.3785963613758874,-0.42280654669743317,-0.630318063187951,0.18438558286397838,0.029514757378689343,0.1410628673331556
1,1.566562279916111,0.20313861038960904,-0.34377301969294316,0.10204267424649895,0.0697581095222032,0.18747393845720423,0.030015007503751873,-0.5103427879105943
0,0.6860783580026647,-0.46330757653841514,0.518442432954403,0.9056966040695844,-0.5014501848595101,0.1905604419066646,0.030515257628814404,0.44503293575684694
1,6.11700206259246,0.12726841122583082,1.4512468892251833,0.3304255907518141,0.09670492072575214,0.1936450627193311,0.031015507753876938,1.797110085268247
0,-2.75602259895769,-1.18719452785014,-0.6633275381969044,0.674538947061455,-0.8017463953680032,0.19672777042077488,0.03151575787893947,0.18133618196825518
0,-1.7573332721162083,-0.5793015965026732,0.005304473599095792,-2.02411921591897,-0.1952350913564924,0.19980853455546754,0.032016008004002,-0.6695302678950871
1,1.846898278517991,-0.1961959728044967,-0.3592103998349385,1.1930573955749926,0.03743165339863461,0.20288732468708218,0.03251625812906453,0.3815669890661511
1,2.4536240982696595,0.8987638721004078,-0.7385999407848944,2.3406017242962567,0.6774074777931153,0.20596411039879395,0.03301650825412706,-1.258940341437065
0,2.2795045138850463,1.145222007454132,-1.1893794535473297,1.3349040505613563,0.8652638859551546,0.20903886129358054,0.03351675837918959,0.26622602543455026
0,-2.791369414101989,-1.323527792484255,0.06066116530180276,-0.317619935485151,-0.8893341732984253,0.21211154699452278,0.03401700850425212,-0.2854191360787871
0,-2.6726780718534013,-0.7946423659870495,-1.73206500043516,-0.8484432823542128,-0.5183413204231637,0.2151821371451043,0.03451725862931466,1.0256923844994361
1,4.0882465275473985,0.6469034225734218,0.11054315082449953,0.27746423253998465,0.7775601111038037,0.21825060140951183,0.03501750875437719,0.13398200209507663
0,-3.398672171829224,-1.9924197841744944,0.020951935487753776,-0.986975862488611,-1.8765384915931476,0.2213169094729346,0.03551775887943972,1.1210956740622124
0,1.1909864552190013,-0.46316986495236695,-0.6577502989238833,0.7256715418156028,-0.34394522482399614,0.22438103104186405,0.03601800900450225,2.424721966660201
1,0.2654435720390187,-0.09728692567008902,-1.0109035699099629,-0.5254104583773097,0.009850005071294257,0.22744293584439298,0.03651825912956478,-0.20118737917726762
0,1.1991269481552367,1.2570149772868198,-1.3843072816090523,0.9606636788896226,1.1212894423982878,0.23050259363051478,0.03701850925462731,-0.8446354772437829
1,6.8057491858720285,0.6894039005707556,1.8713284109777402,1.3621361149072948,0.2791340835797915,0.23355997417242208,0.03751875937968984,0.5046484415604354
0,-2.3652539311661607,-0.32721342022219785,-1.3419720641888278,-2.032251914380174,-0.14426730683638772,0.2366150472648055,0.03801900950475237,-0.06626768706245265
1,3.563937354494088,-0.3685758940999591,1.5577023595501258,0.29277801084729066,-0.07020471350632698,0.23966778272515207,0.0385192596298149,0.17301864311903986
1,1.4935643271525083,-0.25019540051792494,0.6001647598675174,-0.6982812080679572,-0.24879818183653174,0.2427181503940434,0.03901950975487744,-0.6028230741767456
0,3.8274903517403818,1.5235294004561601,-0.36402096828488034,-1.4097799402187932,0.7001259349305141,0.24576612013545354,0.03951975987993997,0.6039180421602833
0,-1.9822916762321512,-0.4280249425728672,-1.157076843721668,-0.6173429155259618,-0.356164352082848,0.24881166183704698,0.0400200100050025,0.09686136434625368
0,-1.1571365216853038,-0.3036803883647294,1.0424934968599848,-0.21893387969914538,-0.4373181808525928,0.2518547454104758,0.04052026013006503,-2.2262319001568556
1,5.219216825986374,0.35258906728526535,1.7296511967420785,1.033687241206948,0.392423362800227,0.25489534079167714,0.04102051025512756,-0.22212969827889
0,-0.9225377777413305,-0.12077044508645512,-0.9340244088098164,-1.521407266318214,-0.23928988577734844,0.25793341794117025,0.04152076038019009,0.3714770625782692
1,2.8814653817869473,-0.19728422796572256,-0.2987452058804305,1.0508125871575025,0.23343597038441546,0.260968946844353,0.04202101050525262,1.2508272165848873
0,-0.8153123060941141,-1.1140671431510563,1.0516237647937112,2.0180629118827054,-0.7361237553420804,0.2640018975117988,0.04252126063031515,-0.5775444401089298
1,1.7331052477065523,-0.011521468038548173,0.3357833600268427,0.5974410659169651,-0.15371865547517866,0.26703223997955255,0.04302151075537768,-0.8117130438419918
0,3.4334110634460595,-0.4435812229744192,1.9999609561561535,0.5459412497223737,-0.3960009819819234,0.27005994430942676,0.04352176088044022,1.2197141719694686
1,3.374355769836913,1.1661277761902227,-0.5701444494713449,-0.01342261705328969,0.6132807015211039,0.2730849805892974,0.04402201100550275,-0.6113977219585679
0,2.7754235657002666,0.6530885027011638,0.5422912083695101,-1.1750402358453063,0.5504953376753982,0.2761073189333995,0.04452226113056528,0.13229171984280488
0,-0.31165236304589927,-0.024143613009932233,-1.2509279699416667,0.5348273272674973,0.2967628751886296,0.27912692948262213,0.04502251125562781,0.5147517397544054
1,7.242400224306067,0.6683810232673438,2.0958917304990465,0.384027484193467,0.4401920635548751,0.2821437824048034,0.04552276138069034,0.7903297125089086
0,-0.8756356850438364,-0.3398695517131494,-0.7303408122882539,0.7315929097038576,-0.0375115680081409,0.28515784789502563,0.04602301150575287,0.03123171975083312
1,0.9907610501129938,1.052126358426947,-2.2079670292951987,2.568840348853762,0.5634425649031328,0.2881690961759093,0.0465232616308154,-1.1343792620583968
1,3.1785525006129935,-0.005399560671626605,-0.12576402125962838,0.7277809400280537,0.07325933542844928,0.29117749749790744,0.047023511755877934,1.0739010422733808
1,3.1814786543320173,0.5833823541804138,-0.13943062111332058,0.42571167956217204,0.8845727002808073,0.2941830221395997,0.047523761880940464,-0.42921459165239967
1,1.215344639596461,-1.2908932453234871,1.9155715125617905,1.5619313213697665,-1.1693241937486516,0.2971856404079855,0.048024012006002995,-0.5195964980101161
1,4.444412478382787,0.34668004887842974,-0.33881964538374293,-1.34521605927,0.504560880739868,0.30018532263877806,0.04852426213106553,2.108520241891013
0,-2.5507863681960363,-1.6882041173665416,-0.01264374414209581,-1.1427026079332272,-0.9315850505313923,0.3031820391966969,0.04902451225612806,0.9356322665638785
0,-4.7453387553682385,-2.0353289449399323,0.5934388719127812,-0.3752064933457484,-1.7853091280640079,0.3061757604757607,0.04952476238119059,-1.0802132168928023
1,2.7037231448925727,-0.3044768777114372,1.5862706831094824,-0.6549292683730847,-0.48459369818198655,0.30916645689958033,0.05002501250625312,-0.4789472245323946
1,-0.2782392146519899,-0.8999276075985952,-0.0632296144127968,0.6939333614115818,-0.8097661906359405,0.3121540989216503,0.050525262631315654,-0.23384035988526794
1,3.125275599492082,0.16405279571222256,1.039477893587884,-0.31744121690980154,0.3239910532595129,0.315138657025641,0.051025512756378184,-0.757405236503376
1,6.395874650742183,2.2447566264860495,0.5180845880609816,1.739933840993579,1.5009509902190707,0.31812010172569044,0.051525762881440715,-1.9713520131114382
0,-0.5830964054357806,-0.8317231814120817,-0.2962353347619622,1.520447420011998,-0.6003038499326498,0.32109840356669545,0.052026013006503245,0.8547836098715498
1,1.8021335989117748,-0.6239435864439059,0.07755444199107894,0.7700710469588443,-0.2799013456957237,0.32407353312460246,0.052526263131565776,0.8274091481035831
1,2.8452766449907725,0.2054039460646989,0.028673878856744103,-0.3859917831558005,0.18272437958363139,0.32704546100669857,0.05302651325662831,0.27430993623361655
1,1.8346845142550186,0.49301329141235634,-0.9160246357175322,0.6169505608345559,0.4055989380136612,0.33001415785190163,0.053526763381690844,-0.39640922334255296
1,3.6525916157707314,-0.1764060659057582,1.2136807544460992,0.8110593437460868,-0.17241225964188617,0.3329795943310505,0.054027013506753374,0.24091374687337835
0,-1.0832704161216378,-0.20593033025321647,-1.3856202526681707,-1.0665716454863634,0.09598250557633262,0.33594174114719483,0.054527263631815905,0.6835316740920018
1,4.223474199810589,0.7024629551205442,1.1711689225508208,0.34877973194692047,0.3514273984281082,0.3389005690358841,0.055027513756878435,-1.0621166288121449
1,4.567867869357943,0.5199076370338984,0.9544193291245788,0.7061137861208042,0.7142081140161725,0.3418560487654574,0.055527763881940966,-0.32468171421007863
0,-2.4787645445252835,-1.0336758320736887,-0.09304925807986311,0.2164637062487031,-0.7759383223678804,0.34480815113733165,0.056028014007003496,-0.5604204730824849
1,1.9195639186931075,-0.07918131861584184,-0.7654443474737392,1.5711101324552066,-0.19977328350292406,0.34775684698629045,0.056528264132066026,0.7430361159787727
0,1.0116514728202202,0.035286848661474135,-0.22642508566190292,1.2141630011284508,0.16920074796649223,0.3507021071807718,0.05702851425712856,0.2913810776431521
0,-2.68644703036548,-1.0544846220491104,0.4727746579951957,-0.8255823758714205,-0.6327968553294405,0.3536439026231564,0.057528764382191094,-1.3281688624853945
1,2.908992530479341,0.25983910067436333,0.7430584393639317,0.1244823387674686,-0.19906099566885832,0.3565822042500548,0.058029014507253625,-0.6206080761380287
0,0.6915684546495227,-0.8579564771765439,0.28691896353982915,-0.8355260085446332,-0.5412491697542112,0.35951698303259455,0.058529264632316155,1.8526555951506232
1,4.695204268954662,0.9720667079170427,0.9921363361408199,0.5795559473559303,0.4254861062644078,0.3624482099767071,0.059029514757378686,-0.9879009924103683
1,1.7763839079203487,0.1927459126050724,-0.5574345720274693,-0.8671482042911687,-0.01598090735217833,0.36537585612341417,0.059529764882441216,0.1754584110667245
0,0.7737516574036408,0.08930648576905029,0.23457639850002474,0.9233112715061345,0.2348092147575591,0.36829989254911394,0.06003001500750375,-0.6343734646307334
0,-1.4932395296930514,-0.591028352856274,-1.5683458108694515,0.3881451149577252,-0.5713045641802694,0.37122029036586657,0.06053026513256628,1.3122178491120995
1,3.0273740101813456,-0.11860982387769403,0.7636266588374009,0.9708345858777971,0.002866766023336867,0.3741370207216799,0.06103051525762881,-0.048168508007145665
0,-4.364693322843819,-1.9977462929070549,0.1531762519515866,-0.14508461687728533,-1.4595934182026304,0.3770500548007944,0.06153076538269134,-0.43493740160677635
0,-3.8642146984985337,-1.1314074705230586,-0.41557417717472683,-1.4562931961724468,-0.39067699172432935,0.3799593638239676,0.062031015507753876,-1.2009502042773588
1,4.604376714935257,0.3628397991887543,1.1615424187192482,1.7658351817896927,0.24940817696749845,0.3828649190487589,0.0625312656328164,-0.2365448814601538
1,-1.243096791514025,-2.1285670418221447,0.6915261487965072,-0.1725685085299045,-1.7104505199443203,0.385766691769813,0.06303151575787894,0.8764559496904262
0,-0.15576697633829284,0.8466085214811634,-2.8163942417440673,1.3766900618169122,0.38615762969079526,0.3886646533191438,0.06353176588294146,0.7146059185855564
0,-4.773307784122003,-1.7460964753739088,0.03988324826736079,0.43018233705986886,-1.389051087439324,0.3915587750664177,0.064032016008004,-1.3547480155355922
0,2.3063206211094602,0.7567385026642676,-1.4550239967277863,0.6739123153554205,0.569444063061612,0.3944490284192361,0.06453226613306653,1.6336291551727733
0,0.16577387513668473,-0.8454970328793241,1.0666598744683562,1.8297491143146174,-0.5783077023382084,0.39733538482341846,0.06503251625812906,-0.2388929863060008
1,6.295944299270555,0.7789910843424612,2.489074822904817,0.3402353018251979,0.7531783439749533,0.4002178157632836,0.0655327663831916,-1.0756432695487685
1,2.2197487157220106,0.1309512075847998,-0.5185335107153436,1.4002313073576018,0.13902855075381412,0.40309629276193215,0.06603301650825412,0.14824383650370007
1,-2.2853333020944455,-1.5368349402914887,0.0745791525019294,-1.484325555056513,-1.0362332735869313,0.4059707873815275,0.06653326663331666,-0.6287324615003296
1,4.374451089635258,1.2491487495584548,-0.25103357390859743,0.8711001495998612,0.9529081828996862,0.40884127122357683,0.06703351675837918,-0.5842359694890397
1,5.286848987402408,1.4417071555226115,0.35081311222022443,-0.24188707818745117,0.9969204478327269,0.41170771592921185,0.06753376688344172,-0.6397242459634329
1,2.751542260010121,-0.0658049060002071,0.644549015608804,-0.13406736112096615,0.025935072710121597,0.4145700931794686,0.06803401700850424,-0.07889354376731891
1,2.751562133095124,-0.27391627217232034,1.2871939365403018,0.00871636293983214,-0.021666929104776245,0.41742837469556754,0.06853426713356678,-0.5038026139335896
0,-2.6222217667787526,-0.15986696597063635,-0.9874213344977847,0.34652711674339387,0.05813553635419007,0.42028253223919276,0.06903451725862932,-1.7571049546396174
0,1.2305166562224772,-0.9751523227787462,1.5716348118236063,1.6571604778040403,-0.7783351819556008,0.42313253761277114,0.06953476738369184,0.5545848270657038
0,0.9450575537968222,1.0985867597569177,-0.9315138560436108,-1.8537131142776313,0.4286518776355459,0.4259783626597507,0.07003501750875438,-0.5265317811222416
1,2.4132252555668208,-0.5428919317301868,0.27708869936999964,0.044040178291809486,-0.5285271315010486,0.42881997926487897,0.0705352676338169,1.2514962926321302
0,2.488233235369969,-0.051190412691676575,1.1585766395766857,-0.7164870797072483,0.03357960967295251,0.43165735935448063,0.07103551775887944,0.567267729050484
0,0.34939752609161384,-0.7932964032030436,0.7131987383979979,1.1658140046931624,-1.0400589000162332,0.4344904748967348,0.07153576788394196,0.6510443256039791
0,-1.9708162402817893,-0.6260730997201972,-0.9385749409883506,-0.4230917546501151,-0.5204988651570572,0.43731929790195234,0.0720360180090045,0.2007421729796257
0,-1.772454710961093,-1.2777251516511705,-0.7019236168245235,0.4567700486562056,-0.7917921323968298,0.4401438004228519,0.07253626813406702,1.3534879569266336
1,4.044347647964665,1.2570693137143927,-0.462330902731198,-0.3975037743332126,0.7798667206057077,0.44296395455483617,0.07303651825912956,-0.32668990136805043
1,0.7322426011487231,-0.15408757320601318,-0.051169281125906727,0.6680586513123563,-0.31888385781442924,0.44577973243626795,0.0735367683841921,-1.0156732617385473
1,6.663751488384939,0.9659216187288089,1.1469532483187364,1.0148033271104098,1.0394296104649356,0.4485911062487449,0.07403701850925462,0.36880882188194036
0,-3.7351500916972835,0.01332459691325976,-1.2918114375017953,-0.39739998183944436,0.29872199967165625,0.4513980482173744,0.07453726863431716,-2.802652288431484
0,-0.7537730818380632,-0.6944035277028942,0.4667015046127427,0.04907551824076654,-0.5254068155815648,0.45420053061104837,0.07503751875937968,-0.37005734122140177
1,2.265170650571047,-0.3266852600022522,0.6099724321728704,-1.4203601903295349,0.048098848387669924,0.45699852574271693,0.07553776888444222,0.2333925111231887
0,-0.15991636950724009,-0.5602310505028996,0.5582887221577124,0.30539978696173004,-0.12028030964016123,0.45979200596966185,0.07603801900950474,-0.41931461547153204
0,2.6543250508948804,0.007959099184913658,0.46630633445798747,0.8562679346559141,-0.20831073529426095,0.4625809436937699,0.07653826913456728,1.3110284615105725
1,4.145734646617242,-0.3752668396769557,1.518318121319916,-0.5554050272875501,0.2853804435911366,0.4653653113618054,0.0770385192596298,0.7358282546567365
0,0.8493256859624996,-0.29992171594179834,0.48780834336623446,1.1203627139161165,-0.3854287186735049,0.46814508146568234,0.07753876938469234,0.12770880970687737
0,-2.307243765448157,-1.3785746841359137,0.8569592445599654,-2.073310349202981,-1.0057946330929493,0.4709202265427363,0.07803901950975488,-0.40346590058198567
0,0.162928645020461,-0.8068459276211205,0.5635465049273675,-1.8513354458680147,-0.7721618614899317,0.4736907191759956,0.0785392696348174,1.1425429940959309
1,7.421098913683984,1.65405754880043,1.7931128327282926,-1.38824239076134,1.1849990879966428,0.47645653199445226,0.07903951975987994,-0.6916587958600195
0,-4.030110283052035,-0.6712332162517173,-1.899804739562873,-0.48479478201037196,-0.7212993554293006,0.47921763767333253,0.07953976988494246,-0.41996230027912895
0,0.6407071355848637,-1.0540937876234928,1.2821085771192862,0.018618547542743648,-0.7278601785711286,0.4819740089343666,0.080040020010005,0.781759733671482
1,3.3381807314398633,0.33732633257503086,-0.26103077425343935,-0.07886454930333595,0.46395026003077355,0.48472561854605833,0.08054027013506752,0.6251401130737223
0,5.730662021244978,1.407272199556532,-0.28071686043638644,-0.06709194786186742,1.0390256933739899,0.48747243932395384,0.08104052026013006,2.1125052477353825
0,-4.104664651726225,-1.454024302481208,-0.9694767432264105,0.7235760210920635,-1.0595451169577876,0.4902144441309109,0.08154077038519258,-0.21461141362530547
0,-4.123953092800232,-0.20852184825127065,-1.8686954680068257,-0.47211984347357805,0.17420746847024243,0.4929516058773663,0.08204102051025512,-1.9345787392944829
1,0.536863218681331,-0.6320525539349078,-0.3818948475575632,-1.2635755519193417,-0.6107562723125602,0.49568389752160347,0.08254127063531766,0.6903114515325827
0,-3.204462004358135,-1.7610194743274028,-0.6872933095177702,-1.243787089008908,-1.0282154000127492,0.49841129207002044,0.08304152076038018,1.3077916727048469
1,4.7722514229531585,0.7349267092583915,0.49417397946069497,2.112665021038504,0.464799274762695,0.5011337625773953,0.08354177088544272,-0.1620092934018839
0,-0.12598094762859602,-0.02344391855484465,-1.4722624729374207,-2.3521162656073002,0.03743687356590358,0.5038512821471537,0.08404202101050524,1.6185891317920014
1,6.018577751035423,0.07144184429260535,1.431613179544123,-0.17632859087725752,0.06688379584470172,0.5065638239316336,0.08454227113556778,1.8475431478893498
1,0.38495484997840024,-0.7523114724455892,0.27193384321436537,1.4579069282713992,-0.49053248686469125,0.5092713611323508,0.0850425212606303,-0.680041256122862
0,1.024649245430754,0.4547841629969166,-0.24790269153078812,0.48336562325291177,0.31808438825552177,0.5119738670002639,0.08554277138569284,-0.4890616147286152
0,-3.0431033187941092,-0.539297349487321,-0.709423349185895,-0.8295562055548628,-0.5236396628483379,0.5146713148360386,0.08604302151075537,-1.286137192095625
0,-0.17001070076770142,-0.1429032084967607,-0.7872070554524614,0.002185977957910746,-0.20357307012868336,0.5173636779903108,0.0865432716358179,0.5679964700625225
0,-2.4287717186968143,-1.108260792181513,-1.1300871646206154,0.8639187945883057,-0.6774643498300009,0.5200509298639509,0.08704352176088044,0.7493876123589897
0,-2.023601900907004,-1.2161027602081953,-0.5443607249071664,1.2081487837430256,-0.8629661692138713,0.5227330439083256,0.08754377188594296,0.6317972221973474
1,3.7630482469169912,1.3355318553000226,0.006050414894510384,-0.8993412184785279,0.7120539900193763,0.525409993625561,0.0880440220110055,-1.267271556849769
0,-1.441527810255066,-0.5071047045384752,-0.17736344944360424,0.7604581700531833,-0.4864007010245824,0.528081752568804,0.08854427213606803,-0.7817705805976303
0,-1.962106912112489,0.2916803563558019,-1.4144878738047868,0.2525005778532424,0.07512021052720091,0.5307482943424833,0.08904452226113056,-1.4717270024670899
1,0.3145493648544051,-0.03379043476737232,-0.2658282410436973,1.1044048138778393,-0.025323295937444316,0.5334095926025708,0.08954477238619309,-1.6584441993188994
0,-2.603026617981789,-0.44114520276218416,-0.8931829153370813,1.3904153925300395,-0.2639583480168148,0.5360656210568414,0.09004502251125562,-1.3845310178361196
0,-1.9882473182198441,-0.5079609703372195,0.15988218506207735,-0.34330546166703096,-0.3283642205006178,0.5387163534651331,0.09054527263631815,-1.627052976109194
1,5.551399343937099,0.6300825914455861,1.8646518752041161,-1.4495927040836547,0.3191736369348934,0.5413617636396058,0.09104552276138068,-0.18309918801429684
1,2.8117921459318778,-0.3018676045339098,0.6250226941132705,0.3958365186163136,-0.19905713723833685,0.5440018254450003,0.09154577288644322,0.44184941533756317
0,0.7918717243329078,-0.15144364817129202,-0.3131199388221572,1.7766214373122964,-0.37115366040135517,0.5466365127988966,0.09204602301150575,0.6496673254405444
0,-1.5405657792992267,0.022221557194479512,-1.6248831734744955,0.6855821088303206,-0.5527320054236288,0.5492657996719715,0.09254627313656828,-0.016700181754496106
1,2.4655175221901997,1.1765083202520015,-1.4147243086787848,0.23016283043594152,0.8208285663306975,0.5518896600882554,0.0930465232616308,-0.6889805689627229
0,0.4035588105846652,0.6805109746331383,-1.68672332547569,2.4010455344134387,0.15374047091055432,0.5545080681253896,0.09354677338669334,-0.006863933016134681
1,4.321538258748562,0.3826002677279928,0.7259684634008378,-1.0400258818783492,0.08641000806468138,0.5571209979148817,0.09404702351175587,0.591433189138
0,-1.8703958893834398,-0.5635713933532417,-0.7650693500440047,0.9029901879500623,-0.6279103641038957,0.5597284236423617,0.0945472736368184,-0.3021337849778872
0,-2.4682916529525847,-1.3819687200064654,0.06260025912424744,-0.5704376608578396,-0.8341196305536407,0.5623303195478371,0.09504752376188093,0.05770419703048517
1,3.191163251810009,0.949529931735302,-0.622014182542398,0.04963433300767492,0.4300411292852641,0.5649266599259464,0.09554777388694347,-0.3128131583548175
1,4.0902778520199945,0.9664471342208761,0.09119654187350762,0.08964360734198178,0.7387290890049891,0.5675174191262146,0.09604802401200599,-0.537930017368474
1,3.9768503511770206,-0.1407083991233403,1.4016771308894547,1.5146366362100012,-0.1894398868525098,0.5701025715533049,0.09654827413706853,0.03753906915825972
0,-0.3819774517890906,0.541883841603518,-0.6849459321173764,-0.9360138054280742,0.13866550648883713,0.5726820916672735,0.09704852426213106,-1.1486597477549492
0,2.9101622484885743,0.781443053885405,-0.34095533922813975,-0.5350877091218409,0.23844078667155866,0.57525595398382,0.09754877438719359,1.08622868913035
0,-0.2802666043375135,0.8311844526649818,-0.8063439113302531,-1.5929520224677045,0.6802450207860653,0.5778241330745407,0.09804902451225612,-1.6088775756624532
1,6.111984025616037,0.9213834732464707,0.874574903519333,0.4871991637164996,0.7280463266923143,0.5803866035671786,0.09854927463731865,0.47698087246088794
0,-3.123287346022573,-0.45561765066113274,-1.0257171899142377,-0.45823180986740225,-0.15852463907730935,0.5829433401458751,0.09904952476238119,-1.4024039232959025
1,6.11110041821129,1.5149729826647176,-1.132983244508965,0.42196704266287827,1.4321427205174484,0.5854943175514197,0.09954977488744371,1.5580096517092952
0,-3.3250619007473707,-1.2465930582857083,-1.3876629655716244,-1.0732657853193146,-0.8130442082590119,0.5880395105814988,0.10005002501250625,0.8968394740835739
0,0.01482959222194824,0.861723076993649,-1.4084735141902456,-0.3593836201417766,0.6644476987233852,0.5905788940909463,0.10055027513756877,-0.8352318419061654
0,2.2065824143295076,0.4939320790307585,0.47089433867137365,1.0389290549830164,0.325855668259184,0.5931124429919904,0.10105052526263131,-0.46230186708111315
1,6.4084510230469185,0.8736191135245024,2.5691250201551306,-0.1743192140970744,0.63725249658042,0.5956401322545027,0.10155077538769385,-1.1614143304284408
0,3.854505380280288,1.8790083070967372,-0.9953763164069606,0.6256391265171344,1.2496604180190027,0.5981619369062444,0.10205102551275637,-0.0593388430714901
1,7.3687540966555645,1.484445473378649,0.9515458233063021,0.5283265576456647,0.8644715801003438,0.600677832033114,0.1025512756378189,0.4242388732832697
0,1.1002258206354678,-1.145176907189325,0.2511070416723707,-0.35317268495384946,-0.39887947313675454,0.6031877927793927,0.10305152576288143,2.632648111412789
0,-6.601478987773163,-1.688671580267857,-1.1020225662519787,-1.5597459332048416,-1.5506088726215492,0.6056917943479906,0.10355177588794397,-1.406670761640119
1,5.265725602694584,0.8168890590537966,-0.27669955002698804,0.9854000437341416,0.6262217280062263,0.6081898120006908,0.10405202601300649,1.278198678069325
0,-2.5031639770595935,-1.015012415875923,-0.23291667567078692,0.17070737231525257,-0.6185303883364769,0.6106818210583949,0.10455227613806903,-0.599338748775669
0,0.27524717468019155,-0.0124053886475133,-0.6907018916236553,0.9832800898049142,0.0246391681763548,0.6131677969013658,0.10505252626313155,0.2840339647137738
1,7.096916147422915,0.839727477005194,1.9306068737125515,-2.012688435328288,0.3985646660043324,0.6156477149694718,0.10555277638819409,0.9051227418812203
0,-5.423293328348603,-1.6437973511855861,-1.9061205696571535,-1.6546093140766747,-1.1860912102967172,0.6181215507624285,0.10605302651325663,0.5595785120091817
0,-3.793634733491339,-2.1099804543094787,0.38103644818707566,-2.1427274828447653,-1.566566946656926,0.6205892798400412,0.10655327663831915,0.4353203231021596
1,2.7644076403639946,0.259299020337227,0.33152448063371714,-0.8768376610493626,-0.030939834603007837,0.6230508778224466,0.10705352676338169,-0.20266074432232545
1,1.7562876458613597,0.04438588961329704,-0.5796161982150759,1.041949902003618,0.024005754594837052,0.6255063203903531,0.10755377688844421,-0.00853858487857258
1,2.057434689779937,-0.24580307138192253,0.14950286537538202,0.5659919859929143,-0.2515968817602561,0.6279555832852816,0.10805402701350675,0.15728967084904483
1,4.614911871074376,0.03853476377021816,0.8776049686959029,-0.03415395803579861,-0.08169727206386167,0.6303986423098045,0.10855427713856927,1.233804863747701
0,-2.527341810406247,-0.8605156073672797,0.15273513543967476,0.13124029526650172,-0.46423367893442724,0.6328354733277857,0.10905452726363181,-1.5106590387804133
0,-2.7607661504897374,-1.5134944072721068,0.41732532254068,0.7607882126314292,-1.2699811278711461,0.6352660522646181,0.10955477738869433,-0.5059581049962446
1,1.4238094196866273,-0.1666548508803217,0.6929119332721315,-0.30215037624121777,-0.027555075624785236,0.6376903551074622,0.11005502751375687,-1.2827768907808548
0,-5.184215085794426,-0.9717086910493917,-2.0320559904165476,0.3960689502980618,-0.8014420352749092,0.6401083579054827,0.11055527763881941,-0.9917612514756958
0,-1.9753656246153946,-1.643481322411107,1.4783781254716417,0.1399545726325858,-1.0643699623309741,0.6425200367700857,0.11105552776388193,-0.8210675928511476
1,7.065313781037193,0.5056810713932767,2.2783039701077223,-2.1870426415359034,0.36834031463470157,0.6449253678751542,0.11155577788894447,1.1296060821600946
1,5.500597860043259,-0.061398628422175805,0.9807950537163104,-0.38482882142998714,0.005490690036589307,0.6473243274572839,0.11205602801400699,2.2059734624841227
1,6.058391781242192,0.40652853663281385,1.0136646327293544,1.358756283822145,0.08892302192856832,0.6497168918160177,0.11255627813906953,1.3939315945270705
0,-4.812785874123588,-0.9892949414259369,-1.4082469773166768,-0.3958606090705614,-0.8474238837919328,0.6521030373140798,0.11305652826413205,-1.2188330738970063
1,0.4815663039406374,-0.6580587918366578,-0.11842836851347956,-0.14308936634835018,-0.6319068368068783,0.6544827403776098,0.11355677838919459,0.0771558805634637
1,-2.4555045752248397,-0.9990430272201656,-0.8120438126406979,-0.6068661533932629,-0.6649376763383934,0.6568559774963945,0.11405702851425711,-1.167787694455522
0,-1.6908671915878637,-0.8866418670580481,-0.5871942603400888,-0.4846321554752065,-0.47188144330353887,0.6592227252241015,0.11455727863931965,0.457957960422064
0,4.077369748755932,0.19540791774940214,0.967036908966546,1.1240121897845434,0.3517649914463481,0.6615829601785098,0.11505752876438219,1.307234604114106
0,-1.6625938518035102,-0.7829746163349458,-0.8039005872403687,-0.26808598088774227,-0.6488459090341583,0.6639366590417412,0.11555777888944471,0.6041737414830771
0,2.0896969812926116,0.3560662888202746,-0.13010129269522733,-1.0219490844170012,0.2653539528845553,0.6662837985604906,0.11605802901450725,0.8953121792259315
0,-1.8947521812118,0.3397559254182162,-1.9085807213816994,-3.111363336820356,-0.08622154798880782,0.668624355546256,0.11655827913956977,-0.15162461538533886
1,4.416330251506772,2.0251609868801026,-0.15843200190557086,-0.57270345121222,0.9736205492637919,0.6709583068755671,0.11705852926463231,-2.02499890208124
0,-4.949077117055742,-1.3927890458668095,0.09001675988563831,-1.9668168077124089,-1.1491656091174878,0.6732856294902141,0.11755877938969483,-2.0380720917972304
0,1.3631554141560978,0.8879023778350454,-0.7047902081387301,-1.8237494935342597,0.48718185940449177,0.6756063003974755,0.11805902951475737,-0.10155679795123192
0,0.17468867416898726,-0.0894879618884183,-0.7198867994377591,0.7951780766265533,-0.3742515062266617,0.6779202966703449,0.1185592796398199,0.5905196300738635
1,5.916496735797538,-0.01402973013099694,1.8864228859835699,0.7086755657406822,-0.3665339003247149,0.6802275954477582,0.11905952976488243,1.3058580967078068
0,-4.940524336597205,-1.4498638219066111,-1.2097442859049368,-1.9172126639282288,-0.9102437891800312,0.6825281739348187,0.11955977988994497,-0.3582351018903389
0,-1.5522503779967718,-0.4601938127246543,-1.0506170429003867,0.8514794713416658,-0.48449729707235534,0.6848220094030226,0.1200600300150075,0.07643354866697567
0,1.6106722800750413,0.743197263443954,-0.8090104753015942,0.4593584752546972,0.18260199956917217,0.6871090791904838,0.12056028014007003,0.26257389645852114
1,4.7618188804643165,-0.08247837201730518,1.1988190226148978,-0.783568737099451,0.40324422259619624,0.6893893607021574,0.12106053026513255,1.0923736169576779
1,5.244927938353103,0.08105437041126562,2.101542443821733,0.7343809175951364,0.08852750965072195,0.6916628314100631,0.12156078039019509,-0.0721369232831274
0,-1.0025924961608144,-0.29071668060054134,0.3321758517460236,-1.626642664581469,-0.2696759735452868,0.6939294688535079,0.12206103051525762,-1.125412269299729
0,3.4512866308902943,1.1545697469862868,-0.7173180159405074,-1.2044297528555972,0.9404746102106027,0.6961892506393077,0.12256128064032015,1.1119401717863415
1,1.6845932902249534,-0.021472567043494796,-0.42773236114014496,-1.4396886385915408,-0.16971779765209538,0.6984421544420086,0.12306153076538268,0.42224216785280816
1,-1.224769920509905,-2.200415672482062,1.0648123174837756,-1.111503723411618,-1.2268483848054161,0.700688158004108,0.12356178089044521,0.3926115452310211
0,-3.3617031865559936,-0.6920725504744906,-0.9110678789128364,0.8786888055082508,-0.7949599670487781,0.7029272391362733,0.12406203101550775,-1.3071181985415699
0,-2.4082627626425377,-1.968796607080243,1.452946627222276,-1.3336291310676047,-1.6425159192028589,0.7051593757175627,0.12456228114057027,-0.00797664699944328
0,-7.074580700346101,-3.2514384154965383,1.4165781842160559,-1.1512981355454346,-2.307261276914519,0.7073845456956421,0.1250625312656328,-1.7665931132293713
0,-2.747393336883964,-0.5301153497723121,0.07020801514031626,-0.9516982453020344,-0.52774502259275,0.7096027270870044,0.12556278139069535,-2.0622142710692093
1,6.146186112186803,1.3335598501027237,0.6461299693093061,0.19546372843002505,1.210559292413986,0.711813897977186,0.12606303151575787,-0.24403171571004775
0,1.147388159188282,0.04711990613059292,0.7497459478314608,-0.33969427011190634,-0.29111047860695116,0.7140180365209827,0.1265632816408204,-0.4475453592124049
1,2.185386772910385,-1.1725457074049794,1.5542101161595687,0.862339465584282,-0.9711760452406781,0.7162151209426669,0.12706353176588292,0.58284792358041
0,-1.4768658289267378,-0.9406998682024224,-1.0514517486699158,-0.7113604849256097,-0.6158291076891239,0.718405129536202,0.12756378189094547,1.4805735363396317
1,6.194245808135207,1.1306132302500087,1.18120465051603,-1.289427699156646,0.8986027298568378,0.720588040665456,0.128064032016008,-0.03575174173557781
1,3.9580067061473967,0.15762662339846478,-0.37522800163865405,-0.5041431777679665,0.30500573200294345,0.7227638327644174,0.12856428214107052,1.8363336247752993
0,-0.7078697830562364,0.04799924156205696,-0.7677609835755352,0.03485540140955484,0.0967038111569677,0.7249324843374059,0.12906453226613307,-0.6043946251469976
0,1.565146209614674,-0.05346178883805718,0.10267243186155717,-0.9341080469734648,0.3964450666242312,0.7270939739592863,0.1295647823911956,0.7831535532873165
1,0.7587882945169777,0.038400261555346496,-0.2143442865867168,0.27399125835264987,-0.07335004177225653,0.7292482802756798,0.13006503251625812,-1.3022753774013405
1,3.360813133352351,0.8054056469437983,-0.9874929783788241,1.8113489988789824,0.5928984090886101,0.7313953820031746,0.13056528264132064,0.12949203590790745
0,-0.3922476894548961,0.5525672973560755,-1.5973304281350418,-0.5882255864004279,0.5515066786366463,0.7335352579295366,0.1310655327663832,-0.32523463356186766
1,1.286807893415333,0.21570470002449457,-0.9420948979018801,0.036290328547667255,0.08177922466018697,0.7356678869139185,0.13156578289144572,-0.2150393400533034
0,1.0256577196357404,-1.0428683575900106,1.4523572256627557,1.3433037411731101,-0.7948041410388867,0.7377932478870696,0.13206603301650824,0.6043201827695781
0,2.3831409339918492,0.511108764909727,1.9625695034471387,-0.6578039577127986,0.2586953536339066,0.7399113198515427,0.13256628314157076,-1.9366904881670557
0,-0.1342863583194548,-0.6842470779924941,0.6501164460241168,-0.8580585247810589,-0.6140355598860693,0.7420220818819027,0.1330665332666333,0.11846597151553045
1,5.19061566234721,1.0938456759004787,1.185925464911603,-1.1055717812184809,0.5337856358766464,0.7441255131249321,0.13356678339169584,-0.8345082661492772
0,-2.7700741003095843,-1.2710508217241274,-0.5168329655904074,0.38528416727601006,-1.007340481460768,0.7462215927998386,0.13406703351675836,0.11984392113807862
1,2.1729749572288286,-0.13762097627558853,-0.07715167508177227,0.5008101046198885,-0.41229118679714244,0.7483103001984588,0.1345672836418209,0.40309111307300105
1,2.2225132259935556,-0.007358286291270949,0.28276473227999394,-0.16318270024287548,0.06321417720116193,0.7503916146854638,0.13506753376688344,-0.3814658930989159
0,-4.30564399034924,-1.3246455506441366,-1.0812895849058495,0.026584460514226416,-1.2521382171644087,0.7524655156985627,0.13556778389194596,-0.38277742369196144
1,4.282730461419247,1.721971643856479,-0.9899441668603466,1.2570980729468966,1.6092255371994542,0.754531982748706,0.13606803401700848,-1.1838909941923825
1,6.711237635431452,1.4604067672595522,0.09717730670519023,0.8496487674362452,1.3532696085367182,0.7565909954202876,0.13656828414207103,0.5632380889854907
0,-1.6196859338126912,-0.46358376160908316,-0.32030392690775,-1.4202317537041567,-0.11223241759055377,0.7586425333713469,0.13706853426713356,-0.6909672129431724
0,1.6110259030197047,0.7717211655645232,-1.06355677953922,-0.029496611931076118,0.4899788613651804,0.7606865763337695,0.13756878439219608,0.45539754721669934
0,0.6391124439838107,0.37867606967021183,0.3865321292729485,0.08417011532839369,0.13981865929586143,0.7627231041134874,0.13806903451725863,-1.4639055542625534
0,-4.066023131773896,-2.613559463345258,-0.26327930047632614,0.6979531506578072,-1.5938999805774736,0.7647520965906791,0.13856928464232116,1.4035787597873512
1,3.0897471091147732,0.2503980162775905,1.0213539508595526,-0.24645952461575477,0.20284563548004758,0.7667735337199675,0.13906953476738368,-1.0487859394441654
0,1.7121943330893195,-0.061344079833248494,-0.005181101817816217,-0.6694006052342366,0.05994446078004266,0.7687873955306185,0.1395697848924462,1.1869756401381286
0,-0.06863578452101082,0.08321735347453037,-0.3003064591195954,-0.48301913431095506,-0.09394033411564545,0.770793662126738,0.14007003501750875,-0.4603502063361069
0,-1.304171283406402,-1.0768749198271783,0.12767318468091607,-1.8038481039518237,-0.5501839892067688,0.7727923136874691,0.14057028514257128,0.5595132804217576
1,1.1617770933124358,-0.2693470462204049,-0.1719834539988956,-0.05215402087396961,-0.3568441540630019,0.774783330467187,0.1410705352676338,-0.14774654903557807
0,0.0519003750214293,-0.17825876338229713,-0.6680460476914073,-0.6240267374757776,-0.1125343463155946,0.7767666927956944,0.14157078539269632,0.6966061195205583
1,4.446542208415389,1.1880942172123188,-0.40195608574870895,0.4383338709643181,0.47771302991829623,0.7787423810784165,0.14207103551775888,0.004336474884984136
1,5.044511747190773,0.33442706039101433,0.7494190419874659,-1.0552514149985175,0.09429673240792472,0.7807103757965934,0.1425712856428214,1.3025874187532374
0,2.23183431381724,-0.005555030202663769,0.6465167167989722,-0.46581271865899926,0.08660065981763718,0.7826706575074741,0.14307153576788392,0.6889193518010661
1,7.97661864880684,1.5289699979109401,1.2862278093640918,-1.0092391130869673,0.9710939021889401,0.7846232068445077,0.14357178589294647,0.6987820531026212
0,-1.2970855567126378,-0.5552479297636472,-1.692993943279692,-1.0975210761625993,-0.48721971391187197,0.7865680045175353,0.144072036018009,1.7126316927078502
0,-1.1693877548488931,-0.3894303048753847,-0.39309067892331173,0.6673134101564022,-0.12504463946889252,0.7885050313129801,0.14457228614307152,-0.715915591417161
0,-2.8190566214875097,-1.8167550113390598,-0.4145753450492208,-0.49821122322866834,-1.2960062097595513,0.7904342680940378,0.14507253626813404,1.3349019115982688
1,6.451410814526474,1.5691058462836123,0.17177251230779197,0.4101551917527332,1.3360092389624478,0.7923556958008651,0.1455727863931966,0.07303793210845126
1,1.9519015123297951,0.9643323681944285,-0.4521572578998716,-1.1540238698415464,0.18369285938864865,0.7942692954507681,0.14607303651825912,-1.5174958404541263
1,4.309759788502809,0.9168480445117076,-0.5131830076620426,0.06151243186372376,0.7450818963297768,0.7961750481383906,0.14657328664332164,0.49019100313223524
0,2.8494720241207774,0.6688984464469374,0.7829749234567991,-1.7253315337683663,0.5592336185460096,0.7980729350358996,0.1470735367683842,-0.20957935965071478
0,2.728834594377966,0.110148587663652,0.17808751533609604,-0.5153363733989789,-0.24056818049443013,0.7999629373931723,0.14757378689344672,1.730871375444107
0,-0.9865880719924318,0.21548893918232892,-1.1663640224796257,-0.5404974526043846,-0.11788952595347696,0.8018450365379808,0.14807403701850924,-0.5044167860010569
1,3.6549403884895524,-0.2520065902673078,1.3345063211551143,0.5439473911326945,-0.011633630969685449,0.803719213876177,0.14857428714357176,0.0502920671892555
0,1.7457440248763074,-0.20360042572294623,0.9967520503086131,0.14057079568141373,-0.36531629641299357,0.8055854508918758,0.14907453726863432,0.24022065726992725
0,-1.9126863644192171,0.05430361171369427,-0.5739596468353875,-0.21502162120168344,-0.09903121620193091,0.8074437291476388,0.14957478739369684,-1.9547741908423308
1,7.641043212436793,1.5118295115637772,0.8312804154193407,0.796810614146495,1.167143299391502,0.8092940302846554,0.15007503751875936,0.5209826601498965
1,1.5954796734169348,0.5556879018080786,-0.7351632399530508,0.14998364126378205,0.3125017411412854,0.8111363360229249,0.1505752876438219,-1.0198874754192975
1,5.185224761958783,-0.058460125758861455,1.1256984104637593,0.4959173207301414,0.043699949876660586,0.8129706281614372,0.15107553776888444,1.443597344787052
0,0.8915845599863925,-0.5793920504433961,-0.21783124008815336,0.7240315799638942,-0.5888878145335463,0.8147968885783518,0.15157578789394696,1.7084326401094838
0,-1.7667660489370058,-0.6349984874116595,-0.8028423954226684,-0.10889480046759324,-0.39577945451743063,0.816615099231178,0.15207603801900949,-0.008805010085138789
1,3.9665816147731867,1.6027050111724899,-0.37310439581673016,-0.33630038103203186,1.3269983078990542,0.8184252421569521,0.15257628814407204,-1.626074601029064
1,2.7418165866644726,0.5066873042271038,-0.7658303704836539,0.28359325345123587,0.4089380527198787,0.8202272994724157,0.15307653826913456,0.18615028529327657
0,1.0505289186236015,0.06755055831065467,0.19213966265930454,-0.46021427335252213,-0.4003243802265537,0.8220212533741913,0.15357678839419708,0.18052955163788073
1,2.5590930618539134,-0.34618184215272274,0.175105233737872,0.34338287088463454,-0.12315187480803542,0.8238070861389595,0.1540770385192596,0.7387617719816764
0,-1.8720871711160172,-1.1090534117005277,0.03580296527818222,1.0627475063105163,-0.7753249095225453,0.8255847801236331,0.15457728864432216,-0.30400214084338345
1,0.24385207682053656,-0.06686155746989603,-0.5566154456616721,0.809118016736485,-0.237806089114112,0.8273543177655321,0.15507753876938468,-1.220967090753275
0,-2.0241146080417787,0.873658034470201,-3.661081810206792,-0.42578973050964375,0.8783933139561835,0.8291156815825564,0.1555777888944472,-0.14591329684317053
1,0.08442418700848808,-0.39253724683749003,0.09283561532273477,-1.328449405818597,-0.6326662499468279,0.8308688541733595,0.15607803901950976,-0.9496408771548634
0,-0.23976291588698317,-0.2272425830005601,-1.8962343779369233,-0.10094604480682845,0.20356600292767046,0.8326138182175193,0.15657828914457228,1.8171333456354974
1,1.2517485404948063,-0.22103435143897837,0.24418835156900484,-0.17089001420996022,-0.29140103896024366,0.8343505564757104,0.1570785392696348,-0.72546996614147
1,3.7041151410248236,0.10959436799816868,1.1307937397222436,1.0587739529293214,0.37952572080206043,0.8360790517898736,0.15757878939469733,-0.6689625810132264
0,-2.7480812116702844,-1.593010878745609,0.2738856385847244,-0.4280395975147865,-1.1346636233269087,0.8377992870833855,0.15807903951975988,-0.048126647201763885
0,-1.736737313580011,-0.235398351965091,-0.3894365949509105,-0.25473503432592326,-0.4404422154153559,0.8395112453612275,0.1585792896448224,-1.2720741531781157
0,-1.772916459684322,-0.8543955181540714,-0.17987760385708526,0.6879982285495855,-0.5898817957672672,0.8412149097101534,0.15907953976988493,-0.45712366705527485
1,3.9748253833007188,0.8845850325626053,-0.13306262691355122,-0.5230126085047901,0.6745409149265037,0.8429102632988572,0.15957978989494745,-0.13882023956781558
1,-0.7333159965265301,-0.7705986765648598,-0.5492416259783856,-0.20554528801780425,-0.4422876424321411,0.8445972893781382,0.16008004002001,-0.5012468456227213
0,1.5584285804353541,0.5770467473006955,-0.5837894935590013,1.6644131531737638,0.6044509313396894,0.8462759712810671,0.16058029014507252,-0.2578455182572673
1,6.134006606465109,1.5244374527267601,-0.9238959646017166,1.440466033455219,0.8776480155085901,0.8479462924231513,0.16108054027013505,1.2726792447675095
1,3.6993377911288152,-0.3135962612816255,1.1881622466637531,0.5816735784987636,-0.13227398397149315,0.8496082363024975,0.1615807903951976,0.4445230403453923
0,-1.9055785831019234,-0.6015762521234661,-0.01555327318812068,0.22109033103647568,-0.2851907151803037,0.8512617864999755,0.16208104052026012,-1.3716242763816222
1,3.3055626041445594,0.1914322591260928,0.956271395693758,-1.014224300188018,0.0690582654207782,0.8529069266793803,0.16258129064532265,-0.44052733731517574
1,2.727571751685595,-0.0020290276090286124,-0.2500510425449147,0.5102891095326529,-0.1987359645196426,0.8545436405875936,0.16308154077038517,0.7650269222349765
0,-2.217275527511841,-0.9936163473397114,0.07216775006441888,0.010801065904720275,-0.8968125056192473,0.8561719120547442,0.16358179089544772,-0.6671828000829959
0,1.8393222145556822,0.4609194157133795,-0.1703826464835137,0.17312714828665743,0.46104061282867204,0.8577917249943673,0.16408204102051024,0.08368116178341145
0,6.060393773063991,2.015516053475408,0.4628360550272236,-0.564658838611709,1.5591075534861143,0.8594030634035643,0.16458229114557277,-0.02968459169311567
1,3.201240677872634,-0.25811199526572426,0.8266356528204162,-0.05917810258006762,-0.356686216400122,0.8610059113631607,0.16508254127063532,0.5416987667905406
1,1.758062006942885,-0.2028761960646632,0.239704621296709,-0.23110927219849003,-0.41955528208311377,0.8626002530378628,0.16558279139569784,-0.1836987473227538
0,-2.512521743595858,-1.0449320235690858,-0.6738161653020469,0.2676665459962018,-0.4956899685251417,0.8641860726764146,0.16608304152076037,-0.1448574366087709
0,-0.23621675062596947,0.3190884516865476,-0.7799538269496873,1.3779246971264856,-0.0969328662713996,0.8657633546117532,0.1665832916458229,-0.880617849966759
1,1.9617801194003268,-1.2469762247076281,1.6591705379007815,0.31359315827146217,-0.8521183876769133,0.8673320832611641,0.16708354177088544,0.3685350983962052
0,-3.548672695833747,-1.1069310243514836,-0.2800376755474907,-1.7021290835590768,-0.9462623994226833,0.8688922431264344,0.16758379189594796,-0.9513890838130054
1,6.3168865432886045,1.2796672718437896,-0.29110215025682423,-1.015745567625278,0.5352175603058039,0.8704438187940066,0.1680840420210105,1.7767751742646472
0,0.23249117219100068,-0.9054530593946442,1.4650074078973516,-1.6281590042593395,-0.6201524643603761,0.87198679493513,0.168584292146073,-0.02071720316396579
1,5.829444849989597,1.0813575693313382,1.087861154608099,-0.8392786784934503,0.7080027954224526,0.8735211563060132,0.16908454227113556,-0.22950870702217444
1,7.620258192182911,1.524358003782807,0.5338379379300497,0.5103215122406102,1.342549379803202,0.8750468877479742,0.1695847923961981,0.8077828481548769
0,1.0911862759719035,0.2593264574767428,-0.3993965354144801,0.3525081678463643,0.6227372756444929,0.8765639741875899,0.1700850425212606,-0.08710761509480648
1,6.594325779750732,0.5533914028508236,2.353197592004207,-0.6455176630090131,0.3388080078684438,0.8780724006368452,0.17058529264632316,0.09054685439087773
1,7.483059521029243,1.9522509436867783,0.39297378760996476,0.2182383160592355,1.5596073033957167,0.8795721521932816,0.17108554277138568,-0.05384835935923591
1,1.7418269085798403,-0.19672840206571665,0.5469854786381494,-0.8031881901175006,0.05919498279098462,0.8810632140401432,0.1715857928964482,-0.7433933856816454
0,-2.1123332732636615,-0.5930057969416156,-0.17110613166556304,-1.4654995468773075,-0.5304240151677437,0.8825455714465249,0.17208604302151073,-0.9447526712941243
0,-5.317772090142755,-1.3532310647829418,-1.414307443077751,-1.4512161092831433,-1.1309708043770852,0.8840192097675159,0.17258629314657328,-0.7167046820901938
0,0.2965751410353681,0.041707080346346355,-1.3347620650237593,-0.9052451279504053,0.33862942253360945,0.8854841144443459,0.1730865432716358,1.159823436209208
1,5.894722786647045,1.4791442109183066,0.4069781917365518,1.3696159085076558,0.9515269374014689,0.8869402710045283,0.17358679339669833,-0.6431233748300487
0,2.864508770800725,0.9595953814008653,0.39182943012137994,-1.3863225152434417,0.6554294579833365,0.8883876650620035,0.17408704352176088,-0.41584418532473294
0,-1.980423173346856,-0.9420912414179574,-0.23999832397159718,1.192383862255277,-0.7285870452751857,0.8898262823172801,0.1745872936468234,-0.46029146258587617
0,-1.7796324297770052,-0.855375383832596,-1.1716837927883943,1.2765454300442147,-0.6364650882097592,0.8912561085575778,0.17508754377188593,0.7148363852874857
0,-0.3382293251805515,-0.5041712293409636,-1.4416578625601972,-0.23047201691924726,-0.48434147971558117,0.8926771296569662,0.17558779389694845,2.029612800394793
0,0.1661396264879864,0.2922680824953417,-0.3278506643245553,-0.09795020082731246,0.3424042932872283,0.8940893315765054,0.176088044022011,-0.9472471896362806
0,-1.0224002690672551,-0.20531142710368377,-1.4561279319825244,-0.661019357857073,0.09506675420958202,0.8954927003643844,0.17658829414707353,0.5618939222452881
1,4.041741284711814,0.21445394544308127,0.898915335947862,-0.0740890768251897,0.06463622336961936,0.8968872221560586,0.17708854427213605,0.12225928527241417
1,4.168910875525787,0.2967393780454473,1.1526647818000566,0.6072445712798552,-0.07819876693286973,0.8982728831743872,0.17758879439719857,-0.31038125152647267
1,5.789887846595763,-0.2987735866784475,2.8290341630933096,-0.040875790037683095,-0.21027204869264593,0.8996496697297693,0.17808904452226113,0.5174890804618323
0,0.5870787174021144,-0.040173941602943734,0.8783174517341109,0.9448640372166425,-0.3353958700027646,0.9010175682202791,0.17858929464732365,-1.301684088483837
0,1.5314667051504245,0.20659237721603418,-0.5928496048641417,1.1337333445132591,0.006113358412865977,0.9023765651317995,0.17908954477238617,0.8526522104386385
1,1.3778100762339218,-0.08396970353317602,-0.8716649859050979,0.292165847084968,0.17495613640743846,0.9037266470381573,0.17958979489744872,0.2259667742652513
0,-3.237308202430093,0.5035208649940508,-3.4517280889262696,0.2757080016690327,0.8032344641303316,0.9050678006012541,0.18009004502251125,-1.021400598397895
0,6.072750547350711,1.8708757733280048,-0.5948891385019035,-0.11232372254674762,1.3732488868492327,0.9064000125711993,0.18059029514757377,1.6321571190310336
1,4.28817063189856,0.5919722847708305,-0.17697387727276728,0.29450584722394596,0.19115349761228492,0.9077232697864404,0.1810905452726363,0.8712790945701056
1,4.72791662302573,0.05581054640855185,0.9678072570350138,-1.1633078554685758,0.1831102763966888,0.9090375591738927,0.18159079539769885,1.1902231021267713
0,-4.005922193141002,-1.6861186233619148,0.6116001531870114,0.35331321004942684,-1.6386148640468168,0.9103428677490696,0.18209104552276137,-1.4896414249760372
1,3.6645599908853366,0.38795708601520174,0.5883497403797692,0.15338426516429163,0.12209772416880019,0.9116391826162099,0.1825912956478239,-0.2779445726704535
0,-4.058058474098279,-1.9466784117672074,0.2136276032155486,-0.9120738271218193,-1.0706968067651133,0.9129264909684057,0.18309154577288644,-0.5351506223822556
0,-0.5121270653139501,-1.409034086156122,0.6609100304325133,2.095980391137934,-0.8492372871021672,0.9142047800877281,0.18359179589794897,0.641200839553615
0,5.741214565926656,0.8546392524687652,1.4476000014639705,-1.0216903442050462,0.3122985461294686,0.9154740373453542,0.1840920460230115,1.3867842344540309
1,0.28178110033093895,0.7062350601366643,-1.0648768888459912,-0.9189828823490875,0.15211142988014037,0.9167342502016907,0.18459229614807401,-1.9505469372029756
0,0.01096533283661567,-0.14993899834888477,-0.4573003847291696,0.22585598327447495,0.05403210912309561,0.9179854062064986,0.18509254627313657,0.02073244734928602
0,-5.547137361404012,-1.7100111061522156,-1.3885315648143455,-1.9854622272027107,-1.2176929456039678,0.9192274929990153,0.1855927963981991,-0.12897200377774942
0,2.834506771326904,-0.37134851689085024,1.6186603099010026,-0.8420993297835871,-0.3892883865547132,0.9204604983080776,0.1860930465232616,1.0226527026742993
0,0.5837590403876465,-0.678738318216024,1.2968691232280432,-1.5739187591660142,-0.40425673076819263,0.9216844099522427,0.18659329664832414,-0.04160604847479997
1,3.2209913071027696,0.6368407461302101,0.7522841634807821,-1.0170497509580774,0.3203044415355637,0.9228992158399079,0.1870935467733867,-1.3016903423654833
1,5.6294819061313435,2.2577305324275314,-1.1985514195237321,-0.18509966502616806,1.186742266232276,0.9241049039694311,0.1875937968984492,-0.19896374402429148
1,2.1176249387274892,0.21693048795465586,0.17294480349559044,0.2659506120260584,0.30155273405687044,0.9253014624292485,0.18809404702351173,-1.060240019293214
0,-1.976872223159985,-0.7793111280321169,-0.23463935975653435,1.0486940634337432,-0.6856986767073971,0.9264888793979928,0.18859429714857429,-0.7957737969944192
0,-1.7416227112570248,-1.1705515303032201,0.08082704858777956,0.7514332543436966,-1.030235519471354,0.9276671431446101,0.1890945472736368,0.04311724265412908
0,0.03576965534508858,-0.05609428076827262,-0.18811812961200752,1.1290810227388022,-0.31586528029762756,0.9288362420284748,0.18959479739869933,-0.49194161110998536
1,2.989028275948205,-0.17679319351358783,0.5199528247759543,0.5339383455247633,-0.08522085457143255,0.9299961644995058,0.19009504752376186,0.28548089009279953
0,-4.144101472215135,-1.1515191595274716,-0.3948398689752267,-0.520968059507193,-0.9774510126204372,0.9311468990982801,0.1905952976488244,-1.5523153345399883
1,6.344619190858505,0.1163552356921842,0.8545705060906219,1.0596119484626736,0.194467986984625,0.932288434456146,0.19109554777388693,2.37390503847986
0,-0.4230090928209629,-1.1509135213108617,0.2413948582531965,-0.5410415076133939,-0.8700515042288816,0.9334207592953355,0.19159579789894945,1.2898933003403341
1,5.25365181691139,1.1121072717293008,-0.2930761722218988,-0.6669495560473391,0.9823418811346738,0.9345438624290754,0.19209604802401198,0.7338728996498618
0,2.0987542615214743,1.0626506057881553,-0.11185336692429938,1.4726380075540824,0.6557622721278008,0.9356577327616985,0.19259629814907453,-1.322762890086288
1,2.1647530018313663,1.0847512652964209,-0.44058741092674997,0.7326241505954436,0.6180206503905332,0.9367623592887525,0.19309654827413705,-2.2071690673125097
1,1.2124970297537174,-0.4740504706085282,0.8138840472638229,0.16475818015642796,-0.734962764183607,0.9378577310971091,0.19359679839919958,-0.8829982234206508
1,2.9634878876561896,0.5145205633180888,-0.2714644849691,0.6966467062201372,0.13033929203763225,0.938943837365072,0.19409704852426213,-0.23765095669737518
0,3.406362321913543,-0.13206950521935684,0.2948903971161769,0.8229493587777359,0.039699515538853536,0.9400206673624831,0.19459729864932465,2.281778526637643
0,0.7487286962805815,-0.38881206140248165,-0.39240458847467197,-1.4152691047221932,0.3246759186364576,0.9410882104508294,0.19509754877438718,1.335848672838702
0,-2.6029623516271414,-0.3391456571420661,-1.485101875414252,-0.1484316991075931,-0.49765138455471125,0.9421464560833474,0.1955977988994497,-0.5372900638105007
0,-0.17414847666083255,-1.2997152730341506,0.9061044053757645,-1.2323028305287378,-1.127444777321478,0.9431953938051277,0.19609804902451225,1.2353510692390204
0,-2.653218111270083,-1.4438636958951212,-1.0581265128150872,0.06714779340275426,-0.9546087531024252,0.944235013253218,0.19659829914957477,1.251358401244554
1,4.98534367003923,0.7943147908760457,0.6791609684133574,-0.7250629238986795,0.6398684120641513,0.9452653041567258,0.1970985492746373,0.015883906995487754
1,3.8518415926052763,-0.19123540391952007,0.42015277589049493,1.3018852546809376,-0.2797164109886937,0.9462862563369197,0.19759879939969985,1.2441893095638166
0,-0.38818532016463186,0.21642485112762316,-1.656033441014323,0.46286827869542335,0.15605103331805742,0.9472978597073298,0.19809904952476237,0.3374001106834766
0,0.9416213210622804,1.0017103884541199,-0.9446815654197428,-0.8659859791932906,0.37018781365773146,0.9483001042738479,0.1985992996498249,-0.6698200230026206
0,-5.167923048686202,-1.7331324950160742,-0.5141006402573889,-0.07366912802029897,-1.283553654952392,0.9492929801348252,0.19909954977488742,-1.201424377234617
0,-2.379373518486044,-0.784130073815894,-0.8207180422408968,-1.2653658188504335,-0.38072734638805306,0.9502764774811715,0.19959979989994997,-0.1257459822013188
0,0.8750019676010423,0.17533484346507067,-1.1820707358866025,-0.014813661356901977,0.43686175742717115,0.9512505865964508,0.2001000500250125,1.0201609048973415
1,2.8995258671706035,0.39209478666557296,0.7400956798987274,0.49112672520553574,0.2300704923249563,0.9522152978569783,0.20060030015007502,-1.3858333306195816
0,-2.0085334715590157,-0.3770744504010968,-0.23950540159574377,0.2074065872481079,-0.3265754308110228,0.9531706017319148,0.20110055027513754,-1.6473924413010674
0,3.951510794274189,1.0291792326978486,0.38569057998691514,-1.983440300426495,0.7994418814151749,0.9541164887833612,0.2016008004002001,0.5621665875581656
0,-1.9900426406961778,0.2103949388296369,-0.4305084540167728,-0.39073758538893283,0.3565522505134322,0.9550529496664516,0.20210105052526262,-2.7782362313175644
0,0.3697440110837862,-1.2133821388278598,0.305328576504327,0.45238713554540844,-0.7634137187365677,0.9559799751294459,0.20260130065032514,1.8634963188741844
0,-2.8162574415850323,-0.9307637759906452,-0.75115089967635,0.2496549866201246,-0.8119104759808844,0.9568975560138205,0.2031015507753877,-0.4498990563172937
1,5.185868843457255,0.8054710604946225,-0.026516774698191165,1.1020512270286447,0.6238180725579587,0.9578056832543599,0.2036018009004502,0.7490171827345535
1,5.898795242087551,0.4638314564560598,0.5818457937154725,-1.3406097789058018,0.5063105393123803,0.9587043478792451,0.20410205102551274,1.9012677689014115
0,-5.0419923499479395,-1.899061239006601,0.04507281489505506,0.46689268452687643,-1.4821088061610614,0.959593541010143,0.20460230115057526,-1.4835871876563116
1,3.54806207674333,1.3477123038624088,-0.45711023560287994,-0.7068990622613482,0.6666426657057907,0.960473253862294,0.2051025512756378,-1.074223231512185
0,3.1876713363817997,0.5980270310938874,-1.086666497783329,0.13835432640679232,0.5090478347550957,0.9613434777445982,0.20560280140070034,2.292565335049926
1,5.514340344034195,1.3433429876964984,0.1676329619934854,0.3486425401058251,1.0023373915095066,0.9622042040597021,0.20610305152576286,-0.2910475572493151
0,0.46293843358991593,-0.383700881075084,0.34494550520553735,0.6296501501369685,-0.08710981499282322,0.9630554243040831,0.2066033016508254,-0.13070137117948688
0,-0.09121734540494314,-0.2957062213323259,-0.2583594498491071,-0.6334370442356455,-0.20015401630699725,0.9638971300681336,0.20710355177588793,0.23223694968855796
0,-1.7798138655148545,-1.126457084751319,-0.7693203309211949,0.12785295340175776,-0.9275109944375196,0.9647293130362439,0.20760380190095046,1.080462086432682
0,8.559931695810775,2.5369295701318877,0.5425830336149764,-1.2246104745003987,1.6781590855975377,0.9655519649868846,0.20810405202601298,1.355270764047574
1,4.856782638598117,-0.17545422540714875,2.481730442169732,-1.4669816959988766,-0.33820927619597674,0.9663650777926878,0.20860430215107553,0.11231210812150598
0,3.826779103436139,1.5875331920819455,-0.30246197925549945,0.49785088538834804,0.9122491381488445,0.9671686434205272,0.20910455227613806,-0.34275295732908095
0,-0.37181838864941735,-0.6472924513872795,0.3367394447611092,-0.11160184319567239,-0.5753767463963215,0.9679626539315976,0.20960480240120058,-0.03729577888672436
0,1.629855123543782,0.16384119233310074,0.3773929828312455,-1.675401395527983,0.007942131991593465,0.9687471014814936,0.2101050525262631,0.3100259333570605
0,-5.167885161632743,-1.67135248657008,-2.566464863642764,-0.907118220580865,-0.9587701717766648,0.9695219783202864,0.21060530265132565,1.339055210221165
1,1.5981932744291714,-0.382867148766769,0.12386234538154337,-0.038558885571692104,-0.5225344476037743,0.970287276792601,0.21110555277638818,0.13857823028987057
0,4.377504373264099,0.9837549084000277,-0.706518702324268,1.4968165457416838,0.6687116086273586,0.9710429893376917,0.2116058029014507,1.861115698641978
0,-1.051467944073522,-1.2517438155744967,1.3846879838502162,0.9866708134113734,-1.003774728269359,0.9717891084895165,0.21210605302651325,-0.8774794336295625
1,5.358598667989683,1.072227544934612,-0.2539858210920068,0.7400230117655952,1.0363067347591557,0.9725256268768111,0.21260630315157578,0.5438882271140122
0,2.0642516842022114,0.3372378158484627,-0.7775358060742449,-1.842463340610073,0.27799792739925633,0.973252537223162,0.2131065532766383,1.7954692330019149
0,-0.6589032653170708,-1.0439509249842558,-0.2184993360778236,-0.15519839068920654,-0.8152037193964796,0.9739698323470777,0.21360680340170082,1.316776949004229
0,0.37268868129863114,-0.5015972714256735,0.16656105809062502,0.41887385814677264,-0.19913995103389656,0.9746775051620601,0.21410705352676337,0.3399243902657886
0,-1.8050682641843023,-0.4590656767054133,-0.5599055705617537,0.3355563923106106,-0.3181125559736308,0.9753755486766748,0.2146073036518259,-0.9026487948518701
1,1.441953816118772,-0.04951933794250218,-0.05266277934274048,0.35767524661576006,-0.13932000030900737,0.9760639559946193,0.21510755377688842,-0.7282616415730727
0,-2.254825538327236,-0.5361439659430923,-1.354159831542692,-0.2913001939337218,-0.07986898615134647,0.976742720314792,0.21560780390195097,-0.16007967044796167
1,0.822602234058688,-0.8272879008045365,-0.22525344690907875,1.698931155252668,-0.4475677073021794,0.9774118349313591,0.2161080540270135,0.31755997796530905
1,2.825140505637096,-0.30458770251481737,0.7756728760864275,1.4175096632158715,0.12099837263761712,0.9780712932338202,0.21660830415207602,-0.25480299600816914
0,-0.42510535984818154,-1.026889738609049,1.9691722756681103,-0.1520328517174491,-0.4984404989321968,0.9787210887070751,0.21710855427713854,-1.4886610586565894
0,-2.1644910624158964,-1.289526572643077,0.7065148677097941,-1.0377163375345768,-0.758137217970316,0.9793612149314864,0.2176088044022011,-0.7546254940202879
1,3.5145025477262184,-0.04817648250735862,0.27193385989192836,1.994611144187856,-0.017031294522117834,0.9799916655829445,0.21810905452726362,0.5293156027245801
1,6.570676074438582,0.8828742255545683,1.183765857934436,-0.6107710755631931,0.39277476159306607,0.9806124344329288,0.21860930465232614,0.8538932510704413
0,-2.568421517280385,-1.529371705117365,1.0191086599600772,1.137953124260998,-0.9389442496043884,0.9812235153485701,0.21910955477738867,-1.4308268306038097
1,4.509936560442941,0.0035081514639604466,1.6638427016068749,1.8502268484585194,0.007486790484904927,0.9818249022927109,0.21960980490245122,-0.37233345117637767
1,0.36961804156330946,-0.6499561948012956,1.0826558538488558,-1.0015129365781357,-0.3299426719398384,0.9824165893239648,0.22011005502751374,-1.7113952433547575
1,-0.6460450442742154,-0.9771454371346897,-0.11786358135149987,0.2320096777112948,-0.6948707329655912,0.9829985705967758,0.22061030515257626,-0.5765197155168975
1,8.148733869490208,0.8534376527146189,0.25844761263424176,-0.4059470447799969,0.45106919830537506,0.9835708403614751,0.22111055527763882,3.622238114275797
0,-0.09355009586652203,-0.5181696890906662,0.17916125499753283,0.456265196661404,-0.5719024132055159,0.9841333929643393,0.22161080540270134,0.06501563911865281
1,6.017872320616534,1.4983016830648794,0.3021392035051579,0.26183239948021003,1.1788341658267454,0.9846862228476447,0.22211105552776386,-0.35312365083919045
1,0.6672179409754065,-0.7798393641463933,0.20032108904013515,1.8865571804473853,-0.2979928409933984,0.9852293245497233,0.22261130565282639,-0.6019268205722429
0,-0.43251953467825166,0.38650199362583243,-0.7824287978047578,0.5315189694476075,0.20436903299150894,0.9857626927050165,0.22311155577788894,-1.2372055141360903
0,-4.301357653405922,-0.22728300655720315,-2.103635888613438,-0.06721892497079593,-0.07763944290993997,0.9862863220441276,0.22361180590295146,-1.9004097364387451
0,-1.500848930567992,-0.7540218091263632,-0.6716786118696474,1.0670995508803083,-0.2615862721530415,0.9868002073938746,0.22411205602801398,-0.043112364408030325
0,-0.8476618720542912,0.5876750425777528,-2.0260344883676478,-0.3303924066151724,0.23667196658502432,0.9873043436773412,0.22461230615307654,-0.2825383886351501
1,3.4532331847719453,-0.15498257307480726,0.0679591073824083,-0.42374386439678374,-0.18488020531410676,0.9877987259139261,0.22511255627813906,1.5106782378310335
1,2.412264994243153,0.6032105807136467,0.004536388153236781,2.1795076555846484,0.1910397231209298,0.9882833492193934,0.22561280640320158,-1.6730824305072014
0,-1.065202419533326,-0.047291507216996057,-1.6755745035631586,-0.8793816828413256,0.19259845599748332,0.98875820880592,0.2261130565282641,0.445354484154867
1,1.9689161215693174,-1.0858162553014383,0.6881681671279395,-0.5473935567368408,-0.7165353910178041,0.9892232999821434,0.22661330665332666,1.3715867704368345
1,1.1749092611567087,-0.10206924318890695,0.8668580847152214,-0.014613837582336824,-0.17175928098894058,0.9896786181532077,0.22711355677838918,-2.0013916513859673
0,1.3700629902445716,0.05195516951614051,0.09585178909326052,-1.1153190621491489,-0.30119524738003745,0.9901241588208092,0.2276138069034517,0.6726467524839672
1,4.6607408582783885,0.9584629538811972,1.667666301846532,-2.167422133667998,0.6267454717667057,0.9905599175832408,0.22811405702851423,-1.646830337714925
1,3.4748159921688817,-0.9062690073351785,1.8716655437857856,0.9968460123503416,-0.44451134906986606,0.9909858901354354,0.22861430715357678,0.534056643511236
1,1.9897860046129385,-0.03932985326730542,-1.2059939963062491,-0.843269188985265,-0.09461082522407487,0.9914020722690086,0.2291145572786393,1.5089536236183334
0,-2.0253744794156834,-1.721878730230039,1.0367051438010604,-0.5997878057397446,-1.297906610694608,0.9918084598723,0.22961480740370183,-0.003888338844161372
1,4.714700585121101,0.6514930603433157,0.44084787871378645,-0.43101868113189074,0.5751550266480734,0.9922050489304145,0.23011505752876438,0.2935539188240118
0,-2.197597744651018,-1.0814829746406458,0.41831977654672364,-1.0401410090026944,-1.0101705213333123,0.9925918355252606,0.2306153076538269,-0.7092346546016155
0,-2.1156495728763165,-1.8063595210836054,0.9344475176464853,-1.132697317969971,-1.2622049568993012,0.9929688158355909,0.23111555777888942,0.29581588208765325
0,1.003761528173141,-0.0592168342747372,-0.7191677959584135,0.10201875230601855,0.06931099409012935,0.9933359861370382,0.23161580790395195,1.1577301265403825
0,2.8722086324445204,1.1056849586628463,-0.592372433225022,2.3388249669808308,0.6111078177208451,0.9936933428021535,0.2321160580290145,-0.18692723839168124
0,-3.905725170820299,-1.5244469482118754,-0.8266721120953349,0.6775752807378284,-1.2398249046216674,0.9940408823004411,0.23261630815407702,-0.1424956588302923
1,-0.635906171213888,-1.0880355853884272,-0.7549023733623218,0.6880430461880194,-0.7203365228164994,0.9943786011983938,0.23311655827913955,0.39916084508928457
0,-0.5145951913102469,-0.7432748910532813,-0.0985117341791574,-1.564185232300739,-0.5479429235771679,0.9947064961595269,0.2336168084042021,0.8416930429492535
0,-5.413460057779026,-1.1294966463420033,-1.4518241682250626,-0.08296286156199097,-0.845362140590976,0.9950245639444106,0.23411705852926462,-1.6731524846837278
1,1.7074053971814909,0.37942788833458474,-1.0457273769897157,-1.2421158588263228,0.2989356999652354,0.995332801410703,0.23461730865432714,0.06142723022752258
1,0.659874655818999,-0.8073674450444858,0.5775282890608695,0.713292783613047,-0.5287543920752421,0.9956312055131803,0.23511755877938967,-0.70017146396598
0,-0.5870509517474019,-0.7215147364602021,-0.07096271518980352,-0.2869006314436612,-0.696622348011158,0.9959197733037669,0.23561780890445222,0.5080218574420379
0,3.7005786261743263,0.5833053986823111,0.38295479089808016,-0.020692939337798557,0.2682349446924318,0.9961985019315652,0.23611805902951474,1.0600645537781714
0,-3.0545938541326825,-0.7555146309686842,-1.889260483214151,-0.14740144512050724,-0.44738157425297176,0.9964673886428831,0.23661830915457727,0.31938123370988913
0,2.144944638167627,0.43278009778072224,-0.7838532661601295,-0.6424284757395594,0.5180231389795905,0.9967264307812617,0.2371185592796398,1.3214261731821608
1,-1.856504902988686,-0.9713851718820432,-0.5554226527397299,-1.580271071977074,-0.41865866480461644,0.9969756257875008,0.23761880940470234,-1.0129180134824183
0,-2.360609856730416,-1.2121385142152894,0.03253481475709576,0.5206899850585894,-1.0241238982603673,0.9972149711996852,0.23811905952976486,-0.417492438631454
0,-5.423617130676213,-1.8354492891909227,-0.5862841716541372,-1.4419023190761806,-1.0750229090152512,0.9974444646532082,0.2386193096548274,-1.011614412148055
1,7.818884978458244,1.861202786911729,0.9332146265064265,-1.2396162848183372,1.4460291609672051,0.9976641038807956,0.23911955977988994,0.061085923536279514
0,0.03965585641910914,-0.32025903213099666,-0.05827611623345148,-0.3565820998047485,-0.23749669220102732,0.9978738867125272,0.23961980990495246,0.0987115098513041
0,1.1325091918689705,0.24393336794842915,0.017014160597581412,-0.7650471184847458,0.26040616526538984,0.9980738110758594,0.240120060030015,-0.20211576706925
0,-0.3277245422994828,-0.0310495089807992,0.013538172992502411,0.2027334486785688,0.13574286223481585,0.9982638749956445,0.2406203101550775,-1.239246494610968
1,3.9303720408567218,0.15996175700726273,0.7079854494341167,0.9514763838152778,0.45960829198784064,0.9984440765941512,0.24112056028014006,-0.07778931521340503
1,1.3346300773293143,0.04968647937437248,-0.47162071221397295,0.1898808045485561,-0.18164961056413845,0.9986144140910828,0.24162081040520259,-0.44669579747727317
1,8.994265980407375,1.9082170392026987,1.1223937822732857,0.13811676891657962,1.448020191795359,0.9987748858035943,0.2421210605302651,0.6190298575185803
0,-1.2948933111804017,-1.0389265909571472,0.46005860268931037,-0.03567137623409534,-0.7618891992013068,0.9989254901463098,0.24262131065532766,-0.2752393470896967
0,-1.285097497300404,-1.557462106098177,0.15403693654833056,0.7990423169501315,-1.138144820586374,0.9990662256313378,0.24312156078039018,1.1904984644408017
0,-1.5085794318131402,-1.0119596684843548,0.041736487547873846,-1.904824258734936,-0.48766344251155214,0.9991970908682858,0.2436218109054527,0.23739555490452052
0,-3.3715374571305197,-1.3347090097585461,0.5203039678826298,0.3081429663863253,-0.7787477169794048,0.9993180845642742,0.24412206103051523,-1.899389168223794
1,4.945373338992614,0.7469620524819425,1.0153915379290526,-0.9918242237488746,0.31481548193298425,0.9994292055239488,0.24462231115557778,-0.17635588538405614
1,3.7544434730495944,0.8203782095377569,0.9455275503849921,-1.291911564924332,0.5114092958950318,0.9995304526494934,0.2451225612806403,-1.4617047445400344
0,0.07847368561935586,-0.9613155451503265,0.37586015781087595,-0.05416830837084634,-0.6344408376542185,0.9996218249406393,0.24562281140570283,0.9915295415038162
0,-0.04341537940059581,-1.3904357764629918,0.876718754937285,-0.4462978941240577,-1.2600231001595863,0.9997033214946769,0.24612306153076535,1.4678573122569658
1,1.8301505975991605,-0.35479665314109476,0.11835818574354019,0.5242703134952093,-0.08365281521685303,0.9997749415064627,0.2466233116558279,-0.02640653745897182
1,7.898959882297928,1.3911238778763935,1.2524901993132729,1.04175047728501,0.9524228754793794,0.9998366842684291,0.24712356178089043,0.4545376166044876
0,-7.753191351836692,-2.819569417798316,-0.02660650720976532,-2.3846573884820788,-1.9479673610798238,0.9998885491705899,0.24762381190595295,-1.4780402257634058
0,-2.9066209652622126,0.5266267690158747,-2.075139274724183,-0.1313375002747724,0.4287061782661054,0.9999305357005471,0.2481240620310155,-2.2998830083469897
1,1.5496890407907284,-1.0757552274485853,1.3378825669523462,1.8993480516158663,-0.4013462875674882,0.9999626434434962,0.24862431215607803,-0.5669579633538447
1,4.836873834581522,1.0403671465412743,0.10785108802531188,0.8085818577061741,0.7291215768330848,0.9999848720822294,0.24912456228114055,-0.2601644069726063
0,-4.513974750401547,-1.077923940876752,-1.1710784450654783,1.3873896614900512,-0.8316660515540866,0.9999972213971394,0.24962481240620307,-1.5472939254842701
0,0.19355962365064677,-0.2854158272158405,-0.19822370723278251,0.04279482471348899,0.13845855745695237,0.9999996912662218,0.2501250625312656,0.09426893392765145
0,-3.8690611041464362,-1.5062791006395633,-0.8838335765102854,-1.4942840123490642,-1.160028975754548,0.9999922816650751,0.25062531265632815,0.32122928991236027
1,3.1515375638813525,-0.9772578504980973,2.100209383299386,-1.1839404869912722,-0.7942904686288089,0.9999749926669027,0.2511255627813907,0.659496787944655
1,7.830963151721901,1.3858391630461182,0.49768494758334,0.6527292935991514,0.6891463984904864,0.9999478244425106,0.2516258129064532,1.5868658258922064
0,1.8533704165532021,0.8205786858900587,-1.5687111746440843,0.899899843603743,0.782289244540517,0.9999107772603066,0.25212606303151575,0.8300145350349918
0,0.10905602555731486,-0.40166815215067564,0.5461645463688639,-0.7904852842461738,-0.23344886271530285,0.9998638514862973,0.2526263131565783,-0.37328451029117565
0,-1.6253019677406937,-0.8701723702042559,-0.3987399548212523,-0.3272524760945799,-0.5219317624132603,0.9998070475840847,0.2531265632816408,0.10925366342943829
1,1.0625333281418792,-1.893807136511814,1.916783335900153,0.20259113988332061,-1.2988745072204864,0.9997403661148613,0.25362681340670334,0.6166008176130887
0,-2.889065741047382,-0.3936567119009843,-1.0526966000871745,-1.8091007436165183,-0.30838341646927747,0.9996638077374049,0.25412706353176584,-1.0679594352017188
0,-0.94551587094447,-0.030903252586298,-2.2470295033213277,-0.4089409495039582,-0.18308935520200703,0.9995773732080722,0.2546273136568284,1.3599631813538602
1,3.394993909860935,-0.08405435783448403,0.06586917972792136,1.5592748783005692,-0.21936236685666125,0.9994810633807905,0.25512756378189094,0.9244290678812064
1,1.9140233552029229,-0.0937919279761702,-0.34802734954971914,2.1266978442548625,0.013894315203206511,0.9993748792070504,0.25562781390695344,-0.22918198742618354
0,-3.0011235070698516,-1.121809627226926,-0.4165857348986773,-0.1671329599214533,-0.7666811203170245,0.9992588217358954,0.256128064032016,-0.650178904432088
0,2.320330121146374,-0.06627388536561797,-2.141239161151281,1.7726801491001971,0.2706412329783421,0.9991328921139124,0.25662831415707854,3.895566624599476
1,3.482919845076002,-0.038673379535105926,0.4268093511974458,-0.5838896171456969,-0.18333297701226092,0.9989970915852197,0.25712856428214104,0.8627340191928101
1,8.299005865053543,1.2905620378031775,1.673345147842607,-0.8691100871423045,0.8011757732999474,0.9988514214914548,0.2576288144072036,0.9645860387014092
1,5.53614522409445,1.8667334543523622,-1.9090490809054177,-2.2970588852128215,1.0989587889341657,0.9986958832717616,0.25812906453226614,1.8431399252542693
1,4.872139603942462,-0.13698902691779163,1.1712236874228787,0.8981409510440554,0.17109867853586275,0.998530478462776,0.25862931465732864,1.0070643281812621
0,-1.6817114017284123,-0.7663059511758866,-0.5687168567540479,-0.432845061155312,-0.7860886808128412,0.99835520869861,0.2591295647823912,0.21851329147504536
1,6.505718602298065,-0.06498212976196366,2.3490052720222456,2.281059413701781,0.10149045950558669,0.9981700757108368,0.2596298149074537,0.7236419100051811
0,-0.7466332173350523,-0.607621275254437,0.43600792104884084,0.27292594256866715,-0.14645147078398446,0.9979750813284729,0.26013006503251623,-0.9309789547164578
0,-0.39208014994929885,-0.7424338157462491,-0.18784437134585374,0.12998503054973018,-0.553085869432399,0.9977702274779598,0.2606303151575788,0.7360739616241593
1,1.7753552836338382,-0.05865015192214237,1.105381765888225,-1.8646251766459487,0.09674772180332628,0.997555516183146,0.2611305652826413,-1.571282301660515
0,-0.403307956634079,-1.0433044311523152,0.5260284507497229,1.441797690585411,-1.1567528836021963,0.9973309495652656,0.26163081540770383,0.43795537542880697
0,1.9558190338541395,0.6061067511550176,-0.5924559759824957,-0.42106776283227204,0.3422447457928717,0.9970965298429187,0.2621310655327664,0.5753343079319383
1,1.229040347090822,-0.10391554918407729,0.710216943288975,-0.21919125967355124,-0.40632099002613564,0.9968522593320488,0.2626313156578289,-1.5909937748000933
0,2.3066703697241597,0.25000830685995257,-0.5106958703451107,-2.264490300340288,0.20350220531105095,0.9965981404459197,0.26313156578289143,1.9700995895750764
0,-2.902902709430679,-0.18294003597067152,-1.788487967143609,0.8683817763138926,-0.13175294089227943,0.9963341756950921,0.263631815907954,-1.171414780909402
1,4.4676859092396075,-0.7272544472524123,2.031592193247407,0.9309286017780591,-0.6666245830103713,0.9960603676873989,0.2641320660330165,1.0766070001595542
0,-2.4064762019400496,-0.9479595597488518,-0.34958310074179777,-0.6635729065431829,-0.48215665605901936,0.995776719127919,0.26463231615807903,-0.5339656211098539
1,1.3683103543191548,-0.23727600432454096,-0.609014000667632,0.035400646719590756,-0.10118180739812092,0.9954832328189506,0.2651325662831415,0.3264198550889874
1,0.8495294592197931,-0.5487603374278119,0.3387220634549792,0.33516974084731394,-0.4929853608056028,0.9951799116599839,0.2656328164082041,-0.6655103529623536
1,3.561430987556002,0.23390133320957562,-1.5596318578537094,0.9057279528622023,0.05699463828518617,0.9948667586476722,0.2661330665332666,2.5598201857306844
0,0.00862774251793974,-0.004431703197639366,-1.35357864819892,0.047425569432923954,-0.2991338853467145,0.9945437768758023,0.2666333166583291,1.0655354239641806
0,-0.8237449724750783,-1.3623067479227293,-0.4996467000687651,1.665789691028995,-0.9956007794156025,0.994210969535264,0.2671335667833917,1.8633616807445197
0,1.2940985263147189,0.06712129942835174,-0.5197218065528668,-0.29926723069108135,0.46075930173930163,0.9938683399140186,0.2676338169084542,0.8132808058894113
0,-1.6910367835271507,-1.3428604171407572,0.0718892724861329,-0.6630681798230744,-1.0857803749867792,0.9935158913970662,0.2681340670335167,0.7250502391545722
0,0.9642594767396663,-0.6164776255192805,1.1225577131260291,-0.5233628201241752,-0.35355893394965937,0.9931536274664124,0.26863431715857927,0.1676687800424145
0,-1.2621591333623243,-0.2943536092178474,-0.4740269731350362,-2.5941915983932176,-0.3197046191358037,0.9927815517010343,0.2691345672836418,-0.23018759957157547
0,-2.8425616672316636,-2.075273277911311,0.4927984727498653,-0.8632566022092495,-1.2989835784434263,0.9923996677768443,0.2696348174087043,0.6378431198649028
1,3.759908086847744,0.09150744785998134,0.6015450009035166,0.9507525617928245,0.14588118156731722,0.9920079794666544,0.27013506753376687,0.18016417946423624
0,-0.32532311867161656,0.15098334971433505,-1.084075381597879,0.2088286138377693,0.05444539826627016,0.991606490640139,0.2706353176588294,-0.13858925464754046
1,0.5308489427959526,-0.15802419342467286,0.22845572291280122,-0.8745452173177829,-0.4682707209736702,0.9911952052637959,0.2711355677838919,-1.392636381326869
0,-1.6618451515036867,-0.4243172724715942,-0.9426673793229624,0.29419195150876,-0.40371457808249367,0.9907741274009082,0.27163581790895447,-0.2962835165032156
0,1.6956061814856342,-0.37360366010814,1.0638987445477837,-2.0739845780357355,-0.029363000793910493,0.9903432612115034,0.27213606803401696,0.6376933578236438
0,-1.4096122924348795,-0.9765394686110568,0.4550898780724911,-0.3400046444615867,-0.7368730127939519,0.9899026109523125,0.2726363181590795,-0.46321080833522094
1,2.2684472239204414,-0.2697003697288119,0.016504114361246543,0.46992642016040964,-0.06949349093686008,0.9894521809767279,0.27313656828414207,0.3756911081949457
0,-2.2358835941036146,-0.5526118035148618,-1.3396996537511157,0.6431066729503216,-0.4868421834329547,0.9889919757347606,0.27363681840920456,-0.12567563647329694
0,-0.171476844151217,0.09168539268739877,0.11599001028531707,-0.8293965806755483,-0.30978509217343303,0.9885219997729958,0.2741370685342671,-1.0362467943138527
0,-3.6692558534366744,-1.2041360895448572,-0.7670275135766861,0.8582181144157621,-0.7636155727277507,0.9880422577345487,0.27463731865932967,-0.9050238842687753
1,3.476951312109211,0.235589909011144,0.7059626404522606,1.815145859940529,0.22319215964178338,0.9875527543590178,0.27513756878439216,-0.7378985303745971
0,0.6007848207468827,0.1432188934776698,-0.1193265023655012,-0.4812186282847674,-0.019076118550298574,0.9870534944824386,0.2756378189094547,-0.27599034032782527
0,-0.6854573728025304,-0.1415628321787237,-0.8123445628874556,0.6867097493840492,-0.17730816942507172,0.9865444830372357,0.27613806903451726,-0.24616260057373876
0,1.894337021772815,-0.439204823086289,0.9255178975111621,-1.6117146059856697,-0.25508192406392877,0.9860257250521743,0.27663831915957976,1.1683219030624123
1,3.0328586031010065,0.5523398924701125,0.7215350677134271,-2.0161328090678525,0.2645730468193599,0.9854972256523098,0.2771385692846423,-1.089953613015404
0,-5.760980425667455,-1.6646017067938645,-0.5932970789467739,0.5587968073512711,-1.1017305832873128,0.984958990058938,0.2776388194097048,-2.0724003401751396
1,5.644696803107957,0.4604533381451202,1.1620278326784772,-0.010533075189661062,0.27719978585408545,0.984411023589543,0.27813906953476736,0.7257095454627689
1,1.8841297137820154,0.24303746619037217,-0.29839467518434,0.14645380832576863,-0.3007567812640046,0.983853331657745,0.2786393196598299,-0.443828375321528
0,0.8725780895113951,0.28337629253461555,-0.3091516143961749,-0.6362865312341232,0.16502726842136883,0.9832859197732465,0.2791395697848924,-0.09834741469562062
1,5.919167998294577,0.3833125924326753,0.12380104826825901,-0.34679669514588785,0.145491808121393,0.982708793541778,0.27963981990995496,2.6374742836044462
0,-0.07217541588454512,-0.6536444065928503,-0.752633751892954,0.7581072132408464,-0.6277865969494127,0.9821219586650427,0.2801400700350175,1.5251445289820165
1,2.166222062055639,-0.25946005830143554,-0.4416399017124963,1.6657007856232635,-0.10683314512686887,0.9815254209406601,0.28064032016008,0.6289647760093228
1,4.530064068428096,0.6370583312163494,-0.16047927868495432,-0.26908874932326465,0.34462844430847145,0.9809191862621087,0.28114057028514255,0.9955701260605948
1,5.210570105681064,0.4306392440831103,1.5302830096578555,-1.703231376841698,0.40342742648419916,0.9803032606186678,0.2816408204102051,0.14843712481822816
1,6.144907941645437,0.20671276544264874,1.4996497419608228,1.22248567963714,0.3561508948962239,0.9796776500953583,0.2821410705352676,1.0090336536998687
0,-3.5225506090154237,-1.5143202451196276,-0.2588702005904889,0.5507510168295309,-1.0363879744759563,0.9790423608728828,0.28264132066033015,-0.5995760465303922
1,4.975105678070795,0.5378871148832081,1.6104377405287214,0.630251058273135,0.06586923327570932,0.978397399227564,0.28314157078539265,-0.703369976600789
1,4.541812266329843,1.1694709919931063,-0.04328674990911938,0.13043064370523585,0.6694196180624997,0.9777427715312833,0.2836418209104552,-0.451704076188288
1,7.407173057268914,1.0096714930428576,0.38058067781150273,2.272222234899647,0.8826612500064502,0.9770784842514176,0.28414207103551775,1.6473481585625624
1,5.649419803688726,0.2338780487691054,0.88357783377393,0.024089532547496836,0.1080567734594988,0.9764045439507755,0.28464232116058025,1.6243164015878089
0,-3.0139142581750966,-1.5576786036041945,0.29204782620021036,0.46295697978234307,-1.254389311080964,0.9757209572875317,0.2851425712856428,-0.5933607668863558
1,8.531840061445163,0.9425448142280201,2.4151822041819053,-1.9052663391508196,0.6374932369606794,0.9750277310151628,0.28564282141070535,1.2196833333157795
0,0.6068311821673543,-0.1472546367197673,0.24334631423717915,-0.6306250256963642,-0.008020452932135935,0.974324871982379,0.28614307153576785,-0.1344005971979704
0,-5.6517185083419115,-2.5325196480669656,-1.1975892455108241,-0.7384221949687869,-1.7259434404631346,0.9736123871330575,0.2866433216608304,1.1314305857093332
1,4.68229266683976,0.37720740310720396,1.3054709745141813,-0.08116274537462496,0.38733437996838294,0.9728902835061733,0.28714357178589295,-0.295964846561381
0,-2.206329453128536,-1.4921717830795365,-0.41206349351204147,0.2970384948809712,-1.2118982841576211,0.9721585682357299,0.28764382191095544,1.0110617628458982
0,-2.8660106376587358,-1.296440580195063,-0.3042883313481632,-0.8010448715914182,-0.9661021085053296,0.9714172485506886,0.288144072036018,-0.08334860691745934
0,-4.486499731701316,-0.6349588923738527,-2.991672883505406,1.680522437013563,-0.4985524125368133,0.9706663317748975,0.28864432216108055,-0.26316424349557455
1,6.421725700965887,1.272591177882884,1.000985899653341,-1.1170718636403265,0.8822626490466986,0.9699058253270189,0.28914457228614304,0.008744061800157079
1,2.4258677037785032,-0.37084535417839304,0.81844914660313,-0.501933791688022,-0.6780779984559141,0.9691357367204558,0.2896448224112056,0.19433059361840377
1,3.471982053086844,0.2709915877367156,0.7990194733686489,0.18719982884836842,0.13878757701532032,0.9683560735632782,0.2901450725362681,-0.564096028619402
1,5.961776758126847,1.7479679637522305,0.9784058965260787,-1.3027910955820692,0.9542235450628889,0.9675668435581473,0.29064532266133064,-1.3710395058762574
1,10.303216033387306,1.5940297626557918,1.6910002031173141,0.5197008965224407,1.386501527421636,0.9667680545022398,0.2911455727863932,1.771405770099959
0,0.44333171340143185,-0.10335341582736501,-0.04600184904419109,0.5819549153502893,0.23120297597325906,0.965959714287171,0.2916458229114557,-0.3702686011115196
1,1.2633687188500595,-0.2415210220605113,0.937616498169398,-0.343826543076144,0.15917682468757238,0.9651418308989163,0.29214607303651824,-1.831285552254671
0,-4.927142718534562,-1.2608706340895501,-0.7438398119629125,1.8588844239302853,-0.7265215397657101,0.9643144124177327,0.2926463231615808,-2.2947493980645137
0,-4.131083991526131,-0.6944580741815911,-0.35380118366422997,0.03059678197044353,-0.5860992906748079,0.9634774670180793,0.2931465732866433,-2.842968570218887
0,2.7651392013845246,0.4253583476127701,1.0567601543294927,0.23005263508339455,0.4834953991955759,0.9626310029685355,0.29364682341170584,-0.594642586656725
1,4.991436356765726,0.39573076180964684,0.3911238288656312,-1.0119886726254368,0.2334462953081991,0.9617750286317206,0.2941470735367684,1.4298265191952293
0,-2.5553999674272996,0.11023823117395956,-1.3334151925780864,-1.7266050951286211,0.19420190548095778,0.9609095524642097,0.2946473236618309,-1.64141894361009
1,4.63235502916067,0.9948016575639254,0.36132937954770283,-0.6826493639118173,0.5141339876103362,0.9600345830164518,0.29514757378689344,-0.29455349006431303
1,-1.6916346231666073,-0.7723680130331807,-0.18291144086031308,-0.37292832046324914,-0.6605580766288354,0.9591501289326843,0.29564782391195593,-1.8511236250369678
0,0.7621136041783887,-0.05607652018346502,-0.8186662911473895,-0.5068961423413513,0.04892331040663181,0.9582561989508472,0.2961480740370185,1.1687439218092217
1,5.357949780092564,0.7312429884948122,0.43428705031409537,0.7180129059372203,0.8585754023691201,0.9573528019024984,0.29664832416208103,0.411464849919446
0,1.5692374540877614,0.584145906227918,-0.40450569748884313,-2.439079550599134,0.40029134369074787,0.9564399467127246,0.29714857428714353,0.3681115877706283
1,4.229272480229862,1.0709457757324194,-1.5704896885119972,-1.1858438378474525,1.1915997817587853,0.9555176424000543,0.2976488244122061,1.4242013429182594
0,1.9572337524911307,0.3970204067650606,-1.111155278671533,-1.8786059095215446,0.8191503179660882,0.9545858980763684,0.29814907453726863,1.727835239824903
1,5.144513486992401,-0.3094025555968319,1.7691700765436857,1.2913621830409614,-0.4736235876330306,0.9536447229468099,0.29864932466233113,1.0961135740710877
0,-0.9570263345145723,0.3621922602623995,-1.5149289161276076,-0.6165505373406482,0.2445976786238764,0.9526941263096935,0.2991495747873937,-0.5566301487676767
0,-2.7536026440438817,-1.0025951963841089,0.222802187080488,-0.5662877297703721,-0.893538691296098,0.9517341175564132,0.29964982491245623,-1.32347840312759
0,-3.495362482311855,-1.6394593315431263,0.6100559143083106,-1.1535412665401712,-1.1785958544366468,0.9507647061713498,0.3001500750375187,-1.034769754158957
1,2.892982232526753,0.5806717808971771,0.6391890463003149,0.849007623130293,0.29741102401215375,0.9497859017317772,0.3006503251625813,-1.7628799616421964
0,0.9160066357006019,-0.0551403328210084,-1.225471658638618,-0.4630059537401646,-0.055261414629111605,0.9487977139077678,0.3011505752876438,1.8947629264055519
0,1.122632657285274,0.30840962641700853,-0.3215381693553146,0.1712253418287073,0.40321514697588123,0.9478001524620966,0.3016508254127063,-0.15670982806168635
0,-3.116437353735053,-1.697684363841418,0.14084672512860527,-2.086741577557244,-1.0060603691273946,0.9467932272501455,0.3021510755377689,0.17174094807314452
1,3.0161224510385396,-0.36511402472543003,0.8002092604788348,1.1213481425465799,-0.2074999085409829,0.945776948219805,0.30265132566283137,0.2412954380295823
0,0.7789021597101038,-0.5998571137315275,-0.6449608312139513,0.3444964259767632,-0.4226236478299197,0.9447513254113767,0.3031515757878939,2.1154222936899107
0,-3.128069054960843,-0.8642121147366698,-1.1634745046255395,0.5018210772030154,-0.5847569223816569,0.9437163689574737,0.3036518259129565,-0.5389589995939101
0,-1.6480002359709212,-2.25501500646246,1.002574049160511,1.1870612468055768,-1.5566177986899274,0.9426720890829208,0.30415207603801897,1.2559481210967038
0,1.8520984223896177,-0.33487348213705126,1.1051536459896922,-0.24360416948942357,-0.12414679296999528,0.9416184961046529,0.3046523261630815,0.3525238631959905
0,3.2723604886950945,0.8973042881661908,0.37007255604901534,-0.2174158039145483,0.6259976954784955,0.9405556004316138,0.3051525762881441,-0.11605529284445716
0,-0.8041078020929697,0.3809977218637382,-0.6087871566976384,0.6686353106721878,0.3629901644323503,0.9394834125646527,0.30565282641320657,-1.932877675516166
0,0.8899569841091206,-0.6009466096658063,0.4067616554221394,0.3772463106290128,-0.6826713044796414,0.9384019430964213,0.3061530765382691,0.9861952432693898
1,1.7431227543091294,-0.014875971650300183,0.10931070326586399,-0.2949299601950698,0.14332459184595514,0.9373112027112682,0.30665332666333167,-0.7244295466659039
1,4.948548234857386,0.7568000802380088,0.8376286761913921,-0.005578279459773539,0.8722217443161082,0.9362112021851339,0.30715357678839417,-0.43125849694676066
0,-7.0895807695566715,-2.7604178626541933,-1.249112965910906,-0.5544721610446394,-1.8990294791009559,0.9351019523854439,0.3076538269134567,0.27344963209697415
0,0.8312948394599285,-0.12453654680663752,0.11626077213898914,0.6663133394143435,-0.369689563013197,0.9339834642710024,0.3081540770385192,0.1389851882272429
1,4.918446850502691,0.5432001471814378,-0.1590638486661144,0.8856254322871752,0.6444165182438437,0.9328557488918827,0.30865432716358177,1.1979086237261252
0,0.31057396422582717,0.6821286252341751,-1.1096837146474172,-0.04402009316533841,0.4094312399791228,0.9317188173893186,0.3091545772886443,-0.6483526192318986
1,6.898496639064347,1.7007302070100299,0.2156482494083487,1.8323295056584814,0.5964924234701742,0.9305726809955946,0.3096548274137068,0.21087861816523187
1,5.041064309498118,1.1350456790964805,0.03491783587894065,-1.5894527508232954,0.7484837913945548,0.9294173510339345,0.31015507753876936,0.32837219831198167
0,1.1124626133904927,0.3125628347462472,-0.41035866711100005,-0.28256810760995177,0.33572079171993513,0.92825283891839,0.3106553276638319,0.0688495195960377
0,3.176466422436042,0.30197600611542663,0.39602874988594206,1.665154972903999,0.2845125380987375,0.9270791561537273,0.3111555777888944,0.7420349093193984
0,0.6527340267122084,0.7869453479945998,-1.418797010729465,-0.4709215018631677,0.7934505313867826,0.9258963143353139,0.31165582791395696,-0.21936158053283009
0,0.51537117978281,-0.5393269947423406,-0.05364179317152694,-1.6515480551256345,-0.25748786052929823,0.9247043251490038,0.3121560780390195,1.282970528527747
1,2.398796253967644,-0.040188054943185156,0.43141416577899233,1.3494839208396892,-0.006225892400167538,0.9235032003710226,0.312656328164082,-0.6880321153706535
0,1.8022600495489698,0.9062390030785368,0.28401785812567304,0.4982082569193431,0.24080128349337498,0.9222929518678503,0.31315657828914456,-1.438802666520219
0,6.4784505006509665,1.9574452148950907,1.0764277819579489,-1.2448515785715548,1.147133627682443,0.9210735915961046,0.31365682841420706,0.0005540130268669929
0,0.32319417170553344,-0.159267305731742,-1.2011125741820126,0.7282376796523531,-0.07867977157029277,0.9198451316024228,0.3141570785392696,1.2580825242717288
0,-1.8726260669011163,-0.04840068932986404,-1.507880424632744,-1.0730199546965322,0.09742980975149204,0.9186075840233425,0.31465732866433216,-0.4882047910951295
1,2.1307976560533115,0.19848019378767898,0.2390677420582579,-1.3912036365013736,-0.06692818060656605,0.9173609610851821,0.31515757878939465,-0.6034857826776577
1,5.670774249676034,1.3432036940080567,0.4551525274359929,-0.20046706354428614,0.8165411764010542,0.9161052751039194,0.3156578289144572,-0.313471747812607
1,5.1738944672044465,-0.03031330358915025,2.1198237931768675,-0.5298006136554628,0.06914429966585882,0.9148405384850706,0.31615807903951976,0.21245433879755754
0,4.534158029828879,1.469359036471145,0.6166124762069511,-1.1480775184452936,0.6480877033398507,0.9135667637235674,0.31665832916458225,-0.137986305113302
0,-2.4847127369921322,-0.9666572174287505,-0.8739482973691961,-0.41424395727889124,-1.0643979688177536,0.9122839634036334,0.3171585792896448,0.36266535543095996
1,0.9861173224926478,-0.18603629573699512,0.8060297349017768,-1.0545462923629347,-0.17832880234936052,0.9109921501986602,0.31765882941470736,-1.726404492700944
0,0.8832265647334734,-0.19816515668552595,-0.8456301477467206,0.012384768258655181,-0.09139831152800004,0.9096913368710817,0.31815907953976985,1.5855590553182526
0,1.3325887095879323,0.78650572409622,-1.485835945656234,-0.07078427748398865,0.4531994814388708,0.9083815362722486,0.3186593296648324,0.642474778711318
1,7.252519816311943,1.0452603769782782,2.6091008797125292,0.6991987106017182,0.275201390969929,0.9070627613423007,0.3191595797898949,-0.8432232632368787
0,-0.9323856296239843,-1.5094443581182324,0.3258253793974214,-0.5033794817033244,-1.0545779172542489,0.9057350251100397,0.31965982991495745,1.455242474847619
0,-0.2888149709262181,-0.9151176258112247,0.7149506318072036,-1.3824289978977182,-0.9060223280390352,0.9043983406928006,0.32016008004002,0.5061299047300837
1,5.206486845371219,0.3368524787764621,0.5635502526976668,-1.3700801950691799,0.36267370167280244,0.9030527212963207,0.3206603301650825,1.5577978650668498
0,0.4043395223838713,-0.6586936458858148,1.8120767740895158,-0.2939200592410351,-0.4835912931922728,0.9016981802146117,0.32116058029014505,-1.1681349038389388
0,-0.29988441340192895,-1.522427775647643,0.2841065164750757,1.4924461150451196,-1.0158871304286634,0.9003347308298253,0.3216608304152076,1.7506544233490773
1,6.670485802161118,1.0384799720234792,1.2176980326795928,0.803285930701895,0.8513694401685272,0.8989623866121235,0.3221610805402701,0.09005557731435507
0,-1.6074416823082744,0.49397008415364824,-1.027283849998033,-0.6901748809921471,0.2390727659263555,0.8975811611195446,0.32266133066533265,-2.075220866851806
1,2.7606597902681993,0.4931774968607472,-1.3921609905481027,0.8971002657835081,0.5064760476090067,0.8961910679978685,0.3231615807903952,0.8179663707405939
0,1.1823584542590306,-0.4754457164460954,1.4265570102475973,-1.210047387615151,-0.08918005318138383,0.8947921209804836,0.3236618309154577,-0.26784472453416963
0,4.399617777891555,1.028938452167321,1.4748597184089915,0.9686460234228775,0.7963085953177023,0.893384333888249,0.32416208104052024,-1.0003079790927822
0,0.7981342548420207,-0.23995999642712024,0.5107258153135588,-0.4311181065019909,0.09279244244700094,0.8919677206293598,0.32466233116558274,-0.178584694556392
0,1.8272982481361768,1.0964352778229522,0.22606650372129622,0.7234757361001739,0.6410163632451565,0.8905422951992092,0.3251625812906453,-1.9568572960079176
1,1.254408394238034,-0.9116651509426222,0.1661765946528419,0.5770513642575287,-0.4592743376056737,0.8891080716802493,0.32566283141570784,0.6440710312386989
0,-2.2895935863818178,-0.8541354476838009,-0.6881614284343454,-0.3250746485647051,-0.5470370403917943,0.8876650642418533,0.32616308154077034,-0.17971151972143962
1,4.5344987797450065,0.20466321059769635,1.5386378999864012,0.2815253768618606,-0.054467382521940805,0.8862132871401742,0.3266633316658329,-0.23532494801932885
1,2.8037339324920074,-0.7023321457970587,0.6588808148318211,-1.1168899565246593,-0.509543578621476,0.8847527547180054,0.32716358179089544,1.4991444026468466
1,4.5765714437161655,0.6754510653688304,0.5059054445022095,-0.12098586459884814,0.3655013291439918,0.8832834814046381,0.32766383191595794,0.07892093266882284
0,1.444437805911598,0.26008774412905367,0.37612526747180247,1.0391751971270982,0.07034127858022739,0.8818054817157183,0.3281640820410205,-0.6378806696983053
0,-0.09353034790250814,-0.9229712178630985,1.0479128213568687,4.06160631065189,-0.6312674925554977,0.8803187702531046,0.32866433216608304,-0.9363905933020177
1,3.3727129565316507,0.07286560094510024,0.505005299863868,0.6581774904423389,0.25888002256744813,0.8788233617047234,0.32916458229114554,-0.02008056952341643
1,3.587377499091911,-0.35127768818736665,0.7453597695911983,0.04148551857235474,-0.3110974216877602,0.8773192708444233,0.3296648324162081,1.1390880343909273
0,0.7040164908659201,0.9158328291770471,-1.1689308748745686,-1.0620761990520293,0.6634572015884669,0.8758065125318298,0.33016508254127064,-0.5561273614028652
1,0.5353201504267004,-0.6325529831782043,0.5100329984638009,1.0155175991936654,-0.7357572879349432,0.8742851017121981,0.33066533266633313,-1.0262602541380201
0,3.3000887940107626,-0.43917309547287997,2.187201511058491,-1.7075931661259964,-0.2885872470042144,0.8727550534162658,0.3311655827913957,0.9928256447246323
1,4.54682036165052,1.2112369053763345,-0.5185230052490468,-0.8514533197915132,1.074008090963787,0.8712163827601044,0.3316658329164582,0.10401499478669804
1,7.578652288639507,2.238593389242513,-0.12882886840722252,0.3126949213329078,1.7251141471386988,0.8696691049449691,0.33216608304152073,0.01651303315614224
0,8.669250733360316,1.999008664227936,0.8919437089100248,-1.2552565901459525,1.4910125545710984,0.8681132352571502,0.3326663331665833,2.1902843868545916
1,2.7586823142734387,0.06322301166060816,0.9573031656056908,1.4983141809841711,-0.06229193590010223,0.8665487890678203,0.3331665832916458,-1.2073726459606335
1,4.012286605713882,0.21885470706822427,0.624427091992447,1.049807556157376,-0.04210221076273671,0.8649757818328839,0.33366683341670833,0.24768546490393886
0,0.40712328509798956,1.5334586622826605,-1.6176002631504405,-0.6162122831763618,1.0525705924841386,0.8633942290928242,0.3341670835417709,-1.7858082224147571
1,2.1643325190034632,-0.12443480624463125,0.5017302747178614,-0.603216644106407,-0.3543529958365251,0.8618041464725485,0.3346673336668334,-0.26670210957608176
0,-2.757593499703687,-0.9763491371373664,-1.1836745148601586,-1.3689852028867926,-0.930062316008762,0.8602055496812363,0.33516758379189593,0.6476146608082413
0,1.0305120397333591,0.11687559743629844,-0.8247019183047019,-1.451015957165511,0.2661681643897925,0.8585984545121818,0.3356678339169585,1.2012793447580343
1,2.8192491364852748,0.45151678053213146,0.5480537862384456,0.3977294254609603,0.13213195886753895,0.8569828768426383,0.336168084042021,-1.2661946910761248
1,1.186166155570309,-0.8291496178182481,-0.29582412356006343,0.579287731858848,-0.227011439815116,0.8553588326336627,0.3366683341670835,0.9027436087471606
0,-1.2251750928912402,-1.6462311414991517,0.8096229130477688,0.3062848559362316,-1.4376154570523314,0.853726337929956,0.337168584292146,0.8487765422464673
1,3.0400354159901264,-1.4367295145541013,3.148138653750855,0.22042784374830832,-0.9227977294599304,0.8520854088597062,0.3376688344172086,-0.08493189833883226
0,5.734547078512585,0.665429284172329,0.7771800503839431,-0.6081815768073716,0.2314917750171295,0.8504360616344284,0.3381690845422711,2.5764802371229276
1,1.6019555371496288,-0.7583765163118437,0.7228526530144717,0.3152804727880956,-0.4985661767808146,0.848778312548804,0.3386693346673336,0.042859753989183194
1,-0.4483051284340664,-0.14134709237111392,-0.8957274789573528,-1.5227842690681068,-0.30722857075647053,0.8471121779805212,0.3391695847923962,-0.8649616522080585
0,0.9608952155303986,0.21255868433783848,-0.6429642734318147,-0.03787674419300685,0.1545942609209165,0.8454376743901115,0.3396698349174587,0.48034435139369874
0,-0.7120799686251944,0.6191408790947098,-1.0636618865511003,1.4326032373795945,0.4001801323220061,0.8437548183207888,0.3401700850425212,-1.8753724504398468
0,1.2001540633242804,-0.3349027987134741,-0.5325958365261854,1.28118020582691,-0.32613273329553294,0.8420636263982847,0.34067033516758377,1.648411418764652
1,3.079812398075214,0.49871570048060176,-1.0917520559300893,-0.5109700459918828,0.44820655752317146,0.8403641153306841,0.3411705852926463,1.0594060486021826
0,-2.426683088967868,-0.8900602921208429,-0.6596900170661099,-0.38135103303142737,-0.32643330281737176,0.8386563019082616,0.3416708354177088,-0.36940968218128845
0,0.5803609901216202,-0.36171402567801186,-0.20872183531799596,1.3364960580573877,-0.3725954968844778,0.8369402030033143,0.34217108554277137,0.6746096862122515
0,-1.8588900505504016,-1.0244155877878707,-1.0005738679718648,1.747688226305133,-0.5441828787543614,0.8352158355699951,0.34267133566783387,0.594141929700353
0,3.3651756546483744,1.1317672163619168,-1.419097100962425,-1.5476276889476592,0.8067037689532619,0.8334832166441466,0.3431715857928964,2.033961824336771
1,-0.20613177596646193,-0.027083228066991226,-1.3614635245776028,-0.47396153335145175,-0.027207579299517823,0.8317423633431305,0.34367183591795897,-0.5919237177480775
0,-1.3627595325672923,-0.7393074876302995,0.453921112393729,0.18908322492914845,-0.08542724200074159,0.8299932928656607,0.34417208604302146,-1.2871774324723024
1,-0.4662592280520843,-0.3523717980651465,0.0597465313619631,1.176976541298925,-0.6789298833560269,0.8282360224916326,0.344672336168084,-2.0525217632552217
0,1.1214610357927808,-0.22172848072327495,1.0259403283148534,-0.8868810658114548,-0.29236347840555194,0.8264705695819514,0.34517258629314657,-0.26222216533812676
1,3.6865609764620015,0.7005197913250095,1.0444392184672022,0.5988588763974589,0.12941165721247677,0.8246969515783624,0.34567283641820906,-1.5732708468382604
0,-3.6150570461727654,-1.595636178185236,-0.340638921950905,-0.34723344053164656,-1.181349654849403,0.8229151860032768,0.3461730865432716,-0.13694174884472318
1,1.6572747506847616,-1.037205841625419,0.6700435744045339,2.3387542743989083,-0.7737430927622497,0.8211252904596004,0.34667333666833416,0.46407822423950196
0,-1.9059863704886797,-0.3781072515574971,-1.4405205465585587,0.38599124259091194,0.4879602592131422,0.8193272826305583,0.34717358679339666,-0.4135064371201595
1,10.299700734631184,2.5323058327678063,2.283023537038375,-0.18079100311808557,1.8389272505490224,0.8175211802795205,0.3476738369184592,-0.9309380751727584
1,7.483603927934386,0.9556788925319947,1.1954042991879597,-0.38183768998080936,1.02234315629101,0.8157070012498272,0.34817408704352176,1.269069595993053
0,0.4385254017710591,-0.11145167913094357,-0.21503339517460757,1.0143190153294461,0.176899862275193,0.8138847634646118,0.34867433716858426,-0.1642418569166501
0,1.3379010701171012,0.7119995824108395,-1.1631994341034164,0.636402200074803,0.4088271086530184,0.8120544849266234,0.3491745872936468,0.2809159123516775
1,8.483285062978037,2.057436169630336,0.3800485772019601,-1.1324331357211013,1.5328184539620198,0.8102161837180503,0.3496748374187093,1.021427150918871
0,-3.271036528815417,-0.23374392677539008,-1.870073528483324,0.1725987667009524,0.1647358755334825,0.8083698780003398,0.35017508754377186,-1.3018867602521034
0,-2.2319938030292956,-0.36641334409756016,-0.7793024361063557,-1.389425701365665,-0.2244837130964455,0.80651558601402,0.3506753376688344,-0.9080366944125298
1,8.605177271355867,1.2119435432218957,0.7487575590045316,-0.8041476223538612,0.8874209752021276,0.8046533260785194,0.3511755877938969,2.6133932796935584
1,3.2288230334685535,0.49417549813294265,0.07544900009403648,-1.3449744017125536,0.4432124895018451,0.8027831165919848,0.35167583791895946,-0.1213931298893782
1,1.7927326966345014,0.6713331553225568,-0.49096473084368786,-1.3762911642520754,0.1695488344512181,0.8009049760311012,0.352176088044022,-1.031902358707147
1,1.9022978191102045,-0.5082223992805806,0.9507395791368844,-0.7346680376739676,-0.5190299491473291,0.7990189229509077,0.3526763381690845,-0.2210111976172154
1,4.758433126537384,1.9242031323427422,-1.0386340108947445,-1.029120632878308,1.4112862958076977,0.7971249759846155,0.35317658829414705,-0.5493407557673328
1,5.6226302333817175,1.7095908015936603,0.28470061582877265,0.48497061637292677,1.302457544803553,0.7952231538434233,0.3536768384192096,-1.2241873798962388
0,1.1705203715912436,0.5659477888727499,-0.49788550133597076,0.7549924571325797,0.21174814524134275,0.7933134753163318,0.3541770885442721,-0.3798260787684355
1,2.744980929763792,0.6842898381472375,-0.8473704568163943,-0.2848823856119362,0.41253764135080884,0.7913959592699589,0.35467733866933465,0.02033624826275818
0,-3.574051264284751,-2.0272608722430356,0.4633957599504301,-1.168704678524303,-1.4458420034659154,0.7894706246483536,0.35517758879439715,0.026841224550194234
1,3.2467335587530917,0.6377097934972082,-0.9928794341305742,0.7625884272137651,0.4139471347700349,0.7875374904728074,0.3556778389194597,0.5951691683749168
0,0.7318465637495475,-0.19410858722532306,1.9020064487449166,-2.0773160090502136,-0.0009408901273061099,0.7855965758416681,0.35617808904452225,-1.7435255888559076
0,-0.8205813564434834,0.43390570582822213,-0.584716845467998,-1.984188207962585,0.32231688525766533,0.7836478999301495,0.35667833916958475,-1.4990117078408076
1,7.502335408484217,0.6824594118460978,1.9898199829749341,0.6855400900050835,0.5080728937586837,0.7816914819901434,0.3571785892946473,0.8535629795882745
0,-1.8523893741176127,-0.3412917681082754,-1.0939707893231796,0.6139796222560792,-0.521878373473536,0.7797273413500289,0.35767883941970985,-0.4149545197843267
0,-1.00540995686085,-1.6904818001870843,0.6059514183291346,0.9336893195877818,-1.3947245700406767,0.7777554974144804,0.35817908954477234,1.293478753654927
1,1.941840537769156,0.36787456507423494,-1.1995756916419236,-0.26149270444934586,0.31863431436023015,0.7757759696642779,0.3586793396698349,0.35405253163169054
0,-4.513823425331246,-0.7413836524403951,-1.3411173078807936,-1.3114383380273362,-0.837683811580022,0.7737887776561123,0.35917958979489745,-1.4104465980657597
1,2.2427111279861958,-0.3301940927243394,0.15970534307367285,-0.5562790809110942,-0.18041655672533,0.7717939410223943,0.35967983991995994,0.5934723116932734
0,-0.6992239648805718,-0.6045098440941945,0.6775588302114253,0.5245110430410215,-0.556964387806315,0.7697914794710594,0.3601800900450225,-1.0004242325224049
0,-1.5929940578587767,-0.34157425525518803,-1.2742629533908245,-0.8145605620892765,-0.40294209410460696,0.7677814127853725,0.360680340170085,0.3086089596602015
0,-1.8668575198508297,-2.3095209572659416,1.1841470672070513,-0.7499152222788612,-1.4911166498774497,0.7657637608237341,0.36118059029514754,1.3063693304002342
0,4.48262215356802,1.2169471272315173,-0.7975990149764394,-1.445320380733812,0.7147457275259776,0.7637385435194824,0.3616808404202101,2.2158400998182426
0,1.207398506535794,0.253346102326474,0.13122269006495163,-1.2134629890089295,0.004174825080813599,0.7617057808806978,0.3621810905452726,-0.03022596231347605
1,6.257205510197263,1.111399262918864,0.37977885975123876,0.8019240940996726,0.6409935433366486,0.7596654929900051,0.36268134067033514,0.7593769601635969
1,8.162432224642187,1.9798418298099358,0.5946816814615442,0.41162493715832255,1.3941868597889513,0.757617700004373,0.3631815907953977,0.35032233363577675
0,-0.6008554154268527,0.022593122562750742,-1.797812199513932,-1.2111945899899696,0.5576752262319672,0.755562422154918,0.3636818409204602,0.8551104088672009
0,-4.354132435499273,-1.8024362558405755,1.6185626177832404,-1.129578766787842,-1.685378203916453,0.7534996797467031,0.36418209104552274,-2.583672793753655
0,-1.0561627037237096,-0.8938868503795847,0.5617931016610216,-0.6092949142272222,-0.6329470335684195,0.7514294931585361,0.3646823411705853,-0.35875285167589177
1,-0.675801347190459,-1.2069044808967102,-0.4255934808669304,0.505643652431305,-0.8961898463199137,0.7493518828427708,0.3651825912956478,0.34040324929170585
0,-1.340257365589952,-0.501874643144999,-1.0241539027899973,-1.2181951906907993,-0.16590976388660608,0.7472668693251021,0.36568284142071034,0.524169285326833
1,-0.5336064555686792,0.07964797806597748,-1.6940715292830844,-0.21407589011464548,-0.021334775444903926,0.7451744732043656,0.3661830915457729,-0.733915818157708
0,-5.475672266635823,-2.002187267023239,-1.3614232160906443,-2.1988023257248863,-1.8956030106328456,0.7430747151523333,0.3666833416708354,0.8898553359100261
1,4.853657756262304,0.34247549334155225,0.5449384790705676,-1.3072676814050481,0.4991084330060033,0.7409676159135079,0.36718359179589793,1.1764590634322374
0,-3.118759092850359,-1.5103566532858779,-0.3410732852633141,0.3778307863803631,-1.2775512208808566,0.738853196304921,0.36768384192096043,0.11336621045239262
0,-0.006171746221029367,0.29736526280001135,-1.131515949768452,0.8570337927340719,0.19228052431289996,0.7367314772159238,0.368184092046023,-0.19213481939931076
0,-0.8525993791204807,-0.1094911451769814,-0.5269349655208156,-1.2059676261233723,-0.352322924468251,0.7346024796079836,0.36868434217108553,-0.32536425844726974
1,3.4990697962296387,-0.3136312391925775,1.5641125404866072,-0.8214775052284085,-0.4411070347873426,0.7324662245144758,0.36918459229614803,0.18425820460798467
0,1.5460882949806176,-0.07304305594131319,-0.3306749003953491,0.7566655271809519,-0.1539132001920168,0.7303227330404749,0.3696848424212106,1.2546414836406312
1,1.8430692348412692,-0.5397780157316924,-0.5844482454790189,-0.43645442503098836,-0.21183989493587502,0.728172026362548,0.37018509254627313,1.5831301914834945
0,0.6305106747963031,-0.6124714434041737,1.3506060681863963,-0.5882563915304713,-0.2656825950370244,0.7260141257285444,0.3706853426713356,-0.44178305746588886
1,-1.9433807846363669,-1.6827563908688876,0.4618916923238335,0.47667048334068474,-1.3011166707776998,0.7238490524573852,0.3711855927963982,-0.9144947984953576
0,0.08354315273269819,-0.02962731484932925,0.04428082908598004,0.1523770610840414,0.07446594612437606,0.7216768279388545,0.37168584292146073,-0.7733158976253621
0,5.5660028457377875,1.8455337106233174,-0.607781893438834,1.0722173356421547,1.2133149471487366,0.7194974736333858,0.3721860930465232,1.053664484559518
1,5.354595997497301,1.9804950628846045,-1.552410781645539,0.753219826278078,1.4039597969338657,0.7173110110718521,0.3726863431715858,0.26938545218887283
1,4.110829103175518,1.3218175965449428,-1.1705425214888918,-0.6224795161467438,0.9512708156613254,0.7151174618553523,0.3731865932966483,0.3485871262039426
1,3.885800805111171,0.7058016008515581,-0.48046160244002395,-0.163465393349152,0.6124452016925418,0.7129168476549963,0.3736868434217108,0.536655741422805
0,-0.7435855413406223,-0.6764801240799883,-0.2196257004020648,-0.10421727307908547,-0.6006381073380304,0.7107091902116941,0.3741870935467734,0.42800044985400804
1,5.76007002172178,1.4427507882162613,0.35624228402743896,-1.405644647720192,0.9787411805003694,0.7084945113359379,0.37468734367183587,-0.08427400678770902
0,0.1599875389304688,-0.056127554440968945,0.5517647273448189,-1.0212756973625294,-0.0010201938602108426,0.7062728329075886,0.3751875937968984,-1.0272056299649028
1,2.0142522473819535,-0.06887550976307337,0.2229215594968929,0.9321506424468483,-0.035356504966889496,0.7040441768756591,0.375687843921961,-0.5928974582908753
0,0.14532012944362416,-0.29122713183926474,0.22040850514330076,-1.6372605557601818,-0.36739558734170114,0.7018085652580969,0.37618809404702347,0.1666130528719158
0,0.4959260754574281,0.09196189901829563,-1.0075246916082559,0.9553047852441525,0.4012831823768106,0.6995660201415671,0.376688344172086,0.44487435339744635
0,-3.3769396944943484,-0.43521490158805637,-2.154754943177502,0.24321028974284328,-0.40150701422761237,0.6973165636812348,0.37718859429714857,-0.3378497039860459
0,-0.43881203096477495,-0.08378216937310629,-0.5208758251558034,-0.18268489251642797,0.08652712265104029,0.6950602181005443,0.37768884442221107,-0.38489153665285797
1,0.05726106733484104,-1.0845991087272615,-0.9541492231539398,0.4972757483998587,-0.7240808827656441,0.6927970056910022,0.3781890945472736,1.4459616459755806
0,-1.1751251180228959,-0.3736637047405186,-0.6526269525413433,0.4351686658381869,-0.0242581192064045,0.6905269488119543,0.3786893446723361,-0.4371832973806011
1,7.568785609659319,2.280556469949822,-0.27455397515268837,1.1707510406893016,1.1569599911799668,0.6882500698903673,0.37918959479739867,0.26964969380373516
0,-1.171112009820889,-0.0695940279619468,-1.2436070752310067,-0.44468991205946473,0.35332970326512325,0.6859663914206058,0.3796898449224612,-0.28468951172802903
0,-2.1413092656321915,-0.23866056477176292,-1.1105104217264656,-0.27199393187117193,-0.21496309132570907,0.6836759359642096,0.3801900950475237,-0.8395850556059392
1,1.7035765734468782,0.5323742791050526,-0.10031706444805384,-0.2894261436516528,0.12234775248944513,0.681378726149673,0.38069034517258626,-1.5146001353745693
1,3.964729127534747,0.708121821703462,0.11577052264971079,1.8468878204446082,0.5157126963583017,0.6790747846722183,0.3811905952976488,-0.5092106620460685
0,-3.0880285093195425,-1.1137688591720734,-0.6559982779150202,0.9067636788496704,-0.3367636187829206,0.6767641342935738,0.3816908454227113,-0.800031365436958
0,1.7044149043896675,-0.20715878280324507,0.49828506876480194,-0.96971247683214,-0.050205372811525525,0.674446797841749,0.38219109554777386,0.9112348039120265
1,2.81467124564735,0.9182758409347652,-0.21945471235280117,-0.37668328649863736,0.3923536337669713,0.6721227982108063,0.3826913456728364,-1.1356045783451056
0,-0.49425627670026084,0.26983762907210557,-1.0199130875471998,-0.7500765646340855,0.0911435869105868,0.6697921583606385,0.3831915957978989,-0.3811769682293598
0,1.9533001060571156,0.12195404350177193,0.04073066792522259,-0.027988716169003554,0.3449444959370624,0.6674549013167402,0.38369184592296146,0.7125928064364376
1,8.19392614475312,1.5540176686087332,1.8824135849857386,0.17327323357313268,0.8030094466938091,0.6651110501699791,0.38419209604802396,-0.0737779572679349
1,0.7854878308378139,-0.6777727596396438,-0.6749262003203226,2.2598269198746967,-0.5161310085673083,0.6627606280763705,0.3846923461730865,0.5487708731847073
0,2.975948282747831,0.08274589510763317,1.1661397483449962,-1.8727662838592274,-0.006472601694680426,0.6604036582568462,0.38519259629814906,0.8971047605665718
1,1.596418344770356,-0.5200586652550714,1.3777758925746164,0.9910809182609684,0.06068385344051547,0.6580401639970268,0.38569284642321155,-1.6576817139227045
1,7.391181056177967,1.4903082290762408,1.4981616011100958,0.39733561895306324,0.979276242228772,0.6556701686469911,0.3861930965482741,-0.38009039822638935
0,-5.846178568629994,-1.9518603992765322,-0.8226280144013051,-0.744955064775132,-1.111214986188315,0.6532936956210441,0.38669334667333666,-0.9417696233270293
1,4.631659763165143,-0.6701416954837595,2.015373931371263,-0.19039699679440544,-0.609719754612931,0.6509107683974883,0.38719359679839915,1.42218437013644
1,0.9108287580502822,-0.5291569660279176,0.11634945827287502,-0.5373778495001221,-0.5360699335262209,0.6485214105183887,0.3876938469234617,-0.07869626152569421
1,4.149597606439481,0.66353962317159,-0.25378890670915494,0.010498347568593141,0.65801585501861,0.646125645589343,0.38819409704852426,0.549859828708671
1,5.428203278466692,0.606275476109527,-0.23034791500272112,0.9705328364658008,0.5420829254075322,0.6437234972792474,0.38869434717358675,1.779100667135758
0,4.021506302983526,1.3951942602387315,0.6015735397635955,-1.5625335124640065,0.6271795874106088,0.6413149893200609,0.3891945972986493,-0.3222443266548619
0,-2.429116987138971,-1.5740328423373253,0.05112753264698014,1.2783134310756286,-0.9807666625388759,0.638900145506574,0.38969484742371185,0.11759453701220357
1,4.2397259472847075,0.7504750090304797,-0.17689668071199002,-0.4136442134513491,0.646987704295344,0.636478989696172,0.39019509754877435,0.458993888273327
1,3.245902784777471,-0.29327986428830616,1.2835889159460645,1.4686670098802397,-0.33337008787597,0.6340515458085985,0.3906953476738369,-0.2316059686912107
0,-0.31827692925920203,-0.6656252372581756,-0.7227626711045785,0.3749581546884591,-0.42832308632295457,0.6316178378257209,0.3911955977988994,1.3240104590093904
0,1.8190470580558102,0.539568533372521,-1.0431439291548392,1.199060626307671,0.42501646777209273,0.6291778897912916,0.39169584792396195,0.8765842035422989
0,0.7545554212481549,-0.9201395827356486,0.7931050993185043,0.5299523774978024,-0.7468747969145965,0.6267317258107125,0.3921960980490245,1.0647861432101156
1,-1.4604420370242017,-2.0769132953143226,0.7035973807944118,1.051246112079833,-1.5762556437831705,0.6242793700507955,0.392696348174087,0.09076347739727063
0,0.9426777044754977,-0.37021848892263526,1.0939775355370664,0.019451375161283313,-0.3987236915947706,0.6218208467395231,0.39319659829914955,-0.3087701167939765
0,-4.674555284935667,-1.4977708516419035,-1.0721997596911337,-0.8707128434426215,-1.1086757984549427,0.6193561801658114,0.3936968484242121,-0.3212196498719763
0,0.30594625825108007,-0.6489158210706784,1.0813914590722906,0.6377446421243005,-0.7246187740862209,0.6168853946792673,0.3941970985492746,-0.331175575896926
1,2.256151689398763,0.3715547637511007,0.4820213247444815,0.6766750890444285,0.24528430608688656,0.6144085146899502,0.39469734867433715,-1.6348247552654465
1,5.9602305132567635,0.311999745614158,1.7625754355389314,2.0687826394035294,-0.08491709172399642,0.6119255646681303,0.3951975987993997,0.4109677846488101
0,3.3337901990409864,1.5868994489785668,-1.2482876605516346,-2.045077145207708,1.1192849240075604,0.6094365691440451,0.3956978489244622,0.870167686310633
0,0.5480567832729,-0.19965474694348667,0.21824034851994384,-0.23336356694319635,-0.16301524592228836,0.6069415527076603,0.39619809904952474,0.03051207481152668
0,-3.5684205008353196,-1.5333315905478553,-0.277567419476039,1.0293303028199625,-1.2855140038261514,0.6044405400084232,0.39669834917458724,-0.46470056490911876
1,-1.6820845558595168,-0.7560968566356783,-1.5897659221268166,-1.2915015004552983,-0.3664400948858584,0.6019335557550224,0.3971985992996498,0.07830541712425368
0,-1.924200878371931,-0.9193842246262718,-0.7148879387866381,-0.2628424243737517,-0.26546909386118706,0.5994206247151421,0.39769884942471234,0.2698589658091009
0,0.28175812407886,-1.2178251584582491,1.1270641511010977,2.088517774612684,-0.5958525676186341,0.5969017717152167,0.39819909954977484,0.3737374220261913
1,4.681282955976995,0.43536719501544086,-0.46896067787685175,1.3860734688946976,0.026878140911913317,0.5943770216401876,0.3986993496748374,1.8714907065241002
0,-2.5896284962530185,-0.6452323379652398,-0.7225975446538085,-0.9156041349599913,-0.20535355959411686,0.5918463994332559,0.39919959979989994,-0.8313832452734877
0,-2.05283590955093,-1.9773728166870077,0.868260391887352,1.396261401876722,-1.3473485818197506,0.5893099300956354,0.39969984992496244,0.41086027589037577
1,6.143895588580374,0.6969228031192131,0.9888766736662779,1.1537526391088562,0.47074428418400993,0.5867676386863079,0.400200100050025,0.7423173250461137
1,3.482518755861647,-0.11142656870670702,0.9867839529464602,0.7462589463324331,-0.20288704105400385,0.5842195503217725,0.40070035017508754,0.11933855057362924
0,0.43357646619535056,0.3568372783525386,-0.7896933747081025,0.349402401437131,0.24177242296790682,0.5816656901758008,0.40120060030015003,-0.19900322227334327
0,0.10052693794011591,0.10572154469998292,-0.058008752924185406,0.2065519684481072,0.34304323177970064,0.5791060834791861,0.4017008504252126,-1.002408777366679
1,4.383313895495315,0.6316547341483746,1.0306591397469347,-0.9036366825210659,0.5435287078251358,0.5765407555194936,0.4022011005502751,-0.5642919186467081
0,0.592286362882423,0.038018747015535724,-0.6560341288488227,-0.549291607323406,-0.062309128504188294,0.573969731640813,0.40270135067533763,0.7573749324442851
0,4.26956269857131,1.2362024834782115,-0.749331170989476,0.7029852077343859,0.7256277807439055,0.5713930372435054,0.4032016008004002,1.5158190906492441
0,2.176677769031824,0.42498278997722555,0.8282319769793812,0.10999766351294483,0.2081248047650504,0.5688106977839547,0.4037018509254627,-0.6274348956012156
1,6.140720753699059,0.3920676233884034,1.5623486941447886,1.8222984413595102,0.3841231254767554,0.5662227387743147,0.40420210105052523,0.5183037116813468
0,0.8917145060450258,0.40986691768255656,-1.1520747438819885,-0.3649247224370416,0.6506437576537347,0.5636291857822567,0.4047023511755878,0.5673116774172441
0,-5.583021251007475,-1.45663774256872,-2.59756841525121,-2.4354092731323904,-1.2363677616161155,0.5610300644307185,0.4052026013006503,1.0630093698017293
0,-1.3127695421875731,-0.16463575180371992,-1.450316447257672,-0.36490059016776033,-0.12243658344695504,0.5584254003976504,0.40570285142571283,0.287443562207432
0,-0.6812083897793051,-0.2593164895494978,-1.0124524484586404,0.24815216834400605,-0.2647595519969801,0.5558152194157605,0.4062031015507754,0.4883769285107287
1,3.4954853579684104,0.2075467211604842,-0.13767669847414857,0.35357918232579183,-0.010962145811198087,0.5531995472722627,0.4067033516758379,0.9468363255874291
1,-1.2443651285523938,-1.3586941642962918,0.6158492075219365,0.03848380692622326,-0.8789228938177782,0.5505784098086194,0.4072036018009004,-1.1424303275174492
1,5.862392379300011,1.634114776892911,-0.14650118730966166,-0.853030846998981,1.2464417726889219,0.5479518329202883,0.407703851925963,0.08607333181080544
0,-1.521329657237615,0.10438866415652721,-0.7003395161875435,1.4683714170947904,-0.21499906580660796,0.545319842556466,0.4082041020510255,-1.7510771381996617
0,-4.107883353286725,-1.211317540650674,0.15336968599425066,-0.6938250712557871,-1.0602412907377965,0.5426824647198305,0.408704352176088,-1.9602888140090151
0,-5.066648158689223,-1.7088869635788377,-0.9618717531895769,0.6837175005841458,-0.9660663848418116,0.5400397254662862,0.4092046023011505,-0.7960040981811366
1,-0.03604069667292209,-0.28128729372066874,-0.046920341763756,-0.31577149899322426,-0.1408025804746201,0.5373916509047041,0.4097048524262131,-1.5220725406594007
0,0.052274050871259525,-0.08967541292646578,-0.6415684619330663,-1.2269779744561418,0.033867005935680566,0.5347382671966666,0.4102051025512756,0.5516634684913103
0,3.80718709735456,-0.7182920859743898,2.680343186969958,1.387975428283021,-0.6090848002765268,0.5320796005562075,0.4107053526763381,1.0445074900219233
0,1.1988685276107969,0.09211382792392302,0.8167869400914622,-2.540109948220807,-0.01779391884338831,0.529415677249552,0.41120560280140067,-0.2713290250252402
1,-0.5882498157603873,-0.6411757672395606,-0.8350144248359667,-0.8795422680813362,-0.36470074853543144,0.5267465235948596,0.4117058529264632,-0.10248582877427692
0,0.5697289613178245,0.5516582517062987,-0.9969342093939191,0.40657423287748734,0.28073886519775065,0.5240721659619632,0.4122061030515257,-0.19892021945594499
0,-1.9506963533881534,-0.7245418183888837,-0.4381782131091691,-0.38325339146942594,-0.7340631467563709,0.5213926307721063,0.41270635317658827,-0.22725784776334518
0,-1.1746541548112812,-0.03850022510492524,-1.6448751189990718,0.725451103151859,-0.03375372794332059,0.5187079444976863,0.4132066033016508,0.1742168894290151
0,2.5415432928579267,0.9788391733621384,-0.7304944613783337,-0.12538100650694026,0.8577730184765388,0.5160181336619887,0.4137068534267133,0.3921506272046628
0,5.188917375383481,2.5716688829102927,-0.7382271170836668,-0.47855129197762053,1.5890357515454063,0.513323224838928,0.41420710355177587,-0.4303711437675507
0,-0.712158341974975,-1.0076431926306066,0.8839256893054488,2.1384205030813157,-0.5026769678631002,0.5106232446527845,0.41470735367683836,-0.7584494136267613
1,0.11707809566211025,-0.46450777008709926,-0.426600316187163,-0.24444666870589168,-0.19291076650580632,0.5079182197779395,0.4152076038019009,-0.48939822282005996
0,-1.5455095950150959,-0.8398356977999346,-0.7905457810915593,-0.18206887169059507,-0.7657710207322739,0.5052081769386148,0.41570785392696347,0.8464665768410792
0,0.2222182693993387,0.7843283217692749,-1.3404658383652088,-1.107352816624552,0.5436408479309162,0.5024931429086051,0.41620810405202596,-0.38817220858797413
0,-2.1544463547746675,-1.1480993057175632,-1.1766385491797233,-0.7716881762941,-0.8188005854019303,0.4997731445110173,0.4167083541770885,1.5018466843651617
1,0.9847658248678184,-0.4843570455930865,-0.06635604999662813,0.626882114021333,-0.22033336925936484,0.49704820861800314,0.41720860430215106,-0.20802314057080726
0,1.9705273125040104,-0.029601283237510274,-0.215129103141473,0.5415917871619645,0.10448048951714708,0.4943183621504932,0.41770885442721356,1.4170018313413886
0,-1.399921191145127,-0.9786785394797441,1.1342516276816554,-0.020395073999102037,-0.9499912803309967,0.4915836320779331,0.4182091045522761,-1.1691334837403073
0,-3.2831357817406417,-0.9573250423091814,-0.6291306106204656,-0.7225347304377766,-0.9440081365702797,0.4888440454180159,0.41870935467733866,-0.6644999735038506
0,1.7386361345540409,-0.47562288812186493,1.0591842865409824,0.6652232892627756,-0.13585122305137692,0.48609962923641403,0.41920960480240116,0.5181514822362226
0,-3.6811463803580127,-2.10044024033736,0.2571263121834086,-1.725504270457069,-1.4547274887149684,0.48335041064651457,0.4197098549274637,0.5289873987477273
1,-1.3319020372595571,-1.4454782170733342,-0.004635687218704896,-0.362396951252291,-0.9360180510366877,0.4805964168091484,0.4202101050525262,-0.12265174001302007
0,-0.7858481054787188,-0.4130340877931743,-2.0083042616903155,-0.2726672840643427,-0.229808442175612,0.4778376749323244,0.42071035517758876,2.0929599146905
0,-0.5191389534641259,0.14823063634199898,-1.2900581849921313,-0.866145956977886,0.4002867778112225,0.4750742122709596,0.4212106053026513,0.107796832089795
0,1.4839647216723262,-0.18575998595359344,0.7414288555092375,0.13369794018839326,-0.37585740051078165,0.47230605612660875,0.4217108554277138,0.32678230571169126
0,-2.198187316833648,-1.7739686948393945,1.3978198623449984,-0.6866996296113749,-1.032839850234367,0.4695332338471973,0.42221110555277636,-0.5389580884286136
0,1.3587374421532956,-0.46378629175999775,0.2064488051734807,-0.821810654568348,-0.4935709114318472,0.4667557728267481,0.4227113556778389,1.7045051625937673
0,4.915452765601853,0.7984376405061764,0.7625273148881756,1.7854456232278166,0.6961693192861719,0.4639737005051135,0.4232116058029014,0.8982837596341089
0,2.2243943345295536,0.5558655119913222,-0.40772214192058454,0.724624135293847,0.6477652661534932,0.46118704436770297,0.42371185592796395,0.4507961504122495
0,-1.4631558647296004,-0.07874786152783442,-0.3713509274410334,1.183785598207223,-0.3356832773991581,0.4583958319452106,0.4242121060530265,-1.6141805877366222
0,-1.7814115544617701,-0.8873698750982034,-0.6629626237623119,0.03585392065847153,-0.5482109553877982,0.45560009081334535,0.424712356178089,0.4004918017082258
0,3.1952399977691277,0.6312163709522058,0.9746987697758231,0.9500090286983343,0.38015026751989134,0.45279984859255745,0.42521260630315155,-0.43526056018186404
1,1.8565454296326553,-0.5789289812099466,0.3427973850735266,0.7669603158669939,-0.469561374200717,0.4499951329477643,0.4257128564282141,0.43001430421395204
0,-1.1380866221732309,-1.1692484024740184,-0.2341693164325577,1.1999471939200426,-0.8168469186669116,0.4471859715880798,0.4262131065532766,0.9538659018994993
1,-0.4492587868679639,-0.8021862351617889,-0.32839126472247626,2.3558996253571074,-0.7764693417721191,0.44437239226653796,0.42671335667833915,-0.7195773156061581
1,6.451122820580796,1.4483452917741528,0.5565055864285112,-0.239067385136059,0.8163538742126256,0.4415544227798208,0.42721360680340165,0.2527024664016978
1,4.183880995834164,0.22018003820169318,0.3231155444424801,0.24738727888003173,0.2774282372354013,0.43873209096798305,0.4277138569284642,0.9181167385857588
1,4.124376343357546,1.1592470530477048,-0.8320419653090759,-0.06267503989605898,0.971875266088794,0.4359054247141755,0.42821410705352675,0.19771971827379148
0,0.758120997574153,-0.47933631330936793,1.715985877448314,-3.5267313491422474,-0.45466454258353717,0.4330744519443727,0.42871435717858924,-0.29697468238873115
1,3.293459313705514,0.938149339185143,0.2570289203186109,-1.4069877492019616,0.3619951110501405,0.43023920062709375,0.4292146073036518,-1.0314916484125027
0,-1.097151344784845,-0.6015040436180767,0.010479104273891997,0.009243919974379405,0.0302459351131662,0.42739969877312867,0.42971485742871435,-0.6389007257738918
1,2.751058737699931,-0.15742736903283047,1.4772856739625735,0.6246024957598808,0.10041234040661712,0.4245559744352605,0.43021510755377684,-1.243094383582372
1,10.328462979859657,2.4863502599556933,1.0240169976171356,-0.584385107624319,1.8047531232209737,0.4217080557079871,0.4307153576788394,1.0263853347122083
1,4.1587447450607185,0.7671486322996173,-0.08796685857963324,1.1276803110200266,0.3265163319924893,0.4188559707272462,0.43121560780390195,0.1381102556358027
1,0.7361657880254218,-0.5011703753276925,0.535985181195234,1.2766357672622681,-0.4728005179433974,0.41599974767013437,0.43171585792896444,-1.1883441872405858
0,-0.915555371398383,-0.08481903902671983,-1.0699783264909495,-0.4201192945957451,-0.018232184474218226,0.41313941475463134,0.432216108054027,0.027809436212354276
0,-0.4353000879141624,0.32622342088564454,-0.640842923301716,1.417835912756161,0.03172852079591762,0.41027500023932023,0.4327163581790895,-1.2637083440500256
0,-2.149244107641029,1.2104575895159044,-2.2603314469504845,1.745978299626664,1.1572696360233192,0.4074065324231068,0.43321660830415204,-3.2684241649619628
0,2.4934015134790433,-0.48913309167015023,1.2203670238156388,0.45899293306504396,-0.32218481367095,0.4045340396449426,0.4337168584292146,1.2463808025021532
0,-4.805340640797899,-1.7413190846044793,-1.8984114568353165,-0.9864176798752928,-1.1481193574589483,0.4016575502835437,0.4342171085542771,1.2092349502055852
1,1.1742140660310145,-0.2796418131263074,0.6812752339467935,1.464097243975515,-0.40587032549503,0.39877709275710915,0.43471735867933964,-1.4486209974577906
1,0.34692462437207106,0.015385457163756576,-0.8306768902763364,-0.16767867387969393,-0.17530849984979535,0.3958926955230428,0.4352176088044022,-0.6885876783131618
0,-0.2285899371526576,0.10953796873523998,-0.9789714678175792,-0.3810353696856626,-0.08585609727554051,0.3930043870776693,0.4357178589294647,0.2390872682054244
1,4.738628430823833,1.3166901361826624,-0.1950308753872482,0.11346388589678699,0.9694315586551313,0.39011219595595514,0.43621810905452724,-0.35289754064268364
1,2.329507254444422,0.3166870783059282,0.2664121797515524,-0.5402019868913284,0.1624558097703345,0.3872161507312257,0.4367183591795898,-0.8268987604066403
1,4.6071621673971155,0.8129169716359846,0.612106479200305,1.0704305181156566,0.5051886116143789,0.38431628001488144,0.4372186093046523,-0.4838292141309663
1,1.890422396640592,-1.1011136939248025,1.77163168499441,0.7757240243235464,-0.7153785394761645,0.38141261245611857,0.43771885942971483,-0.20989449675194125
1,4.445936486444049,0.8679014884245477,0.3586140577716431,1.2179158146039661,0.6451675576604795,0.37850517674164225,0.43821910955477733,-0.5234270821926644
1,8.77366351547707,2.096219831656284,0.8811953630627418,0.5803586316075424,1.7532447260961577,0.37559400159538636,0.4387193596798399,0.24255371839876758
0,1.3549330581178487,0.7729092902501778,-0.5984890098461115,-0.7946657376816538,0.4953922771520259,0.37267911577822843,0.43921960980490243,-0.20126045731669376
1,2.854880837592751,0.25355571994071757,0.7137213125560717,-0.15963277849139096,-0.029104817587843557,0.3697605480877041,0.43971985992996493,-0.7324614805316819
0,1.4847469085766096,0.15398818840774314,0.153268753030147,0.8753796664879903,0.09867294962099075,0.3668383273577253,0.4402201100550275,0.055013224495515774
1,4.218556451174109,1.7871422390260032,-0.46318420393523657,-0.406941592954486,1.5327513452037382,0.3639124824582941,0.44072036018009003,-1.635893732546568
0,0.39868149961191124,-0.9271814833908629,-0.09597931576723495,2.919972980693223,-0.7649648822907809,0.3609830422952162,0.4412206103051525,1.479766387148193
1,0.09304439811591902,-0.11110235795404999,-0.062055102323837846,-0.24230222794701078,-0.07494651570483057,0.3580500358098182,0.4417208604302151,-1.7139047323421628
0,1.8156828273512275,0.4602075929382135,0.19111925252731876,-0.5863893597718401,0.24487843237701507,0.35511349197865844,0.44222111055527763,-0.05332700074950612
1,5.101357558370957,0.744001107813199,0.40139117892514714,1.1489027416429072,0.5938051427117577,0.35217343981324367,0.4427213606803401,0.37066738637736696
0,-0.3791347816781293,-0.43732790570838587,-0.5088903707267912,0.747737741708954,-0.262288981469821,0.34922990835974116,0.4432216108054027,0.44526215940758784
0,0.6540362772431253,0.3073213947272354,-0.7407734445397961,-0.027925718607454866,0.04865388186555869,0.3462829266986904,0.44372186093046523,0.2910279182834009
1,3.7346188248060095,-0.2779214813511223,0.7474715849527429,-0.2302441998980794,-0.24623636019062922,0.3433325239447187,0.4442221110555277,1.2960715677500974
0,-2.154760633188861,0.12047113280127958,-1.6965510100325887,0.42650310723493123,0.26298071417150637,0.3403787292462505,0.4447223611805903,-1.0980356552917871
0,-0.1923746915960539,-0.13209154037389578,-0.6182066508272128,0.8355328530048087,0.1164444213736378,0.33742157178522203,0.44522261130565277,-0.040122739857363504
0,0.44107204750159906,-1.1415936778555495,1.552617596079063,0.7627139856969833,-0.624186384803398,0.33446108077679176,0.4457228614307153,0.1759240270530381
0,-3.3271189449244316,-0.021113585023446714,-2.7071976918835214,-0.3016623744917298,0.14833064019355816,0.33149728546905066,0.4462231115557779,-0.4680614285792642
0,1.3325813473516064,0.8771515220618357,-0.6930520217455941,0.4319132184484404,0.5417685674733022,0.3285302151427358,0.44672336168084037,-0.5659247328081207
0,0.755929556727223,-0.9670182915416742,0.6877193893369612,0.8439518250118626,-0.7552120239164497,0.32555989911093947,0.4472236118059029,1.3176338885339116
1,-0.9697627265049457,-0.24109174877483452,-1.650321204407729,0.7649702033838846,0.007421272238635729,0.32258636671881874,0.44772386193096547,-0.6851870224231623
1,5.938328247667315,0.6647800644571485,2.5981421213573275,-3.086336420995037,0.2280276542189024,0.31960964734330827,0.44822411205602797,-0.45109089853614875
0,-5.629833013097518,-1.0698651067471732,-2.5884035800661573,-0.8902634984127277,-0.7669443759732805,0.3166297703928268,0.4487243621810905,-0.24838706140204794
0,2.4544469452649533,0.18263833750815855,1.436559451088065,-0.7758654583957895,-0.24405248679066688,0.3136467653069894,0.44922461230615307,-0.1850966331446845
1,1.8193557738747925,-1.0601298189534365,1.5573413658174553,-0.23032533371901243,-0.8233541173145729,0.31066066155631555,0.44972486243121557,0.18967059066692482
0,4.323401816982683,1.1346305008337747,0.9163523659162329,0.17908644849304264,0.6487408216592644,0.30767148864193655,0.4502251125562781,-0.17965143000804687
1,7.79185008781575,2.3128213818798624,-0.221585572133446,0.9214343969960073,1.3753761534462565,0.3046792760953073,0.4507253626813406,0.4007447563423153
1,7.737106260094953,2.0222552842457637,0.357178202632452,0.6176852718124729,1.522892486970295,0.3016840534779108,0.45122561280640316,0.16253039172894207
1,0.9044393780870754,-0.21918067777313757,-0.8972498901962916,-0.126952653853434,-0.30464968846785895,0.29868585038096923,0.4517258629314657,0.506990038192562
1,6.332555123089146,0.7401991287406264,0.8093246591468548,0.02314230368486092,0.43931068882489754,0.2956846964251505,0.4522261130565282,1.3966003720287106
0,-0.9879909055900955,0.120997728500156,-1.1198649121211575,1.7591199504893373,0.027448167913733675,0.29268062126027394,0.45272636318159076,-0.8180595099020374
0,2.0394375769241595,0.10210589606928461,-0.27387393355938466,-0.6127638640025379,-0.079830596229405,0.2896736545650204,0.4532266133066533,1.6761825502971635
1,6.883521231705304,1.5477570609378302,0.996249279669319,0.30448919571377375,1.356401324922306,0.2866638260466374,0.4537268634317158,-0.4229599758447136
0,-2.920507236330826,-1.319179576184154,-1.1143029063326964,1.5654991365748083,-1.027083318900851,0.28365116544064456,0.45422711355677836,0.6909467540619021
1,4.452774753786796,1.0552945974661148,-0.3642685563604373,0.345924200793742,0.77083950589938,0.2806357025105426,0.4547273636818409,0.18599390552516687
0,-0.038286728373548296,-0.048975995155734274,0.16426482553508387,-2.0435157961967048,-0.2975269582169301,0.2776174670475161,0.4552276138069034,-0.27074313578551823
0,0.32953821050117016,1.4085406206041422,-1.3417883398686528,0.3749276361461016,0.8864325074885028,0.27459648887014215,0.45572786393196596,-1.9349444892987728
0,4.149003230054402,0.18723336889944325,1.1643724970832783,-0.3873552341357673,0.060955068095546766,0.2715727978240943,0.45622811405702846,1.6351282966679992
1,0.24698002981127698,-0.6726719945261853,0.34077409062220015,-0.11310119375978418,-0.5377104940257771,0.26854642378184673,0.456728364182091,-0.7311164131513397
1,0.23960811923133185,0.27714037675138314,-1.515589974390532,1.051013593051265,0.07267436953022859,0.2655173966423816,0.45722861430715356,-0.7620465127932553
0,3.5289072292376638,0.7359670950296834,-0.04696914406391586,0.46953422854949006,0.5368246022396257,0.26248574633089083,0.45772886443221605,1.0854222828459659
0,-0.05770157081415843,0.0357636741111941,-0.7753351714990938,-0.26404150517685265,0.32477069723139573,0.2594515027984831,0.4582291145572786,0.09964848258094737
0,3.0453065434574005,0.4880382765565979,-0.6575579665435504,0.8920095190555338,0.30908568270740566,0.2564146960218867,0.45872936468234116,1.9224403199429765
0,1.3148571904984805,-0.521675175701983,0.07674479680283798,0.4352782296796285,-0.39900136172357736,0.2533753560031522,0.45922961480740365,1.7030258112221937
0,-4.559598805645715,-2.133883900845073,-0.7096909210988727,0.10514098927695172,-1.5768693556351772,0.2503335127693585,0.4597298649324662,0.7311276466178637
1,6.116536873612979,0.900023583773342,0.964511619934451,0.3010079667340535,1.12174835334557,0.247289196372315,0.46023011505752875,0.27531604820871314
1,3.8826345753654374,0.6991597361842888,-0.7046585222440028,0.2531147577783259,0.7998788192808088,0.24424243688826333,0.46073036518259125,0.7843900166149962
1,2.4827874332186397,0.1481783846143336,0.9817098499975375,-0.3395241709044429,0.206697749989453,0.2411932644175833,0.4612306153076538,-1.2898402842074697
1,2.4364230118389596,0.06841056221032339,-0.04375945592615658,-0.45910003617755746,0.1798116113723968,0.23814170908449195,0.4617308654327163,0.19461469585973792
1,5.813344427639469,1.0362957693547372,0.855768688652615,0.025161381117101932,0.5795483045532559,0.23508780103674906,0.46223111555777885,0.17047460175896598
0,-1.7714789292383524,-0.4571067254765605,-0.5413346579832705,-0.9542442423953812,-0.35638339637091,0.2320315704453581,0.4627313656828414,-0.4466456205126244
0,-1.6138237775381614,-0.7065340653585184,-0.5052839470833771,-1.2588836207667378,-0.45960515356765386,0.22897304750426659,0.4632316158079039,0.27635454791157904
1,-0.9447759300376517,-0.18854986949598598,-1.1524652876468113,1.3009109739634228,-0.11488418944807709,0.2259122624300711,0.46373186593296645,-1.4327314690890856
1,6.492329679422442,1.1890971885515316,0.5779788230298484,-0.23969261132208775,0.657861998067328,0.2228492454617151,0.464232116058029,0.9220691587612084
1,1.3395068306252431,-1.387112904264485,0.9377952535304033,-0.02400221215988465,-1.1303940921576783,0.21978402686019335,0.4647323661830915,1.3057146167808287
1,6.466637382654855,1.1918299926140086,2.1191885627519236,-0.13504402074851524,0.9291627613636884,0.21671663690825152,0.46523261630815405,-1.2676018250169105
0,1.032159565211185,-0.639252854205514,1.290527518133697,0.023405708723640863,-0.3924549818946171,0.21364710591008582,0.4657328664332166,0.16728514419131824
0,-0.24903093050788905,-1.100743499724022,0.24978067936908563,0.022710950466651406,-1.1904858539182968,0.21057546419104656,0.4662331165582791,1.562022660057192
1,5.300863945071223,1.2600618361423188,-0.21097052117874285,0.06512491337939977,0.893875234128511,0.2075017420973352,0.46673336668334164,0.4394421546129453
0,-0.11137915548451982,-0.09689009479619475,0.38870350619290334,-0.8049457697656374,0.17542846754955427,0.20442596999570747,0.4672336168084042,-1.0044131181249474
1,-1.778975825133482,-1.3002343643849232,-0.027737710484106462,0.9320231714014704,-1.0430437601417395,0.20134817827317206,0.4677338669334667,-0.9612820538123665
0,2.46572062392825,-0.3587330590564334,1.4634764993521152,-0.692094751608756,-0.21022451660624286,0.19826839733668922,0.46823411705852924,0.8710711588955271
1,7.475343730718216,0.9310524308870369,0.94394397390899,1.0349051822878472,0.36008154863042946,0.19518665761287282,0.46873436718359174,1.8467870213690916
0,1.0012080761596942,1.192074192621773,-0.836761132932642,-1.918814431556584,0.9915909934239796,0.19210298954768854,0.4692346173086543,-1.0586612669981275
0,-1.512922312432626,-0.42709868192105066,-0.687630534182934,-1.0615250448200841,-0.5239020872272273,0.1890174236061518,0.46973486743371684,0.058798597856330945
1,4.203839161780389,0.406320759097275,1.3672819035726052,0.9921237969964405,0.032656566236162754,0.18592999027202972,0.47023511755877934,-0.7508478941692822
1,3.901891702683892,0.7140846323944298,0.3080801347685085,-0.14815001159521848,0.4314838629344772,0.18284072004753657,0.4707353676838419,-0.2618929560032536
0,-0.7446246893179378,-0.6446264937163554,-0.23175917569118795,-0.671020982934875,0.0075487104402494065,0.17974964345303537,0.47123561780890444,0.3281730512824761
1,4.51557526004348,0.35503607516644337,1.1863361621359765,0.3751736277231806,0.12251623224331062,0.17665679102673523,0.47173586793396693,-0.02037095362728184
0,-0.9292191691789906,-0.03187791475556112,-0.38759411718579906,-1.0455256247589564,-0.2760898784020785,0.1735621933243882,0.4722361180590295,-0.6609568047826214
0,1.1926709719362125,-0.5360244104730933,-0.2797755104862478,0.07687200086222334,-0.2908057751115567,0.17046588091899037,0.47273636818409204,2.1127694059853397
0,-1.6716167088800054,-0.49214793537892493,-0.46117154123241927,-2.215153001480143,-0.3056971682292137,0.1673678844004766,0.47323661830915453,-0.13677633909134854
0,-1.839635197088635,0.06703448186721092,-1.9616725065826806,-0.45236095717428587,0.36599898737689046,0.16426823437542112,0.4737368684342171,-0.16008504851862992
1,4.202349391528127,0.029853486958632845,0.864256990254326,-0.6498450907332519,-0.2340316525220011,0.161166961466734,0.4742371185592796,1.1228956625360125
1,-0.7772952165613157,-0.5654899533243374,-1.2090844580265883,0.5396161024825653,-0.7145952912680584,0.15806409631335722,0.47473736868434213,0.032502208028564544
0,-1.1385207482739612,-0.4259451084001599,-0.5686927194215645,0.8757712939957094,-0.36612329748258665,0.15495966956996451,0.4752376188094047,-0.18095803091632656
0,3.1160570113063955,1.1133372383403377,-0.7438718827346628,-0.8545476577963784,0.8474760025733871,0.15185371190665742,0.4757378689344672,0.9628838250944733
1,2.9341111074223383,0.21382713517698357,0.7269906019673749,1.6089112361659896,0.21363151119231122,0.1487462540086608,0.47623811905952973,-1.0071004483330734
0,3.377825709144484,0.8850943665882824,-0.06858278290392204,-0.5920332906027,0.8262217425749289,0.14563732657602277,0.4767383691845923,0.7630515087663682
0,3.964880124344724,1.2018222319374203,0.01541655036414029,-2.05592374323317,0.5422302986654077,0.142526960323308,0.4772386193096548,1.0430579323515077
0,-0.04438337501556444,0.5888422596395486,-1.6794597938986129,-2.37970854254415,0.24432185926309907,0.13941518597929717,0.47773886943471733,0.6776382869700829
0,5.994033784551261,2.2708863133824324,-0.08743704823469652,1.5389608663603676,1.5577361858081455,0.13630203428668222,0.4782391195597799,-0.157269379882606
0,-3.1491716799368557,-0.8253040317638951,-1.4763330998810018,-0.08753658335854622,-0.4191265038729731,0.13318753600176125,0.4787393696848424,0.012035847306936073
1,2.6642213972321365,0.8084095930822921,0.30719699566419545,-0.6473284351918878,0.6531693478447278,0.13007172189413768,0.4792396198099049,-1.6839423107101108
0,0.059753985586717476,-0.3181439730310917,0.3667229934976392,-0.7478982184467982,-0.31142161204031615,0.12695462274641287,0.4797398699349674,-0.10944187099942972
0,4.956870981481089,1.855783263371278,-0.017397482735196333,-1.0922164794247748,1.0927981825600157,0.123836269353885,0.48024012006003,0.3067664820810628
1,10.018497895696104,1.7004401213924243,2.043143685856401,1.3522337713759518,1.3573209519644303,0.12071669252424352,0.4807403701850925,0.8800605492462408
0,-3.041093343969622,-1.9542111820067407,0.5277289142255647,-0.08388304899983834,-1.1877642308365886,0.11759592307726349,0.481240620310155,0.16041325578367713
0,-0.6168373336242172,-0.9688662425118804,0.5958241750337039,1.7902081502128497,-0.15216970669685426,0.1144739918445037,0.48174087043521757,-0.366323424478809
1,3.0039570237288062,0.6643129107943418,0.14231135304934386,-0.19900268393563073,0.424149859610353,0.11135092966900079,0.4822411205602801,-0.8118014528548307
0,1.8948659777642005,0.7898672098844762,-0.1927580765382674,-2.3502925001725226,0.8652987439698798,0.10822676740496319,0.4827413706853426,-0.0258901188139968
1,5.314857616144781,0.7365642161592768,0.965918260656232,0.8444339414947362,0.2724388299357954,0.10510153591746937,0.48324162081040517,0.1527504567689585
0,2.9812694861831464,-0.0708653281733429,1.101449541674755,-0.36819549284024966,-0.162165050947645,0.10197526608215945,0.4837418709354677,1.2184964083827816
0,-0.08419127696263148,0.45512082456347686,-1.301160361534182,-0.2370776795700608,0.17986695791987398,0.09884798878493316,0.4842421210605302,0.028054780011340815
1,4.81929738988023,0.6530214357863233,1.0544896047821555,1.5672733683568596,0.3602584219707403,0.09571973492164343,0.48474237118559277,-0.4768302472795737
1,2.3811791109435414,-0.07787126953732391,0.513823201027177,-0.26338795196124676,-0.23221012902794694,0.09259053539778982,0.4852426213106553,-0.08709154129238603
1,5.503793781529733,1.0273019683616285,0.9607000727089338,1.161993238808366,0.6066230940882604,0.08946042112821631,0.4857428714357178,-0.45941714514655
0,-4.303443582774995,-2.259497249109046,0.46617878074677394,-0.004991679811208985,-1.5982869185807023,0.0863294230368023,0.48624312156078037,-0.21348715549831349
0,-1.8699984153920335,0.6337935195699923,-1.244269722969875,-0.7519812570256101,0.3494932427948635,0.08319757205616021,0.48674337168584286,-2.166693130617507
0,-4.728634956552958,-1.034052612285726,-1.1729164508325658,0.5073147753150843,-0.6003970347137243,0.08006489912732856,0.4872436218109054,-1.5584709777057046
1,5.450409999128191,0.9586778079693892,1.8245905291449496,-0.6006824397753929,0.6487363878269458,0.07693143519946496,0.48774387193596797,-1.1637732156044478
1,2.6329099882619484,-0.2286844248912001,0.2524238686470464,1.2282949530852032,-0.16631938423970138,0.073797211229543,0.48824412206103046,0.4798405225249296
0,-3.0373946147714923,-0.8887872710840246,-1.417255494158867,0.9598865135290288,-0.3392565663179318,0.07066225818204507,0.488744372186093,-0.0586845016355876
1,3.6538390226606854,0.3739021567442434,0.3481320001081076,0.0627339059733029,0.31755839562272686,0.06752660702865515,0.48924462231115556,0.1640302234548076
0,-0.691958415282351,-0.9113334978457667,-0.36212360327408477,0.6098970426015962,-0.6135322615013832,0.06439028874795592,0.48974487243621806,1.1689899257842344
0,-4.830267407168668,-0.9127678975553941,-1.8434139558016613,0.5646022179081611,-0.6486095796271408,0.061253334325119146,0.4902451225612806,-1.0133341480935742
0,-4.947386903485281,-1.567294355953092,-2.290188171710507,-0.27561721612414974,-1.0907470621403021,0.05811577475160265,0.49074537268634316,1.1493595989767933
0,-0.9005118916218003,-0.026707754798113225,-1.602666694202812,0.8951464376542937,0.0877673431132982,0.05497764102484286,0.49124562281140566,0.3987149444808399
1,2.819471887708437,0.4968235216908353,0.2717925426286556,-0.22729158648413816,0.18471598970710246,0.051838964147947184,0.4917458729364682,-0.6883060024788875
0,4.678218087555454,1.0230259861312425,-0.048072218113468894,0.6162056722529549,0.9345995467765819,0.04869977512939083,0.4922461230615307,1.4910599338504729
1,0.023206960602349724,-0.14172786178901123,-0.2491591906253043,-0.9503454914353409,0.20286200383730163,0.04556010498270696,0.49274637318659326,-1.3930095777704457
0,2.477622894831743,1.0478552084476458,0.28467815379595623,0.10202833099987614,0.9536808357608204,0.04241998472618333,0.4932466233116558,-1.0967905261588633
1,2.7782518860183796,0.017960975134801903,0.6011304268130049,0.4160924201334983,-0.08965370526350472,0.03927944538255454,0.4937468734367183,-0.18806445880518774
0,-2.2410259374418144,-0.09328848097955465,-2.1025074395349956,-0.7884535689436885,-0.3832845082460699,0.036138517978694246,0.49424712356178085,0.4184526837185978
0,1.2650179449952748,0.5735629478577897,-0.3011511821449839,-0.4143269001539377,0.3100106183341069,0.032997233545311234,0.4947473736868434,-0.17159998786905384
0,-0.16913309580932312,1.0583927761257572,-0.8279146503542845,-0.5310444910517331,0.7651353703549253,0.029855623116641576,0.4952476238119059,-2.0939946012647574
0,-1.8515425634560394,-0.34143445445859266,-1.233194977789162,0.7306499715056249,-0.08261240692556238,0.026713717730140668,0.49574787393696845,-0.27750766435772317
0,-0.9078103925797624,-0.2437616219559586,-0.5472012780590004,-0.7168331835224488,-0.21223679680318294,0.023571548426179704,0.496248124062031,-0.06576154142532349
0,2.6564533502252963,-0.16083140469983928,-0.12287209779427118,0.4417342816753883,-0.1778888477286885,0.02042914624773548,0.4967483741870935,2.5329690355750545
0,2.2799951910385485,0.08276912699183876,-0.2663564565596157,1.5287750373341993,0.3500885650044501,0.01728654224008679,0.49724862431215605,1.3752853530788491
0,-3.2606442482353835,-0.9004082096051503,-1.454667313435725,0.3611353252694964,-0.7673818525470297,0.014143767450506394,0.49774887443721855,0.13891063453837962
1,2.609683126721353,1.0280060600662873,-0.48314951464260525,-1.6068926222053537,0.9225535010943948,0.011000852927952965,0.4982491245622811,-1.0610829312728036
1,4.248785859332739,-0.4004096317783333,2.015832891923969,0.13101273834882907,-0.10880577486108259,0.007857829722767433,0.49874937468734365,0.3551154792947218
1,0.7576768345374105,0.4624434567778641,-1.0545548440464312,1.0465998007488995,0.057310794715889735,0.00471472888636268,0.49924962481240615,-1.135528482894072
0,-3.3469266963002506,-0.8254725722239247,-1.6870929784979103,-0.2800627782020509,-0.5291372248501384,0.001571581470919876,0.4997498749374687,0.21739903883159115
0,2.3453524496954476,0.3588039528088937,0.2752415694120718,1.1157320094352772,0.13615748222273316,-0.001571581470919631,0.5002501250625312,0.3791268102723143
0,1.944621673266754,0.3915930157503348,0.596628160814871,0.6248831424238327,0.08245056655642147,-0.0047147288863624345,0.5007503751875938,-0.3791185354278355
0,0.3773679316265775,-0.4206814067973341,0.4640441020951936,0.42821518802099434,-0.6628350445234177,-0.007857829722766744,0.5012506253126563,0.26335512100930275
1,4.8739356991579665,2.0208894329971416,-1.119717535846507,-0.2538875726734865,1.1017994829128905,-0.01100085292795272,0.5017508754377188,-0.30938251636676345
1,3.6550972758443496,0.3710399612419042,0.9980949252420801,-0.5046078527000704,0.3351147334433265,-0.01414376745050615,0.5022511255627814,-0.5473489405132173
1,6.691954759511069,1.7769289229773846,-0.7853321885058488,-0.24802194734688585,1.1619316242181434,-0.017286542240086543,0.5027513756878439,1.532303023508666
1,3.5017735876951677,0.9591389238981252,-1.1348764542406187,0.07145648982123619,0.7190785810293748,-0.020429146247735234,0.5032516258129064,0.5904829606445268
1,-0.541248838617314,-0.6622748070560666,-0.6084775231799567,0.5319095440586251,-0.6776756104389103,-0.02357154842617946,0.503751875937969,-0.28690145862324695
1,0.3637878895210458,-0.3821868156578954,-0.10870050672072484,0.42973929660845583,-0.33616928674186713,-0.026713717730140422,0.5042521260630315,-0.741227346270543
1,4.148750566015713,0.43610206735723056,0.7140914280644555,-0.2913346972998633,0.2462266602088256,-0.02985562311664133,0.504752376188094,0.19138739587039352
1,3.4826133964340107,0.06117253183875087,0.6238318256883452,0.07536100274686686,-0.2656833950761253,-0.032997233545310985,0.5052526263131566,0.5759051011513113
0,1.448141553848821,0.04946114175893247,-0.02249927105849099,0.3981215665947817,-0.2969098119769997,-0.036138517978693996,0.5057528764382191,0.8569898954825022
1,3.8182981055948932,-0.28620495437455035,0.9329055556789724,-1.6140510452382821,-0.11990022790470917,-0.0392794453825543,0.5062531265632816,1.4712243232634512
0,-3.2236432029566395,-1.808476355740995,0.08148957339864694,-0.7570323333835638,-1.242878463912647,-0.04241998472618309,0.5067533766883441,0.4715940818203315
1,1.381919651480547,-0.22543264342069147,0.8959839038004662,-0.7874322158728616,-0.34642238150057914,-0.04556010498270672,0.5072536268134067,-1.0890791965616835
0,-4.482133176383728,-2.2181214639227598,-1.4038687948091935,-0.19203643392709743,-1.5783733661406034,-0.048699775129390145,0.5077538769384692,2.0197923117205874
1,2.0843302752922725,0.3718195687849371,-1.5741739927171243,-0.2633221614908416,0.3842591684209779,-0.051838964147946934,0.5082541270635317,1.1615530401740175
0,0.8511967223380179,-0.726057787427706,0.7757204466165352,-0.24530302762215106,-0.15526877380222776,-0.054977641024842615,0.5087543771885943,0.8363131258872123
0,-1.8305229069554074,-0.7154167261721429,-1.3900824461260035,-0.8598112493231137,-0.6805446383738416,-0.05811577475160241,0.5092546273136568,1.3352361013669762
0,-1.5832480039826806,-0.21930379562997881,-0.30151920047538705,0.6860079052005903,-0.03849726943135691,-0.061253334325118904,0.5097548774387193,-1.4541933736193675
1,2.5060664381802384,0.27267234629586407,-0.0981027520154319,0.2914253926933203,0.6000915778236997,-0.06439028874795569,0.5102551275637819,-0.3528094831303113
0,-4.229469032596258,-1.4320061777359552,-0.4879508406544632,-1.6288516560734514,-0.9952727016157984,-0.06752660702865491,0.5107553776888444,-0.4896069956801286
0,-2.78190460029404,-1.7486011895534066,-0.4534894738487833,0.027512510881246063,-0.9423507642016029,-0.07066225818204482,0.5112556278139069,1.1894545266325756
0,-1.743005571663618,-1.0660658714998135,1.3926265451781432,-1.111856693392579,-1.2587752795658564,-0.07379721122954275,0.5117558779389695,-1.1497413711530642
0,-7.327674343272043,-2.0417275241987234,-2.5296015084996992,1.717018619799197,-1.1511206984934894,-0.07693143519946471,0.512256128064032,-0.3029525035910486
1,2.3764398081290032,-0.9668496098892981,0.883873634722829,-0.44066451412429486,-0.6846432936245272,-0.08006489912732832,0.5127563781890945,1.5130260465054237
1,9.191439761133278,1.590883030522966,2.2951723427935655,-0.37860391326716175,0.7400393008143704,-0.08319757205615996,0.5132566283141571,0.653958732655973
1,-0.6471525022462985,-1.0565859164970517,0.023584560566066195,0.09930166742866288,-0.5926567770683948,-0.08632942303680206,0.5137568784392196,-0.36502509171641967
0,4.015091231642169,0.6514051749001837,-0.018974795479417727,-0.18437770719027874,0.6558289168852203,-0.08946042112821563,0.5142571285642821,1.8698958995860988
0,-2.893823506917072,-1.3716348082651353,0.7263707956230252,-0.0425115926847241,-0.7291160790203585,-0.09259053539778958,0.5147573786893447,-1.296949881768142
1,6.043368617773109,0.2991201525724937,1.828854540568019,1.5634020638407347,0.4386428015705494,-0.09571973492164318,0.5152576288144072,0.4612799910498868
0,-1.8900444155779415,-0.31973381221268193,-1.1880489491190027,0.2423007443949943,-0.23549784738017435,-0.09884798878493291,0.5157578789394697,-0.21032156163919988
1,2.657994841517638,-0.05981278553427285,0.08768933355522605,0.851418308230366,-0.19432459920204836,-0.1019752660821592,0.5162581290645323,0.5178438709310825
1,3.088935817447915,0.5687775943675412,-0.1862165248741775,1.14385572003526,0.30193519618044395,-0.10510153591746914,0.5167583791895948,-0.2580978461106895
1,5.916566717043532,1.7562401253161792,0.5593812768397987,-0.9578596464670062,1.216714921929929,-0.10822676740496294,0.5172586293146573,-0.8108784207935715
0,1.8367211984927543,0.19470634983327353,0.15918669642951241,1.706153135387891,0.2100392031945187,-0.11135092966900055,0.5177588794397199,0.22396906780575976
0,0.5247610204367186,0.1243589513960949,0.6596531157508801,0.705330295496833,-0.013133707545548462,-0.11447399184450346,0.5182591295647824,-1.285314766517813
0,-1.5333419706653046,-0.9733677174823148,-0.4216326819215429,0.9744079559433578,-0.6776625359082642,-0.11759592307726326,0.5187593796898449,0.5369925285480005
0,1.614323911991135,0.5833396553323329,0.04900215556852083,-0.8459636601093807,0.5744249688552688,-0.12071669252424329,0.5192596298149074,-0.3017148715240748
1,1.7358966647135423,-0.24607233054527072,-0.6703423804071837,0.8348995203750065,-0.11430777307685283,-0.12383626935388475,0.51975987993997,0.9228593076150194
0,1.5375031047661032,0.8320070429084299,-0.6642905036760461,0.4311118510559565,1.0264134401967635,-0.12695462274641264,0.5202601300650325,-0.4283280557705522
0,-0.26673536400475756,-0.0437064504849727,-0.1415398406729114,-0.5193071974587743,0.3866548438508104,-0.130071721894137,0.520760380190095,-0.6499172120634555
1,6.721818004769707,1.740855703809851,-0.14200990507938407,2.3008104729444683,0.9876124298923799,-0.133187536001761,0.5212606303151576,0.40645529895561655
0,-4.3324311047620325,-1.982916503137466,-1.1724837422360284,0.5848778273706591,-1.505220659379324,-0.136302034286682,0.5217608804402201,1.2298039648332277
1,1.2012626407585665,-0.2965993601550742,1.5700583793087761,-0.2211746873694188,-0.4702627482353349,-0.13941518597929695,0.5222611305652826,-2.02987589076041
1,4.012943118465715,0.8814816388012593,-0.1350840902195691,0.2123392036724691,0.3827456261718555,-0.14252696032330775,0.5227613806903452,0.12995431628713802
0,-1.1960887178786566,-0.35069219708498706,-1.3837007629135494,0.9287182749899154,-0.14420012460003634,-0.14563732657602252,0.5232616308154077,0.6295019471906916
1,0.3709788162133263,-0.7921730690054608,1.1015345926208917,1.1488683029534146,-0.7550712594715739,-0.14874625400866054,0.5237618809404702,-1.389036547023303
0,-1.8800420852618382,-0.26588060573958244,-0.7482828204111565,0.6004092223164897,-0.39742286093428897,-0.15185371190665717,0.5242621310655328,-0.8561799338854328
1,0.34001536852010134,-1.3799287476073374,0.5082813347446645,1.2361233571635442,-1.0247665596209858,-0.15495966956996426,0.5247623811905953,0.6458011615773666
1,1.8851804628623574,0.11895377168976948,-0.017016976609958497,1.4891651049002395,0.23456309342220033,-0.15806409631335697,0.5252626313156578,-0.803352875984508
1,7.219288796735823,2.440461840173224,0.2506162270489573,-1.2156183153654605,1.6327536751393341,-0.1611669614667338,0.5257628814407204,-0.6174916411189678
1,6.542329793025969,1.145031498226728,0.17102108618146958,-0.46640949595096326,0.7255534344424734,-0.1642682343754209,0.5262631315657829,1.7044724105050304
0,-3.813631397727661,-1.1090091065152694,-0.575167777202622,-0.9201622168957727,-0.6018522244832059,-0.16736788440047634,0.5267633816908454,-0.9180788297309822
1,-0.7179795941957813,-0.8733410823282927,0.040946287172141375,0.1167449305108568,-0.5245399574548157,-0.17046588091898968,0.527263631815908,-0.8399195723252278
1,1.8100340044539482,-0.40472780902245364,2.0330920537185277,1.462839536555651,-0.19958814700798605,-0.17356219332438794,0.5277638819409705,-2.2697879995332455
0,-0.8395811892285578,1.0044161277339365,-2.23760584483325,0.6728497180445389,0.8833934756430053,-0.176656791026735,0.528264132066033,-1.0684483169488026
0,-2.8028811062570864,-0.8214870091691876,0.06595710668270424,-1.0258972275288136,-0.7796418438593856,-0.17974964345303515,0.5287643821910956,-1.2024789425730797
0,1.159139314497072,-0.6902314189475338,0.43498147261249154,-0.2737707808302178,-0.446702781584055,-0.18284072004753632,0.5292646323161581,1.701231074505001
0,2.6159322826060363,0.8847494335149046,-1.0522715168012282,1.0484743286450373,0.48898300878768775,-0.18592999027202906,0.5297648824412206,1.2100260378883374
1,1.059315011774076,0.8646525704751467,-1.370348045159953,-0.5114960899600488,0.8010669987782685,-0.18901742360615156,0.530265132566283,-1.2361197512968143
1,5.9867737844213815,-0.3738146603894485,2.158915912338294,-0.07670545423756878,-0.10726378851737475,-0.1921029895476883,0.5307653826913457,1.9482632245927345
0,-1.8329147359378073,-1.1177634143727924,-0.37150373419281224,0.32444899384592785,-0.9934418241793005,-0.19518665761287257,0.5312656328164082,0.7697009312994781
0,-0.791726897439168,-1.549744823262707,2.0789951616027413,-1.801499760744792,-0.8278291143528949,-0.19826839733668897,0.5317658829414706,-0.16758910905919983
0,0.4492389665692145,-0.6989901269101042,0.535763310296226,0.79959052885358,-0.7247136567474683,-0.20134817827317184,0.5322661330665333,0.8071168664759922
0,-4.0274330109750585,-2.230528902271529,0.07614106036211274,0.3623149896384399,-1.3373087589694248,-0.20442596999570722,0.5327663831915957,0.3856073110146699
1,3.8159938377223757,0.7498198819099152,0.4759705120484444,0.5885257522739861,0.5593239905571307,-0.20750174209733496,0.5332666333166582,-0.744177541527927
0,-2.116002872998152,-0.6300306998045586,0.6350054454560667,-0.9586594667401073,-0.618177359641508,-0.2105754641910459,0.5337668834417209,-1.7242087167441766
1,3.5579889905546978,0.48129366424513825,1.1796552233771,-0.7479932329502497,0.11119710219846857,-0.21364710591008557,0.5342671335667833,-0.8869093277753244
1,6.855043684475854,1.8683248876013339,0.4358158454969666,-0.5768332238426559,1.2421273291892203,-0.21671663690825127,0.5347673836918458,0.004197804635156147
1,4.692363631015026,1.172995707132864,0.14461062745018546,0.27056495053871943,0.8105042545183905,-0.2197840268601931,0.5352676338169085,-0.3421050350082061
0,-2.710333046215145,-1.1511348379469908,0.176287516933779,0.09034745480955668,-0.9513518926006469,-0.22284924546171486,0.535767883941971,-0.719929490146544
1,6.891680326385841,0.8692489864766937,1.3519133220789787,0.14781650288228057,0.7133078633300898,-0.22591226243007043,0.5362681340670334,0.9699978544038947
1,5.002936925571007,1.1578570275164373,0.8169682421520962,1.8117169314276056,0.5292107840342228,-0.22897304750426634,0.536768384192096,-1.0404463851493635
0,-1.3698726839187731,-0.7463565180960922,-1.0020215533226031,1.3254817429205068,-0.5297624204835549,-0.23203157044535785,0.5372686343171585,0.887408977520647
0,-3.1387328304869664,-0.9532969230720043,-0.6356287972592959,-0.6990215248869384,-0.6730447677098811,-0.23508780103674884,0.537768884442221,-0.4665222956509638
1,2.0110069627763636,-0.1096918973385416,0.3307488240773755,-0.6335023535270057,-0.4507940778415689,-0.2381417090844917,0.5382691345672836,0.1163034815909349
0,-4.75921137567147,-1.6014233495161816,-0.6229213252996771,1.735727414437513,-1.0660211775460084,-0.24119326441758304,0.5387693846923461,-1.0960977454772185
0,3.3149195482959692,1.470734949301553,-0.37648701939796203,-0.29697147956851505,0.7750829838699524,-0.2442424368882631,0.5392696348174086,0.0001543829919379461
0,-7.093560477938777,-2.4053637930304905,-0.9559195817190035,1.3988387877569504,-2.1810794652625995,-0.24728919637231475,0.5397698849424712,-0.7631326786399814
0,-3.8602246352053187,-1.1068074157420604,-0.2616428595218066,1.6186219357210616,-0.9014735434700528,-0.2503335127693582,0.5402701350675337,-1.7124156749347348
1,1.8083255014476496,-0.2695651640091679,0.42362764015508114,-0.5223490168762666,-0.23963796847576624,-0.2533753560031519,0.5407703851925962,-0.01111278536005751
1,2.7848277320074666,-0.22708709133068325,0.9951616163876045,-0.24948654508898932,0.013072874030316123,-0.25641469602188643,0.5412706353176588,-0.04267703288937842
1,3.2278066436347688,0.16612417314262437,0.009230948293718712,0.10283117325648954,0.014622453597988222,-0.25945150279848284,0.5417708854427213,0.8251618768683942
1,5.626000158917763,0.2714485686748367,2.0748500296109014,-0.8437613744664181,0.47408912240680706,-0.2624857463308906,0.5422711355677838,0.2877971935495082
0,-1.1172757652882201,-0.21361201462544818,-0.07641338738879899,-0.9578633979151616,0.12772706913473064,-0.26551739664238094,0.5427713856928463,-0.9919042455620731
1,8.282555223529755,1.1368863187699414,3.193423156327079,-0.3811927646260781,1.0050397672804317,-0.26854642378184646,0.5432716358179089,-0.59703924797936
0,-5.3378616273171575,-2.1393761696371945,1.0016520891003808,0.872697587893109,-1.2429344740800796,-0.2715727978240941,0.5437718859429714,-2.4416118222532117
0,0.020876481711034955,-0.0001645139169606655,0.49672243182245396,-0.4278930144556034,0.0629068967678552,-0.27459648887014193,0.5442721360680339,-1.096883977869605
0,-0.6110568166407937,-0.7145844117153977,-0.4990336440576174,-0.18632241771491978,-0.6158811314332086,-0.27761746704751583,0.5447723861930965,1.286391556200128
0,-1.362970774187108,0.13251343514348632,-2.8244940202379314,-0.4452405912619133,0.21445157419019423,-0.2806357025105423,0.545272636318159,1.5008030964820467
1,2.9235138193274857,0.22075983794627882,-0.15513161264867004,-1.3448374156285632,0.33918004560696663,-0.28365116544064434,0.5457728864432215,0.7589834725439776
0,-0.7612319617241236,-0.911828876494789,0.1782182943626417,1.5043758095222022,-0.5972229535791133,-0.2866638260466372,0.5462731365682841,0.30522284397947097
0,1.609974027193207,-0.6409489965354924,1.9224532049550282,-2.3222351408353203,-0.5029454571360122,-0.2896736545650202,0.5467733866933466,0.5861500295885619
0,0.7928628243721931,0.7925867232518442,-1.3797495510250428,-0.6340732305779254,0.23984450849077332,-0.2926806212602737,0.5472736368184091,0.48660564508565923
1,3.794871579576825,0.34905626865098566,1.905886363319834,0.5787255413346782,0.37154594945597325,-0.2956846964251502,0.5477738869434717,-1.7032606814970008
0,-2.5026865922525325,-0.6802484366024778,-0.25124440558741695,-1.3758427518945908,-0.412866080389396,-0.298685850380969,0.5482741370685342,-0.8540194735097345
1,8.923241758411027,2.0398909593419425,0.7240568785054531,0.6247452567402023,1.1653547785690244,-0.30168405347791055,0.5487743871935967,1.1753097956421534
1,5.574996292566664,2.309177648495082,-2.5398464155294698,1.2723274096471102,1.6300189158964595,-0.30467927609530665,0.5492746373186593,1.170515251252019
0,-2.5948075628498466,-1.4624624789603549,0.13903038150941524,-0.8397501492527603,-0.8873210648811896,-0.30767148864193633,0.5497748874437218,0.24333493050360683
1,2.011500466759322,0.30179496030034325,-0.3437320539310781,0.22851095014364453,0.18370506532139944,-0.3106606615563153,0.5502751375687843,-0.2996493354672546
1,8.2820258993494,2.5089944356323914,0.682429410154782,-1.0906538848657195,1.9047615688831019,-0.31364676530698915,0.5507753876938469,-0.3734322605316817
1,3.622653816962501,0.7838986291848924,0.09122528775677263,0.5267173074489333,0.6914545651355588,-0.3166297703928266,0.5512756378189094,-0.5300732559945889
1,0.014165214769396473,0.22106014291254644,-1.1422396214121535,0.10800830932794829,-0.142481427996721,-0.31960964734330805,0.5517758879439719,-0.9078767944729279
1,0.8752402608544683,-0.20805683335943306,0.9469876372890286,0.2351101003978363,-0.21108315709348957,-0.3225863667188185,0.5522761380690345,-1.8948897600333867
0,0.6189458886478322,-0.5411942858767205,0.6946287393015882,1.3856941671831633,-0.2893013663898813,-0.3255598991109392,0.552776388194097,0.15294164116197875
0,0.5335838049542247,-0.2125147026197359,0.5967681961293292,0.49066055449943724,0.02598446260990986,-0.32853021514273556,0.5532766383191595,-0.44040605010028505
1,2.2322206950173826,-0.5507294124081377,1.0089153621274212,1.3654190948655238,-0.11340151654410441,-0.33149728546905044,0.5537768884442221,-0.20559970368117142
1,6.828737632786884,0.7449083585580341,1.1009674412509844,0.6535818968695851,0.13701016880764338,-0.33446108077679154,0.5542771385692846,1.6979246747859775
1,1.3900869003381615,-0.3981536526914417,-0.021811668905907695,-1.1802210447085641,-0.29783065664232566,-0.3374215717852218,0.5547773886943471,0.5899799063582978
0,-2.8564024263683834,-0.4411515120100576,-1.3576574727685473,0.28080716131561445,-0.17363997052294505,-0.3403787292462503,0.5552776388194096,-0.687428043740814
0,-3.31917613398825,-1.2021606868290806,-1.3849622721488932,0.5088838987517681,-0.60600897485558,-0.343332523944718,0.5557778889444722,0.5786680805354303
1,2.0439476548094,-0.04958987438030339,1.349751233985494,-1.4262310205779523,0.2922379671194575,-0.3462829266986901,0.5562781390695347,-1.4797927298595734
0,0.5482284563228037,-0.8941216734390032,0.7104474391610888,1.3528864926557131,-0.8164246558822312,-0.34922990835974094,0.5567783891945972,1.0439384563703704
1,1.9569475078485947,-0.1807501687290939,0.10202934754299325,0.08739241312483298,-0.20613916677389996,-0.35217343981324345,0.5572786393196598,0.26559709834291595
1,3.6727708548370424,1.0418155527215323,-0.434648255199576,0.38743446669370085,0.5151979648181878,-0.3551134919786582,0.5577788894447223,-0.1859251248897547
1,3.3771123185462826,0.3659248863111264,0.03155709794026529,-0.8771633239382771,0.41157587265242834,-0.3580500358098179,0.5582791395697848,0.5696422298921145
1,4.549899165473896,0.5047252947854309,0.024794210060459235,0.09191277706850422,0.08587402156826668,-0.360983042295216,0.5587793896948474,1.443435571376198
1,2.1263469595708955,0.35609089975780356,-0.33675870625781196,0.31917740545808876,0.47692558420298514,-0.3639124824582939,0.5592796398199099,-0.45302897822916033
0,-1.2103820213793457,0.0591757301914933,-0.699024926854259,-0.3069407852644345,0.2202553216220949,-0.3668383273577251,0.5597798899449724,-0.970645060391633
1,6.675161135892692,-0.12732823067162988,2.164316852488214,0.09994259892143309,0.0010309516592518775,-0.36976054808770387,0.560280140070035,2.0945738297996646
0,-0.5427009269716934,-0.30780621590166646,0.22855993835226243,-2.100314154622532,-0.6502954116015269,-0.3726791157782282,0.5607803901950975,0.02064177839341728
1,4.684200366436025,0.759117008833072,-0.6058046077226102,1.3812072713706598,0.3915099752097356,-0.37559400159538614,0.56128064032016,1.481937969344859
0,-4.552743144633952,-1.0842398092882488,-1.3020616358897394,-1.0950321927646467,-0.6171226542909801,-0.378505176741642,0.5617808904452226,-0.6628202587689256
0,2.5088702929456845,1.3407225862255443,-0.7256936696932805,-2.1631408782973285,0.6525540651525942,-0.3814126124561179,0.5622811405702851,0.3791455898018079
0,0.6691872580974607,0.03407806268481745,0.719726480783968,-0.9413508037652709,-0.02959339478051142,-0.3843162800148812,0.5627813906953476,-0.6288078282826277
0,0.17778191834871632,-0.7487003905773738,0.7583837185183369,-0.8159135807802859,-0.5508066525451234,-0.38721615073122545,0.5632816408204102,0.6313784249135305
0,-1.0087242626841186,-0.48914607904001295,-0.21835354513834757,0.5625936133735853,-0.17272269443376367,-0.3901121959559549,0.5637818909454727,-0.26845259078438427
0,-1.8406296241023425,-0.6769904011881117,0.05171069389755453,-0.8949854140014747,-0.4241822540713516,-0.39300438707766905,0.5642821410705352,-0.6577396260477757
1,3.598021937602425,0.16020649902804115,-0.30505247014676157,0.30299057994587664,0.16024887802580418,-0.3958926955230422,0.5647823911955978,1.5392659261528487
0,-2.5278598454332926,-0.7178430444883082,-1.1078362996359743,-0.940872541082191,-0.5955933557182146,-0.39877709275710893,0.5652826413206603,0.3405612187086366
1,4.808033138863067,1.1421311987837366,1.30168623948677,2.2255887499800555,0.7944128229616502,-0.4016575502835435,0.5657828914457228,-2.003404844718125
0,-0.9925881325020681,-0.7816389926142432,0.3726353102977346,0.5637802707244711,-0.5798219572567003,-0.4045340396449424,0.5662831415707853,-0.22847754259785524
0,-2.0697719014711287,-2.272521930414174,2.476355253029807,1.9745874602753521,-1.4530815169023046,-0.4074065324231066,0.5667833916958479,-0.9035013217976859
0,-3.632249916105846,-0.730998492725895,-0.756170287341241,-0.9962841986537581,-0.5533048939139901,-0.41027500023932,0.5672836418209104,-1.2016964987150822
0,-4.747389981102396,-2.0085211732996573,-0.13753336836313368,0.6818437325625206,-1.2079480693568454,-0.4131394147546311,0.5677838919459729,-0.5735639214278936
0,0.7156798536902093,-0.0398688505726567,0.8829702184540933,-0.9382046543259948,-0.3695879187638277,-0.41599974767013415,0.5682841420710355,-0.4688657430208526
0,2.9300122832204614,1.0591579783713116,-0.24509472756668582,0.5963206208786831,0.9723795682141539,-0.41885597072724556,0.568784392196098,0.03676547681067045
0,-0.4571086951050073,0.6477598002656734,-1.38769502789613,0.6956936878321529,0.41359114728420676,-0.42170805570798686,0.5692846423211605,-0.7819035823317549
0,-5.937789294639772,-1.3375895049472426,-0.9488696218988308,-1.5770070718907523,-0.7196254564009541,-0.4245559744352603,0.5697848924462231,-1.8404558198568444
0,-1.9203483547821212,-0.7622552815679994,0.10075006564074394,-1.1193159434388222,-0.5233035320611241,-0.42739969877312844,0.5702851425712856,-0.5271350411430814
1,7.3373880086249255,1.7786335355666851,0.3433673289072086,-1.1493496162107675,1.4076561141698556,-0.43023920062709353,0.5707853926963481,0.8746999577182675
0,-0.3927750708688158,0.3185114087343339,-0.09460532658750317,-1.4869358946402726,0.5118812887706712,-0.4330744519443721,0.5712856428214107,-1.3496992222119812
0,2.21315645832473,0.004118692634058828,1.0034851228619166,-0.7145789859252417,-0.11289478909738669,-0.43590542471417526,0.5717858929464732,0.6161660538948203
1,6.02887368332414,1.0560625611935577,0.9927655420529405,-0.9440677689096739,0.7487500877760368,-0.4387320909679828,0.5722861430715357,0.4577542648382061
1,7.4186158663886275,2.4527411254301583,0.32277914387972323,-1.4293298814629285,1.6770140512874845,-0.4415544227798206,0.5727863931965983,-0.44121127267185906
0,3.9128398991706153,1.2965732775797387,0.0268919053518276,0.11332771145725155,0.9424299149085507,-0.44437239226653774,0.5732866433216608,0.30950775632366545
0,-0.31157376612475934,0.139415254770579,-0.25289232560963515,0.5608260231407595,-0.2287615561649606,-0.4471859715880796,0.5737868934467233,-0.7400302661319841
0,1.3555877520901194,0.3546881759848233,0.551025131425708,-1.299760849196684,0.20809284182470608,-0.44999513294776405,0.5742871435717859,-0.3940744106359917
0,1.9781393895255799,0.6170797910982172,0.9196259138111132,-0.5423863134417569,0.37633777396271106,-0.45279984859255723,0.5747873936968484,-1.0103430290799085
1,1.0046379844699231,-0.6126984965101239,0.060604814814998326,0.022242014371795085,-0.5906382813045367,-0.4556000908133451,0.5752876438219109,0.4637419544882038
0,-0.12963322320829263,-1.0587194727174403,0.4499982334233947,-0.21780488622919894,-0.7859526784737453,-0.4583958319452104,0.5757878939469735,1.3617065060530555
0,-0.7857303754246672,0.05244908348938066,-0.32431318228618194,-0.6869682091562157,-0.2745108102645897,-0.46118704436770275,0.576288144072036,-0.6712738739719504
0,-2.0954503863024567,-0.9472112294631205,-1.4115495792865773,0.823697355916314,-0.39319558379473485,-0.4639737005051133,0.5767883941970985,1.1896792777225538
0,-2.8734090831422634,-0.06146241903506856,-1.0009543487131332,0.8601008220667317,0.03886728659106998,-0.4667557728267479,0.5772886443221611,-2.1161283964703426
1,2.6406747406909856,0.0961230399920905,0.765766005399797,0.6925819011145522,0.4331233557794324,-0.4695332338471967,0.5777888944472236,-0.8768430131608443
1,6.924904635855489,2.341037321882936,0.447003015240709,-0.1957252980107765,1.459551779316838,-0.47230605612660853,0.5782891445722861,-1.0028707698560422
1,4.03266735163173,-0.8510499946565668,1.5902136720380733,1.9988007667230767,-0.8328329275101346,-0.47507421227095936,0.5787893946973486,1.710910262447638
1,1.5491110996194164,-0.1217889319709347,0.05609842897404842,1.7527024462655207,-0.03600810202671964,-0.47783767493232415,0.5792896448224112,-0.5852820588295067
0,1.7395301436038624,-0.1643028895845328,0.8647737378777771,-0.3899726078705487,-0.45116291735453523,-0.48059641680914816,0.5797898949474737,0.7757269898364447
1,2.6822139689847346,0.4373105333753307,1.3230169305570385,-0.10842520579278143,0.3442012105937198,-0.48335041064651435,0.5802901450725362,-2.0337975774489334
1,6.005068385280461,1.0467243315836225,0.9944501647648575,1.199935013969915,0.5871828096106922,-0.4860996292364138,0.5807903951975988,0.11492791005097744
0,-1.104359137420089,-0.4904835016266552,-0.608546946703059,-0.7880968159942673,-0.4160527417769321,-0.4888440454180157,0.5812906453226613,0.5637597151953899
1,-0.13310313486634137,-0.8213520301050313,-0.1845658277595415,0.40972077476767077,-0.5314275589737361,-0.4915836320779329,0.5817908954477238,-0.03557696350170581
0,-5.912439436041003,-1.6407106159316551,0.12977273970235542,0.05714103048051912,-1.1461515760606167,-0.49431836215049296,0.5822911455727864,-2.7062379043259597
0,-2.7717313859914405,-0.9262044968028467,-0.9858686902969566,-0.692478890744402,-0.2871631135205773,-0.4970482086180029,0.5827913956978489,0.17694042335529672
1,4.666418061205667,0.5364408345765945,0.4742885151043254,-0.2209748809528712,0.49362291732288355,-0.49977314451101706,0.5832916458229114,0.8076184541347103
1,4.276113557092459,0.045647041823202894,1.023988499642194,-1.5612359872011612,-0.23010673535959944,-0.5024931429086049,0.583791895947974,1.3149245527142195
0,-2.1617518778895577,-1.0154339949061588,-0.4808549062049495,-0.5328197395804932,-0.5239524557946587,-0.5052081769386141,0.5842921460730365,0.3974716896695991
0,-0.05922306145559131,-0.3727674764848574,1.9725542166025853,-1.9853218228018021,-0.5324314492137809,-0.5079182197779393,0.584792396198099,-1.6793115142082249
0,0.4158369723284105,0.0314729477902652,-0.29072394900540344,2.289922910671426,0.03223198167501943,-0.5106232446527843,0.5852926463231616,-0.2071399183856874
0,2.4595100942513217,0.5036789316089304,-0.20295797573597119,1.5153521412154332,0.099199345685139,-0.5133232248389278,0.5857928964482241,0.900165886566601
1,-0.393266227857942,-0.5933943528385258,-0.23827884519819545,1.2380348058670683,-0.5859386662535271,-0.5160181336619885,0.5862931465732866,-0.8138058406859471
1,1.204304123422332,-0.2504400576578742,-0.7082760529133515,0.311137590882678,0.07734291709981708,-0.5187079444976861,0.5867933966983492,0.5632978348086294
0,-3.60201503017627,-1.818434733340209,0.4178581594907103,1.0074113265646785,-1.3900014646177972,-0.5213926307721061,0.5872936468234117,-0.4758836439708631
0,-1.9377465895523174,-1.1513858022379435,0.020025880595626232,1.2807579029765412,-0.9403279351814775,-0.5240721659619629,0.5877938969484742,0.09266662754358009
1,8.822291579427114,1.6177156581788448,1.6613718566893032,1.0242052940962694,1.0142150580273575,-0.5267465235948595,0.5882941470735368,0.7554933892041474
1,-2.948183444609735,-2.1881406726948454,0.6073099295714779,0.926302194811243,-1.6005969518252323,-0.5294156772495517,0.5887943971985993,-0.7053011469774526
0,3.1751619664642505,-0.33780255263402675,0.5376894896972543,-0.9045486823396428,0.04119329986766232,-0.5320796005562073,0.5892946473236618,2.8538487723621007
1,2.3035806693677108,0.21919822934425529,-0.22153784606945764,0.43593272140544476,-0.0868031406171042,-0.5347382671966664,0.5897948974487243,0.15186093726621364
0,-2.1504144329026538,-0.3743492453270371,-1.4142327144943792,-0.5275743159379177,-0.5137020745771927,-0.5373916509047039,0.5902951475737869,0.34231095282694685
0,-2.478982873985248,-0.8081575233653976,-0.08950339866795118,-1.1738949295732173,-0.45855927078911535,-0.5400397254662855,0.5907953976988494,-0.7384019495767994
1,0.38061633870848655,-0.061078532387332324,-0.8502919413971807,-1.1350461030970098,-0.36537727673463116,-0.5426824647198303,0.5912956478239119,0.06239639613737023
0,1.4603956552248407,-0.004965401502279523,0.9518432679151898,0.4338118976001255,-0.08325783811971554,-0.5453198425564659,0.5917958979489745,-0.26696647734336965
0,-0.9135315745368926,-0.08211740493189977,-0.030442887211399913,1.05877110943629,0.15853953161901593,-0.547951832920288,0.592296148074037,-1.45481867873376
0,-3.5970646585677146,-1.8777121211521157,1.6657428530670015,-1.3623522018401546,-1.3217853823400285,-0.5505784098086192,0.5927963981990995,-1.5271287504097744
1,3.1475716313868816,-0.14740362795539622,0.7353103108581456,1.7506790990394294,-0.2057106174199316,-0.5531995472722625,0.5932966483241621,0.28649550660101086
0,-0.3378905779422192,-0.8551126902915559,0.8355359556481025,1.474122838225208,-0.7466873499156818,-0.5558152194157603,0.5937968984492246,-0.08735764625395817
0,-3.3305358887581566,-0.5477358748135395,0.23065714744421098,-0.3759565577210951,-0.5724140355132175,-0.5584254003976502,0.5942971485742871,-2.6248519111032866
0,-1.0395974614089545,0.22697476334145322,0.20867233441265007,-0.4587514999486691,0.03415872387082937,-0.5610300644307183,0.5947973986993497,-2.1408005451846415
0,2.492630448634361,0.6407287504805665,0.6532728671953089,-0.06900414156048526,0.46733736923171404,-0.5636291857822565,0.5952976488244122,-0.3079204100146393
1,5.5034583368015335,0.8967773342418733,0.9226688169138206,0.9850554110108832,0.8653156215262767,-0.5662227387743145,0.5957978989494747,-0.06852744479309539
0,-1.019246760675859,-0.49641305697888843,-0.7105702622938569,-0.37957314623309474,-0.1649007725616276,-0.5688106977839544,0.5962981490745373,0.6070692893116433
1,3.2411617505138355,0.9240027767201172,0.49228067730864616,-1.1031721114037587,0.5266679793060203,-0.5713930372435052,0.5967983991995998,-1.2374500194667655
1,8.697063622600245,1.1737275326239913,2.621087223246067,0.34635382213263644,0.6685760217395297,-0.5739697316408124,0.5972986493246623,0.591367581463393
0,2.3456184318054327,1.1366379245460594,-0.08969002689545434,-2.0627565638347134,0.9244014288796667,-0.5765407555194934,0.5977988994497249,-0.30730733722958253
1,4.217650244830602,1.3897679388114335,-0.2555434156041147,0.14290037709157122,0.6053837506685057,-0.5791060834791859,0.5982991495747874,-0.5068791481306842
0,-0.7544789932854699,-0.1456825059189122,-0.6924699334026035,1.1608012117925899,-0.19757048830572865,-0.5816656901758006,0.5987993996998499,-0.14153823911714417
0,-0.8379155889344053,-0.17413191507326234,-1.4485642244432002,0.30703370520119105,-0.19509263910924368,-0.5842195503217723,0.5992996498249125,0.9850272466342126
1,6.027638179441073,0.8250507793943487,1.1888864271411441,0.7815164803742511,0.34894536069601145,-0.5867676386863073,0.599799899949975,0.5572786005619295
0,-1.8038513310439526,-1.3665243151280329,0.06096541830261721,0.4946729923777708,-1.162458739741496,-0.5893099300956351,0.6003001500750375,0.8889699758275875
1,2.3121591125841863,0.20942904726834088,0.29962760064158145,0.7286355374099849,0.20587957502288373,-0.5918463994332557,0.6008004002001001,-0.6874879179900336
1,2.6704592892935106,-0.5305589921699142,1.8448342698843803,0.14570098832646813,-0.7078106595704752,-0.5943770216401875,0.6013006503251626,-0.28388916866938824
0,1.413176705338618,-0.3687890508614081,2.5091892435168237,-0.8291282104853669,-0.44857308334890156,-0.5969017717152166,0.601800900450225,-1.1623686743143928
0,-5.474289472473902,-1.7415144478985787,-0.888545919200217,-0.22434343183634026,-1.3570945095912408,-0.5994206247151419,0.6023011505752875,-0.55336898325409
0,-0.6899720453171843,-0.8905443058032078,1.0545585109422166,-0.07326182060384487,-0.617434673055327,-0.6019335557550222,0.6028014007003502,-0.39642001070078137
1,2.3477223714012925,-0.020493929457115093,0.6238454354380001,1.258861324385631,-0.295560349233055,-0.604440540008423,0.6033016508254126,-0.46560909417703156
1,5.686289339657791,0.8884531740936087,0.3995923653149751,1.626142865401957,0.8259796975496172,-0.6069415527076597,0.6038019009504751,0.7130165803281086
1,5.362057494592641,0.9900265894080504,0.47997872674780157,0.4206119107291351,0.6214487242013561,-0.6094365691440449,0.6043021510755378,0.42515576728599896
1,2.2980946480900295,-0.08032647499591145,-0.02153785031632843,-0.752753386920511,-0.11849661133145016,-0.6119255646681301,0.6048024012006002,0.7591629757032256
1,3.5015395032945764,-0.18928835722896975,1.5912831371471237,-0.7296821031412092,-0.2151378187936811,-0.6144085146899501,0.6053026513256627,0.12821549362818968
1,1.7486014859596901,-0.8306791870163397,0.6166483777194441,-0.18750401247203768,-0.7256753375362361,-0.6168853946792671,0.6058029014507254,1.0725604783332527
1,3.621070101448489,0.40235649697613907,0.34702978027999776,1.3887974968287569,0.07659915855075916,-0.6193561801658108,0.6063031515757878,0.11370553822566865
1,4.11725712664701,-0.2475780005075383,1.2494242061952612,0.3345737312368906,0.04175992597601372,-0.6218208467395229,0.6068034017008503,0.965552524054548
1,5.032883265531243,0.605884539149004,0.899079031295105,-0.05533309312968861,0.45247515332211297,-0.6242793700507953,0.607303651825913,0.5029635691645361
1,7.2170252609004315,1.751686804125962,0.4627932596567932,-0.7650124976898842,1.1925873445113055,-0.6267317258107122,0.6078039019509754,0.7351879797300193
0,0.9869467618781412,-0.032374957261813664,0.32955508068675227,0.8823790100455713,0.16172322206113549,-0.6291778897912914,0.6083041520760379,-0.06696980500851155
0,-2.0576426074601937,-1.4973544741740719,1.7584538855743241,0.28937150765135355,-1.2007953197501213,-0.6316178378257207,0.6088044022011005,-1.2386758811063856
1,-0.8243553576236674,-0.8608504430288475,0.5123025843079321,-0.050777791913694255,-0.49073482776086397,-0.6340515458085982,0.609304652326163,-1.4447703256257665
0,-1.1347730918063683,-1.4581474413366173,-0.08702323234356525,0.10342371652475525,-1.0288633176140445,-0.6364789896961719,0.6098049024512255,1.9573816248341789
0,-2.8624389472025302,-1.1971096894149784,-0.8543485531931074,1.6865159900116466,-1.026201076966686,-0.6389001455065738,0.6103051525762881,0.3878399043961943
0,3.5334895304668135,1.305270723485468,-0.3412040035839705,-0.1603776629247999,1.0507306776829415,-0.6413149893200607,0.6108054027013506,0.4434568981542767
0,-0.3823328195852721,0.2266595734584829,-1.0469008309410244,1.6884588042829132,-0.14923453979243942,-0.6437234972792472,0.6113056528264131,-0.1668994586207776
1,-1.6527337556979025,-1.5201744315757593,0.11045780904968053,1.2422849967544662,-0.9488479316468436,-0.6461256455893429,0.6118059029514757,-0.45853656475193233
0,5.090103918523162,0.6536321660301218,0.25983680227043987,0.05234125677422298,0.26980967461918015,-0.6485214105183885,0.6123061530765382,2.87177384738712
0,-0.18265098739842922,1.2603748740788823,-2.0479142419448975,0.8838738305382184,0.9494635487481109,-0.6509107683974877,0.6128064032016007,-1.1199068116306001
0,-0.3497319502944458,-0.359874557435862,0.021116320024818922,-0.12377898787817336,0.006768109635238717,-0.653293695621044,0.6133066533266633,-0.06273553067599061
0,-0.48293770529524516,-0.6759908391368861,0.6519094871803026,-0.8283764550848395,-0.37496622748019426,-0.6556701686469909,0.6138069034517258,-0.05134028569504925
0,-1.3981841213055035,-0.3373777124849492,0.16928777880264298,-0.2679018992332394,-0.3687663256876252,-0.6580401639970267,0.6143071535767883,-1.13098864760483
0,-1.606900001775661,0.28460651025417144,-0.9519476878105982,-0.907235936287092,0.17952133685002009,-0.660403658256846,0.6148074037018508,-1.2717348925611343
1,4.436814576097717,0.639970150256371,1.271425308986025,0.5114487236084106,0.36132644224247323,-0.6627606280763704,0.6153076538269134,-0.7031649342822481
1,3.336384378417591,1.1822168380402336,-0.693737503847282,0.014728017050965022,0.5820575761337528,-0.6651110501699788,0.6158079039519759,-0.3437931998778809
1,2.6905238531883677,1.2124782059131658,-1.2257482498097747,0.5678301353839835,0.6161367311918128,-0.66745490131674,0.6163081540770384,-0.48561938697834545
0,2.7820250781997258,1.1854038482269786,-1.0781734322673038,0.8266851287444525,0.8236958625978597,-0.6697921583606384,0.616808404202101,0.8132338533132144
1,3.3495323645753645,1.361921431780073,-0.011988611738078095,-3.120244803981503,1.044355838027387,-0.6721227982108061,0.6173086543271635,-1.178679153344864
1,5.042218830295152,0.6613877898003535,0.9853848865907753,0.3114985528459704,0.10039693167431218,-0.6744467978417488,0.617808904452226,0.4047169801821661
1,0.9349445360301387,-1.5309066043319859,1.1679776174689576,-1.8016772626975688,-1.1010408047593123,-0.6767641342935737,0.6183091545772886,1.46861010627625
0,1.3564531345063457,-0.13096422951361827,0.2120649634841013,0.16663117511862577,-0.007257172145403959,-0.679074784672218,0.6188094047023511,0.8929600465144226
0,-1.7033385764001205,0.31392051262338433,-1.1914032147534568,-0.8773892463930999,0.22577174353480942,-0.6813787261496725,0.6193096548274136,-1.1392117580767611
0,-4.371656410308118,-0.38312626500769986,-0.6546834553623672,0.10423775493483178,-0.4813484337228414,-0.6836759359642095,0.6198099049524762,-2.953347922648419
1,4.107600962106575,0.9112608549019698,-0.8957718550187412,1.3654527279284376,0.825780537635086,-0.6859663914206056,0.6203101550775387,0.8453297358344422
0,-0.6308466113085558,-0.36021397218550477,-0.17653117291449827,-1.7077986933339826,-0.5075711240622742,-0.6882500698903671,0.6208104052026012,0.49673009847582517
0,-4.554348498103053,-0.92574702996371,-1.7723733540354172,0.19065692745932128,-0.5366925177543846,-0.6905269488119542,0.6213106553276638,-0.5856582509662089
1,6.8715544498325585,1.4442989994390623,0.11275007887231701,-0.07842569377053056,1.3097505103024265,-0.6927970056910021,0.6218109054527263,1.2806681526400703
1,3.329534448292978,0.6660043098063377,0.6465443992868912,-1.8922180087247158,0.04811275949943922,-0.6950602181005442,0.6223111555777888,-0.4045388340828268
0,0.9931824217962766,0.21925378420038097,-0.14766668769261082,0.6479811787366794,0.187455877059933,-0.6973165636812346,0.6228114057028514,0.1079500610824064
1,3.6835123433123247,0.9267090914598398,0.46139262638607126,0.03422162218382628,0.6935832584718309,-0.6995660201415669,0.6233116558279139,-1.0381447327050417
0,1.923623434644163,1.0625342393353856,-0.9374471678540514,-0.5087383783514998,0.7713506701713781,-0.7018085652580967,0.6238119059529764,0.3190888031551029
0,-1.3333112835134469,0.3410358109726957,-1.4536594105654512,-0.7217804178815052,0.07069255318921597,-0.704044176875659,0.624312156078039,-0.4302650428949685
0,-6.089500780506988,-2.457661418894294,-0.6360162805672714,3.2125524475992675,-1.7988965737447122,-0.7062728329075884,0.6248124062031015,-0.5034996119967895
0,1.185418727483187,-0.6755894506677215,1.1580586525891248,-0.3938683567460128,-0.7649514727153057,-0.7084945113359377,0.625312656328164,1.0798566102947715
0,0.5378065784138103,-0.4565791295783091,1.0309046436889817,-1.80032301359481,-0.31106169360867125,-0.7107091902116937,0.6258129064532265,0.21443442607091256
0,-4.131891218117307,-0.9842008951131349,-0.45596184051958866,-0.9308983778693274,-0.6008830986327189,-0.7129168476549962,0.6263131565782891,-1.4955053873445063
1,4.4876979442924165,0.19867743392031523,1.2046270775658816,-0.36661358911803443,-0.009397547440726406,-0.7151174618553521,0.6268134067033516,0.6915219243760453
1,4.9504863018006215,1.1922021328513417,-0.32408529028619343,-0.3843973169541629,0.634833747835241,-0.717311011071852,0.6273136568284141,0.8365860748990757
1,1.8332950910005286,-0.48490558520706833,1.5126708868406114,-0.07885307938602523,-0.4502517639011927,-0.7194974736333857,0.6278139069534767,-0.8321829329510081
0,-2.2415263037559323,-1.1348326696708735,0.4833586921576919,-1.0469826841698344,-0.814026717892552,-0.7216768279388543,0.6283141570785392,-0.392977151472993
1,6.246903369040159,2.0280348109104995,-0.45125703604135237,0.5415406305832446,1.413474189263076,-0.723849052457385,0.6288144072036017,0.05381450762122608
0,0.01645871485534009,-0.4514376060975332,0.7959422524891432,-0.4837753909131026,-0.354630336292205,-0.7260141257285442,0.6293146573286643,-0.24937944860392627
0,-3.646928031854198,-1.232964924713251,-0.7740826872458788,-1.3607252008514803,-0.8678937793233971,-0.7281720263625477,0.6298149074537268,0.12388986724195998
0,0.09858142755237576,0.23767724961845885,-0.9352499254196807,-0.8155862116647419,-0.10944417697326567,-0.7303227330404748,0.6303151575787893,0.6499249505770088
0,-1.324952562993402,0.42568258158953415,-1.4505555185294239,-0.38466663841062304,-0.2566221828651211,-0.7324662245144756,0.6308154077038519,-0.4917743471559619
0,1.3869915159773205,-0.7050500896806735,0.25858470914149834,0.8486238281305275,-0.3909272839392887,-0.7346024796079835,0.6313156578289144,2.0807880621148707
1,3.2091267571518745,0.7904535745882663,-0.05315904577368031,0.48452430693236004,0.8139058004376831,-0.7367314772159236,0.6318159079539769,-0.7118751325502052
0,-1.595604664862751,-0.4873194382866741,-0.07711326074737267,-0.3380164019021329,-0.6379994855415796,-0.7388531963049205,0.6323161580790395,-0.5389227988909338
1,1.1005769172704407,-0.9229509153903888,-0.4098521309693735,0.01969695409035235,-0.7955465451365014,-0.7409676159135078,0.632816408204102,1.9688474031948158
1,6.64033557277741,0.17859086852485911,1.437884679082221,0.21514923965296415,0.16510629550217631,-0.743074715152333,0.6333166583291645,2.384579840118989
1,3.6933002069157266,0.7707689771249504,-0.4236059554266051,2.0387253268424574,0.7077813281755067,-0.7451744732043654,0.6338169084542271,0.037603225534631274
0,-2.2839167204330457,-0.6338514911946994,-0.7234124407874218,-0.6176238732706653,-0.33538782007280143,-0.7472668693251019,0.6343171585792896,-0.18724225124779173
1,3.435482710484518,0.3306255560142178,1.2461123127354776,0.46706897898998884,0.4632515224446542,-0.7493518828427703,0.6348174087043521,-1.0729118820084027
1,4.802844817468511,-0.09349163940534987,1.421283766969503,0.7263679259819404,-0.09511087324285744,-0.751429493158536,0.6353176588294147,1.1428063668255746
1,8.992662177765217,2.8244336497361435,0.33885878318003165,-0.9530543839118634,2.0392406372486653,-0.753499679746703,0.6358179089544772,0.17315534045004533
0,-4.304112409394958,-0.7085596811630914,-1.7400278001387892,0.18922259455257218,-0.43441270235922946,-0.7555624221549179,0.6363181590795397,-0.8461899797886808
1,4.759902174907908,1.3841716005395124,-0.599710990248877,0.16343299625574234,0.8649884826524772,-0.7576177000043728,0.6368184092046023,0.4059240487354276
1,3.9581187389199837,-0.05234628843888603,0.6129031492190553,-0.4698030021074651,0.17988892311303928,-0.7596654929900045,0.6373186593296648,1.3704892767090258
0,0.9749725661537613,-0.12676200367229015,0.017723509204767802,0.5675824984115184,0.014273753717305646,-0.7617057808806981,0.6378189094547273,0.6857505873644508
0,6.614911722238446,0.7216651115364379,1.5540755781222215,1.0284925619559264,0.6777540192254254,-0.7637385435194822,0.6383191595797898,2.208165456742672
0,2.0596703404247965,0.8939905665405024,-1.3669145292910931,1.1302281468762025,0.5299619633758712,-0.7657637608237337,0.6388194097048524,1.1596167306651861
1,6.250468673545971,1.2670156409533917,0.6783809753277635,-0.19181425603403757,1.0695941713951336,-0.7677814127853726,0.6393196598299149,0.44057838109196495
0,0.24639689730230332,0.3286517351351579,-0.6270332596758856,0.18987712760869827,0.004022986081808011,-0.7697914794710593,0.6398199099549774,-0.03277679210168246
1,3.2546518183211983,-0.6003963897579253,1.3230414182710477,2.350660528451973,-0.3625825681715231,-0.7717939410223942,0.64032016008004,0.5501240827707636
0,-0.23439322527031026,-0.5376461041840627,-0.07511696274474816,-1.103638206873405,-0.908178645827312,-0.7737887776561119,0.6408204102051025,1.2173405502101378
1,5.227459821550275,0.5096531908833498,1.030645799727255,0.22186956006800923,0.13936747896052226,-0.7757759696642776,0.641320660330165,0.8587249074775319
1,3.7135717558699475,0.5808998706077412,-0.6475290860836443,0.8899739687197723,0.5313955005929359,-0.7777554974144801,0.6418209104552276,1.0548297496560788
1,3.546558015136819,1.3980509406964945,-1.4094988115389524,0.150120905388304,0.87070663918658,-0.7797273413500284,0.6423211605802901,0.22288105836246752
0,0.838664377563589,0.4184304554186962,-1.1103830859646842,0.6559706945400944,0.30722030222975305,-0.7816914819901435,0.6428214107053526,0.7664403509133633
1,4.677286495123187,1.0601682652577384,-0.6066990421057259,0.17268438991189788,0.40463944646797156,-0.7836478999301494,0.6433216608304152,1.215232155941751
0,2.7522600988841566,1.5167710347839571,-1.0248136400360917,0.7536563860216989,1.345173273014558,-0.7855965758416676,0.6438219109554777,-0.1654275617870525
1,2.8493652391190913,0.16480054453110587,1.2004613349521795,1.2825630917298527,0.21235005907100551,-0.7875374904728075,0.6443221610805402,-1.2961264183366932
0,0.3111277424027299,-1.4855586515906856,1.3389104562017906,-0.22140932010039457,-1.0647813063693772,-0.7894706246483535,0.6448224112056028,1.7262106748799262
0,-1.3710683109054753,-1.17927708650058,0.27304647925609304,0.19750667197620375,-0.7639057615428606,-0.7913959592699588,0.6453226613306653,0.5833312409538078
0,-4.7606048706271995,-1.4378028681905122,-1.0341950851642274,-0.055223098700171086,-0.9620958378172522,-0.7933134753163319,0.6458229114557278,-0.4396235245802643
1,5.7590690921790175,1.5915903810140994,-0.11837075316327383,-0.40362804054819607,1.3713977207571797,-0.7952231538434232,0.6463231615807904,0.2340993708309927
0,-2.732870365020229,-0.8474085948289408,-0.6859754110078202,-0.019633244417659332,-0.5710932103445978,-0.7971249759846153,0.6468234117058529,-0.24703907654213636
1,4.589493968474067,1.2318415654122892,1.4540744618242487,-1.1316461240374465,0.5542647788950186,-0.7990189229509073,0.6473236618309154,-1.7050481828429656
1,3.6068252593101726,0.5857319115638746,0.3159435147081929,0.7445184105973752,0.3400527683891781,-0.800904976031101,0.647823911955978,-0.18358848883415652
1,5.588195839181767,1.7152691268390476,0.489436540139685,1.7024497059463062,1.4320505290972925,-0.8027831165919846,0.6483241620810405,-1.4239550198544395
0,2.8154911582028705,1.0030938194878394,-0.3996831187231492,1.704511392981544,0.7936893244989135,-0.804653326078519,0.648824412206103,0.20277574810385463
1,-0.872607448838623,-0.10237026121340073,-2.011321605418308,1.2758541121801936,-0.17392987670024512,-0.8065155860140201,0.6493246623311655,-0.1092649801159642
0,-0.09458353345784332,-0.20003045039326856,-0.7711343497665389,-0.964125049508175,-0.040541010448615314,-0.8083698780003397,0.6498249124562281,1.1335935180599934
1,0.8208669918429716,0.0851677199461466,-1.116632178794185,1.5197707544185122,0.06247800613326911,-0.8102161837180499,0.6503251625812906,-0.12003994696806136
1,3.0603664456095365,0.17526095189885732,0.370254803468075,-0.7154106057876156,0.22201780010459032,-0.8120544849266235,0.6508254127063531,0.37403778134526905
1,0.28981036787122166,-0.5307436711234165,0.0965402757820455,-0.05305953214231739,-0.7019148374349099,-0.8138847634646117,0.6513256628314157,-0.2987350267795858
1,0.6584663670110742,-0.03262829758865476,-0.8016272981075697,1.8461708644688914,-0.2184610119840726,-0.815707001249827,0.6518259129564782,-0.37981829938986533
1,3.6053497991654933,1.6093200620023946,-0.38860889751031363,-1.0719093488661091,1.2369441289428424,-0.8175211802795201,0.6523261630815407,-1.3973978313065398
1,1.048099420004183,-1.7021383108256534,1.5664767521889957,0.8413013447997048,-1.2550310487816718,-0.8193272826305581,0.6528264132066033,0.990444421388537
0,-0.003968066667030867,0.258488139526861,-0.959343059361819,0.2812697757741139,0.2297956272367981,-0.8211252904596001,0.6533266633316658,0.17072211714793697
0,-3.372409184715736,-0.9069528059807551,-0.9179542036291249,-0.15209282377948619,-0.2716224351596841,-0.8229151860032765,0.6538269134567283,-0.5828241525909864
1,2.0188662558635366,0.18703708280488074,-0.22834228588711192,-0.8760409515334419,0.050018230439907926,-0.8246969515783623,0.6543271635817909,0.20837978975090582
0,1.1313590799494653,0.8398557752082007,-0.6991369291289403,0.4225036730414013,0.615206302586605,-0.8264705695819513,0.6548274137068534,-0.41460266036768173
1,0.30848774981779026,-0.05761018045769089,-0.4287473564158551,-0.46379211646728297,-0.16923673064519873,-0.8282360224916322,0.6553276638319159,-0.7241382633290541
1,4.776912324433569,0.7729869198484017,0.5314487039641497,1.0452559033115274,0.3989290436606895,-0.8299932928656608,0.6558279139569785,0.24937187215902348
0,0.34015587999703445,-1.5898394013841861,1.7322241448990525,1.2242895671454315,-1.1474451110087518,-0.8317423633431303,0.656328164082041,1.2150650126584588
0,-0.027964989251460737,1.1069891126654727,-1.7794939072860558,-1.379307115794901,0.4708552026675421,-0.8334832166441462,0.6568284142071035,-0.2694880311335012
0,-2.80161990608865,-0.6031292426481158,-0.01824435092612215,-0.5052629573080306,-0.8536213002083476,-0.8352158355699952,0.6573286643321661,-1.4246815052181145
1,2.842042451368784,0.6224080697923652,0.04143852296539239,-0.31907907909091787,0.6827050427658471,-0.8369402030033142,0.6578289144572286,-0.6146641956261479
0,2.2406418251498446,0.18244809597646958,-0.08393210757250268,-1.1817118279272212,0.08753193830179101,-0.8386563019082613,0.6583291645822911,1.797364827131728
0,-6.874500664534244,-2.585562179123786,-0.1871109551740334,-1.1179037580361453,-1.6101275010380758,-0.8403641153306837,0.6588294147073537,-0.8111442107764275
0,-0.632307787244536,-0.7560641214702215,-0.34037045590512566,0.08866921313528464,-0.525273008003701,-0.8420636263982846,0.6593296648324162,1.1879578647003661
1,3.4265028698365847,0.22050836793540218,1.0041928164198894,-0.20805552574266864,0.16356117799743045,-0.8437548183207887,0.6598299149574787,-0.23897354872551652
0,3.8909986689124945,1.5539760815691257,-0.4651376280223474,-1.6518491256565635,1.1989463906580224,-0.8454376743901112,0.6603301650825413,0.740187321306121
0,0.7340408938975658,0.2872682859036707,-0.1273159323240735,-0.5381253417284089,0.32155904316798495,-0.8471121779805211,0.6608304152076038,-0.1061718487741552
1,0.8819505198822708,0.25769587977073977,-0.00011366593112949744,0.5189048726646717,-0.0747265557822514,-0.8487783125488039,0.6613306653326663,-1.577343809892441
0,-3.347812804008229,-1.412684089629386,0.10749558072187526,-1.206249680738934,-0.7726620106120385,-0.850436061634428,0.6618309154577288,-0.41184330283530624
1,6.840484475528656,1.4311466965234902,-0.17086377675292194,-0.9236015079574844,0.7921935030701038,-0.8520854088597063,0.6623311655827914,2.1120969318582725
1,7.617856421393535,1.8070769951881158,0.999245916099387,1.587674260182447,1.284814526827141,-0.8537263379299559,0.6628314157078539,-0.1317077571245432
1,3.0000018049779817,0.02857504312397509,-0.008678797026818197,1.3172162642806338,0.49962845469658884,-0.8553588326336623,0.6633316658329164,0.5648179912839896
0,-0.5769855492233557,-0.2197570482201158,0.17406088526936936,-1.6210323936631088,-0.1579973311330382,-0.8569828768426384,0.663831915957979,-0.33621697947296764
0,-3.745365013633016,-1.6190497158096595,-0.051453153442334594,-1.3509723423930344,-0.8273889151414326,-0.8585984545121816,0.6643321660830415,-0.1317744533522923
0,1.5007486240093832,0.8833210589564918,-1.0030244214369366,0.3772526785955103,0.5305951903599432,-0.8602055496812362,0.664832416208104,0.32238530472809385
1,7.431916500549913,2.7022793256924214,-0.8299672360741696,-1.1914996974885954,1.9917843568828713,-0.8618041464725482,0.6653326663331666,0.47419772779290575
0,2.8586559282479156,0.7171130747864916,-1.0500071190586107,-0.25278510649892766,0.49219176065042125,-0.8633942290928239,0.6658329164582291,2.2197518598619026
1,5.019544738336862,1.2637035181531975,0.1926485799316557,-0.4512835779321243,0.9464302383283577,-0.8649757818328838,0.6663331665832916,-0.015037754225232791
1,2.0589237280861172,0.542087293708166,-0.7134933948328663,0.5601559767418622,0.19263272325466663,-0.86654878906782,0.6668334167083542,-0.17945904964451928
0,-4.588281690619998,-0.9850158865687554,-1.0613878902918765,-2.528731321682776,-0.8886660842132569,-0.8681132352571501,0.6673336668334167,-0.6613991164494022
1,3.5936465411923164,1.3366726310198633,0.23810589803950327,-2.2025049041988587,0.9814743937767272,-0.869669104944969,0.6678339169584792,-1.3121386562555613
0,-3.86280675085095,-1.2345748994697192,0.525031721027372,-1.2261920999150613,-1.1892811706136102,-0.871216382760104,0.6683341670835418,-1.6086211025459551
1,-0.13743898311201497,-0.21066490566304208,-1.7608091816673654,1.0138779683831725,-0.33209696595264854,-0.8727550534162659,0.6688344172086043,0.6642752862644932
1,2.8851601482991964,0.2788517450025256,1.6896728251351418,-0.1543318298028086,0.3008411867247035,-0.874285101712198,0.6693346673336668,-1.8602536447364035
1,4.983842902725088,0.8829096607766574,0.032281134191682256,-1.7082201962313803,0.47812217222577047,-0.8758065125318295,0.6698349174587294,1.4074160301237792
1,3.5739615736912476,0.41598566543096366,-0.10516734831806547,0.49298940197329305,0.09790968570530523,-0.8773192708444233,0.6703351675837919,0.8602838201320625
1,3.8964015523414863,0.3868345008334123,1.0667751916245618,0.7076800157963773,0.03466358551839582,-0.8788233617047233,0.6708354177088544,-0.2934630693860969
0,-2.525550888218076,-0.7614880684287629,0.06981238713164008,-0.24586258268095768,-0.5239985783003283,-0.8803187702531045,0.671335667833917,-1.1523305514361788
0,-3.526523445692937,-1.289371413960456,-0.6038589598274849,-0.3305517432329428,-0.9933332177936118,-0.8818054817157179,0.6718359179589795,0.030187448470020126
1,4.98327048089633,0.061480668263211365,2.1945743624258736,0.4376370633698223,0.052619144638999846,-0.883283481404638,0.672336168084042,0.024043299027390667
0,-1.3535944848390267,-0.7101947772428983,-1.0743957937297652,1.2094674359887347,-0.5535415595415614,-0.8847527547180053,0.6728364182091046,1.1292454368420788
0,-3.3694431564452945,-1.3077856280692512,-0.09762087405720819,0.1524358428065178,-0.5736562173133684,-0.8862132871401739,0.673336668334167,-0.7394271714618224
0,-1.8262281490525731,-1.265946471501941,0.8471947552849961,0.5330966875033996,-0.9910529653835718,-0.8876650642418532,0.6738369184592296,-0.37524910714736986
0,-2.434979871139474,-0.49012847417311295,-1.0696454810431033,-0.048229734111557836,-0.7450223412611844,-0.8891080716802492,0.674337168584292,-0.05016169219709373
0,-4.467642503794697,-1.852578860174007,-0.1020279742888444,-0.38128546047046824,-1.2937387600426364,-0.890542295199209,0.6748374187093547,-0.27452673993788174
0,-3.1107632806820056,-1.3474687028443724,0.38656490966909474,-0.915928440419892,-0.9624120507024038,-0.8919677206293599,0.6753376688344171,-0.6214457617059793
1,-0.5082824587549402,-1.6351369290692526,2.401647332308271,0.2563039798403416,-1.1337159289560739,-0.8933843338882489,0.6758379189594796,-1.7117052477326407
0,-2.2286401040969013,0.1822594637816633,-0.8927971805622574,-0.30019602601282025,-0.20538386993575605,-0.8947921209804832,0.6763381690845423,-1.6366215542816147
1,2.1426368394993296,0.4079842295184183,-0.047661628331962025,-0.2436355150129188,0.48690144895804327,-0.8961910679978686,0.6768384192096047,-0.672605487624955
1,7.390845723917793,2.0071409631828265,0.6587071306364056,0.9297171324293776,1.379266367077589,-0.8975811611195444,0.6773386693346672,-0.2215254678309282
0,-1.9625463429941872,-1.4975297992323828,0.08104535440995347,0.4880011820388608,-1.076244995906436,-0.8989623866121234,0.6778389194597298,1.0017974883747753
0,-0.47302787780054434,-0.6795969589096627,-1.202847286667234,0.8700988258955245,-0.8040973663366512,-0.900334730829825,0.6783391695847923,2.312329016007395
1,5.978902481842095,0.9126113893228037,0.40812896871561727,-1.5756495489254132,0.7115475872570293,-0.9016981802146116,0.6788394197098548,1.7172097301451645
1,1.9892499503320427,-0.2167738049889562,0.107549945451714,0.558381428839007,-0.18410539666071932,-0.9030527212963206,0.6793396698349174,0.39840692620719786
1,3.5610085730290875,-0.3269979387077995,0.4456312065459862,-0.5898674809715737,0.014965876059493316,-0.9043983406928002,0.6798399199599799,1.8815259583153163
1,7.0271291681214185,1.709169703339553,1.1314661217697302,-0.8082439919395291,1.0957879479186263,-0.9057350251100398,0.6803401700850424,-0.11270889891374099
0,0.061924761440697584,-0.3384061595207278,1.0131963726643585,-0.8521503086407247,-0.4973449408429731,-0.9070627613423006,0.680840420210105,-0.5233649274712124
1,2.2383690222242123,-1.1561948693340067,0.40776237618133027,1.211396022977101,-0.8038779884207313,-0.9083815362722483,0.6813406703351675,2.316573788286083
0,-3.324191595775682,-1.3169399598669396,0.3105861815742721,0.8278638878351517,-1.11946370616305,-0.9096913368710817,0.68184092046023,-1.0633754196045833
0,-0.7994519950142461,0.3356943223139325,-1.0984717153923356,-0.7168998397873012,0.29634419730680883,-0.9109921501986601,0.6823411705852926,-0.41079012938547943
1,1.8034035285477428,0.30524160340596707,-0.13431482417437984,-1.1375732723982577,-0.016895545449619687,-0.9122839634036333,0.6828414207103551,-0.2593910747540176
1,0.36885886643442767,-1.3717023702861768,0.22032159735687146,0.013729697437326296,-1.0049177252742398,-0.9135667637235675,0.6833416708354176,1.4629601485424897
1,-1.6891388488884083,-0.9853962577263109,-0.4010152503431246,-0.4595718682969197,-0.7535163212438367,-0.9148405384850705,0.6838419209604802,-0.5906701963549971
1,4.349117990559052,0.5347126378156121,0.09760872344442734,1.6595620218256466,0.3480596090761311,-0.9161052751039193,0.6843421710855427,0.7848223138609449
0,-0.10984621646083603,0.5772667725251409,-0.8253199186549285,-1.4612808679959643,0.28436358498289277,-0.9173609610851817,0.6848424212106052,-0.4031496820685309
0,-0.8294201978497886,-0.6432220836039892,1.5343263997882344,-1.829854176988158,-0.62771459934047,-0.9186075840233425,0.6853426713356677,-1.2192584743587789
1,6.294012964308593,0.6222162018519841,2.1520792070475867,-0.2557553283836863,0.4043975285540206,-0.9198451316024226,0.6858429214607303,0.2396148480310698
0,1.3064239365629584,0.5718545872905609,-0.3895461621553293,0.010737470523083098,0.2679001705653859,-0.9210735915961044,0.6863431715857928,0.17208063655812766
0,-4.42916332394394,-1.7830817487195436,0.4003585118989163,0.1326178018638925,-1.2380334201281586,-0.9222929518678503,0.6868434217108553,-1.151653541063959
1,0.07592097945350629,-0.3120637504487101,-0.2341592823480538,0.7534227798962374,-0.29094782596432545,-0.9235032003710225,0.6873436718359179,-0.8611728698495655
1,3.8752127031248342,0.41512559112112213,1.262861050940575,2.073335640616348,-0.1658760799282249,-0.9247043251490037,0.6878439219609804,-0.7886444203468104
0,0.46194352223038015,-0.5730757021639871,0.4349968912521551,-0.3423426993686143,-0.4327737538289289,-0.9258963143353139,0.6883441720860429,0.9675544446021255
0,-4.0840995531333615,-2.138931868967707,0.07733350790659438,-0.5443691981046234,-1.246808271290399,-0.9270791561537273,0.6888444222111055,0.46586346219350133
0,-0.6859274736299642,-0.2830147214661213,-0.22366300320901414,-1.759237888044292,-0.1587575090308357,-0.9282528389183898,0.689344672336168,0.2426971228065564
1,4.382481941128314,0.7520931599414118,0.1261273475484346,0.24340562441052063,0.6232433544562118,-0.9294173510339346,0.6898449224612305,0.49488348814024985
1,4.006078624041655,1.5804055858131327,-1.000370545204959,0.8534084859696337,1.1752025828383001,-0.9305726809955945,0.6903451725862931,-0.47143105764982196
0,-3.5367383838637765,-2.190782661253991,0.6755324914946601,-0.2604374795229354,-1.6442455351624246,-0.9317188173893184,0.6908454227113556,0.4821915238614713
1,6.568576165788232,2.6133213455642696,-0.7139949066170415,1.180615034445457,1.5508200573955422,-0.9328557488918824,0.6913456728364181,-0.5998185922247342
1,-1.3471721738466567,-1.1271363310292688,0.5348818791919593,0.03028989638293365,-0.6514477203202942,-0.9339834642710024,0.6918459229614807,-1.3267542191651012
1,3.973182515848835,0.9569708708011316,0.12963513831833504,1.5148531208182028,0.8549236391481149,-0.9351019523854439,0.6923461730865432,-0.6976559982066375
1,6.5091578293196655,1.2341980705343905,1.0949431262477638,0.3331335905337007,0.9542679408340315,-0.9362112021851337,0.6928464232116057,0.21586901161825595
1,4.060757708883805,0.9830173001338016,-0.016992827689987458,-1.0571606593652096,0.7508441317202612,-0.9373112027112682,0.6933466733366683,0.09534787677214425
1,4.502664083612866,0.14961847956037583,1.0230709861662282,-0.6368204579106495,0.16171885530586727,-0.9384019430964213,0.6938469234617308,1.0626907046417937
0,-5.573106004189123,-1.1614176626879231,-0.9223527317780604,-1.5337461760334976,-0.8379482164077868,-0.9394834125646526,0.6943471735867933,-1.6825131950391685
0,2.0768982361541326,0.6265587879860715,0.6094447166785476,-1.7370627887845507,0.47215019731080304,-0.9405556004316138,0.6948474237118559,-0.2139628170115005
0,-1.1703965392822266,-0.7152331767755107,-0.22409652333839417,0.2669149110795772,-0.5178797003981922,-0.9416184961046528,0.6953476738369184,0.40036817665589963
0,-6.080030167563212,-2.5226949434372874,0.19421790271512154,0.86959797449573,-1.722258736401971,-0.9426720890829206,0.6958479239619809,-0.9562817389839758
1,9.142085754743484,2.8288986337162725,0.07174953052553523,1.9542618330782782,1.7777532565810015,-0.9437163689574738,0.6963481740870435,0.2551303785914211
0,2.7525606937128435,0.7081020219606693,0.9362911217747878,-0.05517381159826625,0.35432572542079865,-0.9447513254113766,0.696848424212106,-0.40289419612547367
0,0.8773092853746267,1.8180771284865394,-2.0196125016048723,-0.2368591651031038,1.3631566596615254,-0.9457769482198048,0.6973486743371685,-1.1232918667237526
1,0.9960887785904255,-0.9116228074944426,0.3230817417792985,-1.1090369548882395,-0.7231414309896981,-0.9467932272501453,0.697848924462231,1.1271744190213169
1,1.9328439288927273,1.4675028234118994,-1.4944986408123775,0.9873125410050426,0.5401528504879873,-0.9478001524620966,0.6983491745872936,-1.3821822074988126
1,8.246909336780439,1.5898691581489963,1.2068168345550954,0.38917670111286556,1.117588385832779,-0.9487977139077677,0.6988494247123561,1.0065490316517176
0,0.686833274170026,1.5545495245011742,-1.9727431945609097,-0.5951306979309751,0.6270831522096106,-0.949785901731777,0.6993496748374186,-0.4071492228697007
1,-0.12057504218192139,-0.0212063332121524,-1.0037817838639116,0.688530877614755,0.3349484077799891,-0.9507647061713498,0.6998499249624812,-0.9331670092885684
0,-5.352765852799676,-1.2024620437425992,-1.6738791647067,0.5613488900872303,-0.7221532915654946,-0.9517341175564131,0.7003501750875437,-0.8775417831810508
0,1.0195195601635612,-0.17731280686363585,1.6392360990878605,-1.869951808790086,-0.013681929701715556,-0.9526941263096933,0.7008504252126062,-0.7303922754641239
0,-7.263438456696422,-2.2027691137666046,-1.2889985227889265,0.7426938878917348,-1.6892875335974846,-0.9536447229468099,0.7013506753376688,-0.8402738785007036
0,-3.3127496099296248,-1.702012389403535,0.11391450407396117,0.13610945603926625,-1.428089004658574,-0.9545858980763683,0.7018509254627313,0.2760145090330939
0,-2.095469363196365,0.09193878115026889,-0.5357926540356971,-0.3914763617288338,0.004322070982800283,-0.9555176424000542,0.7023511755877938,-1.8604971807936725
0,-3.160196851654975,-0.991398465768181,-1.7997624043380491,-0.417080244856397,-0.7092168871393538,-0.9564399467127246,0.7028514257128564,1.2466773969330525
0,0.6364865844871576,-0.16444685545475027,-0.33728799501759815,1.748402302841818,-0.2825858685373923,-0.9573528019024984,0.7033516758379189,0.8420026680230339
1,4.166190678532487,-0.10899975140135905,0.6627352508595122,1.5359627176539896,-0.06476529961069749,-0.9582561989508471,0.7038519259629814,1.3945309359850482
1,5.5977628391583885,1.9307270485184007,-0.18426831921081976,1.8259419292257826,1.4649147123667998,-0.959150128932684,0.704352176088044,-0.974913581470708
1,3.634882949139744,1.297626569750945,0.9410799934246291,-1.1486662338660198,1.0049395387988473,-0.9600345830164518,0.7048524262131065,-2.30947081477807
0,-1.0795081043216337,-0.04487258416282581,-0.3619247667528768,-0.6544947738796928,-0.25015864944300614,-0.9609095524642096,0.705352676338169,-0.6160801292481716
1,4.506167995540129,1.2088995341693431,0.006858460747557606,0.9054848451965704,0.4112260980917007,-0.9617750286317204,0.7058529264632316,-0.1598951665586768
0,-1.919789811730301,-0.7797131446903424,-0.38479875401962144,-1.2084675309498907,-0.5638188603375529,-0.9626310029685355,0.7063531765882941,0.3109964598075478
0,-0.7196125208717925,-0.33689702409487016,0.34356830843335223,-0.7202028325434224,-0.38114675112188645,-0.9634774670180792,0.7068534267133566,-0.51017077681303
1,6.05684180967375,0.9102243101173967,1.8989117999519105,-1.8042571540932333,0.7044907902047581,-0.9643144124177326,0.7073536768384192,-0.07576252642462432
1,0.0819146093964116,-1.2416605775709948,0.3622405897176733,1.8530918407952435,-0.5721631385149609,-0.9651418308989163,0.7078539269634817,0.15775796288083616
1,0.27021117602563494,-0.2789807283002251,0.19444126408016835,1.062685253286442,0.10153603400089689,-0.965959714287171,0.7083541770885442,-1.5397889994674283
0,-1.632353746637874,-1.3208458600880442,-0.6184146604352426,0.458513157379367,-0.8878374890416086,-0.9667680545022397,0.7088544272136067,1.813752676056911
0,-1.3266353402708904,0.11747240782797058,-0.755480380564658,0.21922145385079808,0.27693597456427965,-0.9675668435581474,0.7093546773386693,-1.1133688216453652
1,7.92830805657541,1.6325157555894336,1.4640693015964727,-0.41713135777403043,1.4402162102235925,-0.9683560735632782,0.7098549274637318,0.27184045634037524
0,-1.858915600877256,-0.7520968891009723,-1.1122384521291713,-0.3978775481918212,-0.5356219858231547,-0.9691357367204557,0.7103551775887943,1.0872443531409304
1,0.5622250571964144,0.22587949591382886,-0.9131418472525992,0.615686199886236,0.19242703470171305,-0.9699058253270187,0.7108554277138569,-0.7729996284756339
0,-1.941081462140731,-0.8973219016364986,-0.09745115834501938,-0.711778215849153,-0.48245652942626027,-0.9706663317748975,0.7113556778389194,0.012761518828437075
0,-1.029833064195763,-1.1495489432403887,-0.4263104321958682,1.227395156295183,-0.8292545232166127,-0.9714172485506885,0.7118559279639819,1.641670603461323
0,-0.4370671167861623,-1.235849520341746,1.9561890524847385,-0.49257909560774316,-0.9784164917712659,-0.9721585682357297,0.7123561780890445,-0.2715134444727387
0,1.4929459360299544,1.4547520814096038,-2.366231926739252,-0.8734844920065467,0.8570400536530273,-0.9728902835061733,0.712856428214107,1.0550159489556008
1,8.425060010005362,2.362435470617594,0.36136212612769175,1.2980120461987006,1.6375645769578033,-0.9736123871330575,0.7133566783391695,0.3014459875576165
1,4.05425486904467,0.4830437053055756,0.7127104531029975,-0.1439786670037503,0.20181901624812412,-0.9743248719823789,0.7138569284642321,0.23905617057817782
0,-1.8824695213279017,-0.7162929691373378,-1.1204935823116278,0.5548750264914742,-0.3657723564965914,-0.9750277310151628,0.7143571785892946,0.7283061304885802
1,2.3251550555803777,0.7048916343431867,-0.6445771270730992,-0.4149375096007586,0.41254176453682306,-0.9757209572875317,0.7148574287143571,-0.22021652681583864
0,-0.3897719432313277,-0.3343235263430333,0.43260996500272736,-2.2501026590092796,0.029270846939784073,-0.9764045439507754,0.7153576788394197,-0.19828290929949402
1,7.041322355361052,0.8013983475373727,1.6295131000529801,0.5472027535477995,0.7759450287987103,-0.9770784842514177,0.7158579289644822,0.9726975245910453
0,-0.2861639933740709,0.29099363819943935,-0.9205133727845001,-1.3466833750325125,-0.05018346432347326,-0.9777427715312833,0.7163581790895447,0.27299571765661573
1,1.275050771653363,0.27970415085508915,-1.5792222601896697,1.0822298834665898,0.38595901173429104,-0.978397399227564,0.7168584292146073,0.5093534595546398
1,3.000951115668305,0.6072760593752837,0.9724695799010019,-1.5508179427565416,0.3315711073180285,-0.9790423608728827,0.7173586793396698,-1.18319244966734
1,2.247778225107641,-0.5794936369771572,1.52374325866717,-1.8648675452505146,-0.15985721041522608,-0.9796776500953583,0.7178589294647323,0.02913288618801121
0,0.29103264656184513,-0.4043678231128611,-0.33503159135544436,0.30763896544924474,-0.20113992438058043,-0.9803032606186677,0.7183591795897949,1.2247706729177277
0,-5.5887080297869085,-1.7212455900539538,-2.2137867750882356,0.4252704790981441,-1.2296558301275549,-0.9809191862621086,0.7188594297148574,0.9119836471155149
1,3.133137185644466,-0.441869441453459,1.451864469136595,0.10668667925868171,-0.19675056501471905,-0.9815254209406601,0.7193596798399199,0.3570758956436481
0,-4.058744952197176,-1.422332690064836,-0.19853038902095088,-1.2135790513356002,-1.1178955419445926,-0.9821219586650426,0.7198599299649825,-0.5036618834943353
1,2.573277937903858,-0.14468119903994156,1.123898277176077,0.8885319991578632,-0.05408561512943099,-0.9827087935417779,0.720360180090045,-0.5983504145674917
0,-1.769666618731501,-0.9576309493862568,-0.0434818672216186,-1.4646884571042753,-0.6123373268900153,-0.9832859197732465,0.7208604302151075,0.452041752183932
0,1.4162555871684035,0.10123442032130817,-0.3756465462307211,-0.4642628581378358,0.027372370007639757,-0.983853331657745,0.72136068034017,1.4321775066787614
0,0.7559668127556667,0.45323930641573995,-0.45191268708975,-0.78812772844443,0.37589101255449175,-0.984411023589543,0.7218609304652326,0.05760585353631816
0,0.06699544064141394,-1.420122571064877,1.4734450179316787,-0.37767572358483803,-1.1999682951503796,-0.9849589900589379,0.7223611805902951,1.3182968126517653
1,1.7341841391564485,-0.8132790942459649,1.4344512779985557,0.8527803415912049,-0.47789893675616746,-0.9854972256523098,0.7228614307153576,-0.28457405213728043
0,-3.6817880389409843,-0.9433119018353825,-2.137849618778919,-0.6340767971856484,-0.9062776907677055,-0.9860257250521742,0.7233616808404202,1.2151298553109258
1,1.5671704975973428,0.7464934250784422,-0.936254981148296,0.564390537345874,0.626620543397747,-0.9865444830372356,0.7238619309654827,-0.9836822975167313
1,8.547343922550636,1.7063620273868247,1.7770788280379841,0.6941462662652454,1.269874155460233,-0.9870534944824386,0.7243621810905452,0.201894672471065
0,0.5390776715403616,0.8515366153697317,-0.36729345397098967,-1.7110396452655234,0.7167706226293212,-0.9875527543590177,0.7248624312156078,-1.0513981112337876
0,-1.8600168199487674,-0.34941892769912597,-1.3604734036375854,-1.1665806728680146,-0.3651560868369153,-0.9880422577345486,0.7253626813406703,0.6746707792226361
0,4.590426265195067,1.4650063896361285,0.004465737319330513,-0.3833522640961437,1.5899397174187282,-0.9885219997729958,0.7258629314657328,0.5876926351562981
0,-4.43081548520142,-1.5141077364412707,-0.1083667972116881,-0.5921215084022176,-1.1169537124761713,-0.9889919757347605,0.7263631815907954,-0.9333970616228858
1,4.585919963740014,1.4993580521280918,-0.09734503529367135,0.30767152512844603,1.0647791741173207,-0.9894521809767278,0.7268634317158579,-0.7287085187689007
0,-2.7090827644158613,-0.6562142063018171,-0.4795628831362362,-1.9316609593077623,-0.6165506440911789,-0.9899026109523126,0.7273636818409204,-0.42711704291046804
0,-7.786605624800724,-2.7802932151547175,-0.3100769947392829,0.7205911644735291,-1.6870656813865517,-0.9903432612115034,0.727863931965983,-1.4719743015613964
0,5.172713698153296,2.6508047390847573,-0.45590775555102286,0.7445735923273858,1.7528130206957937,-0.9907741274009082,0.7283641820910455,-0.9099775248111995
1,5.196914031820688,1.5780230743235615,0.3339066464786762,-0.16823959227591537,1.280829245635161,-0.9911952052637958,0.728864432216108,-0.8483917864751942
0,-2.7093410840302123,-1.0318837271201073,-0.8127398674458203,-1.3830586511847867,-0.9148863815775092,-0.991606490640139,0.7293646823411706,0.7966521296390879
0,1.790866797902186,0.16900864759315984,-0.2896442987506483,0.0055835168743357845,0.16478906842203023,-0.9920079794666544,0.7298649324662331,1.3975052608525764
0,-0.9203796422558628,-0.21449945225320038,-0.14407389555992348,-0.5374906425960436,-0.23311707854055458,-0.9923996677768442,0.7303651825912956,-0.42838114191728127
0,2.2095732964834696,0.10222080329493188,1.3057409063541205,0.5666396217232621,0.23643701812321538,-0.9927815517010343,0.7308654327163582,-0.2722165428059722
0,-2.473931331299704,-1.4832864375412333,0.37341113409016047,-0.08542054066279987,-1.105684116180949,-0.9931536274664124,0.7313656828414207,0.2288061873602281
0,-1.8440250637781053,-0.681493982666794,-0.1097002801446926,0.7282269201553399,-0.6530558747813974,-0.9935158913970661,0.7318659329664832,-0.505862600070963
0,1.8328711314316828,0.46796128274761895,0.536187970654596,-0.4333221757080978,0.40175231891747654,-0.9938683399140186,0.7323661830915458,-0.26262025487575247
1,3.9206774426698683,0.2226961699555749,0.4061182868760541,1.4426145041306382,-0.08244186719461824,-0.994210969535264,0.7328664332166083,0.8517193668082871
1,5.768252952966192,1.1992385100066276,1.087834856590392,-2.3047607460804067,0.6461723501794933,-0.9945437768758022,0.7333666833416708,0.2451463899061686
0,0.988600504492332,0.07975025742709378,0.5065132124330101,-1.0161753965584812,0.19043393408796092,-0.9948667586476722,0.7338669334667333,-0.069662433356098
1,9.059317973725138,2.3492216858979997,1.7939106955512631,0.4908124158180483,1.2778725782329043,-0.9951799116599839,0.7343671835917959,-0.5566275377879285
0,1.6635951860634512,-0.7157315571686473,1.3446170463331084,-1.5109159302400783,-0.36776716916844354,-0.9954832328189505,0.7348674337168584,1.484794393902256
1,1.9103687552263708,0.2593323919535436,-0.041001409156363924,0.7359315711815871,0.09463714239401794,-0.9957767191279189,0.7353676838419209,-0.5978396032407781
0,-4.893086293136587,-1.916317895933467,-0.4145096418721032,-1.2167196430023652,-1.5258354772776679,-0.9960603676873989,0.7358679339669835,0.13631822391621073
0,-2.4289091159707485,-1.2531331287645449,0.8825557534249039,0.09319785301136893,-0.841348633593071,-0.9963341756950921,0.736368184092046,-1.016303975809654
1,4.935208027928209,1.3285259609313695,0.5166290323892743,-0.9147561371841407,1.0395260892775289,-0.9965981404459195,0.7368684342171085,-0.5786676979521683
1,-0.5293442667662354,-0.9428027674786568,-0.09456896593620655,-0.44120526467016913,-0.7809880849259376,-0.9968522593320487,0.7373686843421711,0.10951796023632969
1,0.8096553752193449,0.5306751740014318,-1.4769515315492654,0.17462381401949528,0.32806173414135953,-0.9970965298429187,0.7378689344672336,-0.37905843958462393
1,-0.08079507478164905,-0.06177085735139875,-1.832373842340399,-0.10473435202637815,0.09867894523402791,-0.9973309495652656,0.7383691845922961,0.5479654807030492
0,-1.5801174146849641,-1.0445489576875715,0.34825855069514056,-0.38131986314123995,-0.5980974916474266,-0.9975555161831459,0.7388694347173587,0.0830498711499297
1,1.0870610424457636,-0.34824927418715956,0.7708422654620234,2.1531160855719897,-0.26296027619779666,-0.9977702274779598,0.7393696848424212,-1.3662213020211436
0,-2.181605852511847,-0.5142336346467203,0.8034354820920951,0.008461770772157403,-0.515221712891093,-0.9979750813284729,0.7398699349674837,-2.29026767024197
0,-1.7490642339545228,-0.4873658684579376,-1.2871717634638586,-0.969960134640108,-0.5295539108860206,-0.9981700757108369,0.7403701850925463,1.0091367635301427
1,4.524677467939985,0.753608210927443,1.0373438424431685,0.9276010331033875,0.4056401899286991,-0.99835520869861,0.7408704352176088,-0.5680937751099853
1,4.403944377653641,0.6523445544165802,-0.5341573155682765,0.8206616748297253,0.5764306675236378,-0.9985304784627759,0.7413706853426713,1.4925971168017749
0,-0.1793715663790832,-0.5774256966270559,0.3884215217738087,1.222924156648967,-0.30357426134193966,-0.9986958832717616,0.7418709354677339,0.02896872579823545
0,-1.607863035886894,-0.907102803839221,0.4166913746683316,1.7872583550970107,-0.5859427834052372,-0.9988514214914548,0.7423711855927964,-0.7486553052651894
0,0.480701606504369,0.2823373345183147,-0.8024864355697198,-0.9393362601662621,0.45268009606473736,-0.9989970915852197,0.7428714357178589,0.5719113480412533
1,0.7683303679064915,-0.10001541175059649,-0.5913250489834989,1.0595218097156585,-0.1349243919176538,-0.9991328921139124,0.7433716858429215,-0.2562928804324825
1,1.7854451860180134,1.0282824624497804,-2.073052743223515,1.1395994139552883,0.6399435133112629,-0.9992588217358954,0.743871935967984,0.026960447189504445
1,5.9432611566338975,2.655293570613392,-0.9167405457459962,0.0003642971974378644,1.7780199241437686,-0.9993748792070504,0.7443721860930465,-0.9137080700909577
0,0.8642877379412894,0.8429244344247891,-1.8025420591537433,0.24516360927008568,0.9437541243534722,-0.9994810633807905,0.744872436218109,0.6517035937314397
0,1.1455205039155958,-0.034730271064206376,0.43735713146789323,-3.0027823123088093,-0.42078804562296235,-0.9995773732080722,0.7453726863431716,1.1081659351027775
0,-0.5766954805245951,-0.17204397087905782,0.06141691606163593,-0.5739494901054344,-0.07285171646574146,-0.9996638077374049,0.745872936468234,-0.5105092183650739
0,1.7160379186932926,-0.8566941204641656,0.9140520690726459,1.7879632560506071,-0.5225497650859391,-0.9997403661148613,0.7463731865932965,1.7954881736758312
0,-2.226907061896421,-0.9066727843825847,0.3565422311893186,-1.7868448873773322,-0.6299742078578726,-0.9998070475840847,0.7468734367183592,-0.5541428853414095
0,-2.460693186242781,-1.003415510501075,-0.6347577186157765,-0.53569338443974,-0.26804477175007296,-0.9998638514862973,0.7473736868434216,0.2629683498000676
0,-1.5842093516999487,-0.39533517140537894,0.34620106574835263,0.2879359825906904,-0.062144440639595344,-0.9999107772603066,0.7478739369684841,-1.6197169247759946
0,-2.8839327632338265,-0.42714344576083985,-0.3904251137498844,0.575563372292435,-0.15986079796513028,-0.9999478244425106,0.7483741870935467,-1.906965989399175
1,6.740563191850205,0.7437307065618273,0.6090616906347722,1.631542340348432,0.34466361339643864,-0.9999749926669027,0.7488744372186092,2.1128989164897902
0,0.949987345535628,-0.39899901500045487,0.3153729657894087,-1.762823545994428,-0.1914340945238887,-0.9999922816650751,0.7493746873436717,1.4364050235019246
0,-0.2684521619973075,-0.1974497164360777,-0.9885732284276032,0.04276636974936904,-0.21441221051764064,-0.9999996912662218,0.7498749374687343,1.1602702190257983
0,-4.018664479483165,-1.2182740255558127,0.0021990796631748185,0.8596719877760195,-0.8502645853586199,-0.9999972213971394,0.7503751875937968,-1.6818532079091795
1,5.779658448776548,1.644575629197004,0.055334046750873604,-1.3136486680662929,1.1834168789932065,-0.9999848720822294,0.7508754377188593,0.2394145978039565
0,1.5182737126667045,0.5069864095865559,-0.30771095225640255,-0.03968924831475718,0.25846771564875504,-0.9999626434434962,0.751375687843922,0.4327427787297543
1,7.744372515733571,1.7888731692239133,0.8949065759978173,1.8847960463611335,1.3661874408600787,-0.9999305357005471,0.7518759379689844,0.09279867190268239
1,6.675157810811314,0.7968857920360226,1.71305090070339,1.3165064287480361,0.8600816955172308,-0.9998885491705899,0.7523761880940469,0.3105692494490069
0,2.6720429011748825,1.489635951913291,-0.3677337130496838,0.5394983111693948,1.233096583267447,-0.9998366842684291,0.7528764382191095,-0.9042474119180061
0,-1.340734563580849,-0.24848752544496672,-0.35069848306693574,-2.614080606958602,-0.13798844613024727,-0.9997749415064627,0.753376688344172,-0.14678399546395057
0,-2.2219528330524065,0.7171608079569028,-2.2480631778791014,-0.13033440228703064,0.13309240730818195,-0.9997033214946769,0.7538769384692345,-1.1251360321655093
1,7.882892320721267,2.705506369509455,-0.12891940683385644,0.38642056579568995,2.0941635277186825,-0.9996218249406393,0.7543771885942971,-0.33587995666877596
0,-2.6695140089530187,-1.2235344616058148,-0.4361827001745741,-0.30847474659445673,-0.6577477723511934,-0.9995304526494934,0.7548774387193596,0.3840449080310212
0,-0.49586763726920047,1.1762689550642216,-2.161179147548235,-0.06543914318151578,0.782793067118585,-0.9994292055239488,0.7553776888444221,-0.768428136619627
1,6.52226684607313,1.6979442184119353,0.2884936692111808,3.0834236817399594,1.094572835996663,-0.9993180845642742,0.7558779389694847,-0.2640146774962136
0,1.7087443570550434,0.4211275777094194,0.5910132047849933,-0.21446851928349694,0.4149358871756721,-0.9991970908682858,0.7563781890945472,-0.4179187148738472
0,0.9508701951063608,0.7652124357168802,-0.7341067371890957,-0.9696300967530391,0.3794795363609789,-0.9990662256313378,0.7568784392196097,0.02731451303402199
0,3.9278093070987414,1.279634467713052,-0.37261232926005544,0.24286729494857237,1.0421165132788917,-0.9989254901463098,0.7573786893446722,0.931506593256508
0,-2.3980920615555354,-0.6702951659654681,-0.9664838127721675,-0.3156733976267393,-0.675968774388685,-0.9987748858035943,0.7578789394697348,0.24810297154603975
0,2.580581869296872,0.4174117281438917,0.7625421251447387,-0.309748153298125,0.11553386290380552,-0.9986144140910828,0.7583791895947973,0.406544835837016
0,-5.151190717086983,-0.888004935618753,-1.517443991457432,-0.087098482694409,-0.621756920496313,-0.9984440765941512,0.7588794397198598,-1.426448165133503
0,-2.0136577124367476,-0.6912470413214244,-0.3132612904382116,0.7740412197661573,-0.7610496738930378,-0.9982638749956445,0.7593796898449224,-0.35060413470122725
1,3.779444890501892,-0.6315627456115833,1.9510721677872758,0.23750559711181538,-0.44468841036598744,-0.9980738110758594,0.7598799399699849,0.8284658046909917
1,0.5360512995508289,-0.14626827269219284,0.0515879340118628,-1.2014431285417804,-0.005133487244550247,-0.9978738867125272,0.7603801900950474,-0.848334971954827
1,2.239991641215645,0.14977563848346317,0.4679318516108233,-0.13270483748948725,-0.14539442601311364,-0.9976641038807956,0.76088044022011,-0.42150971922068137
1,1.9744563715227028,0.4630331670186004,-0.14665412694200206,0.47444809230054413,0.4956556425305685,-0.9974444646532084,0.7613806903451725,-0.9567198358883604
0,-3.3874543989981243,-1.4509086898153556,-1.1744258667335943,-0.4677254463873167,-1.1237701579992945,-0.9972149711996852,0.761880940470235,1.3433350789292284
1,6.413129428889238,2.0267754218405436,-0.03267128721962593,1.1489437992838412,1.519453414430458,-0.9969756257875008,0.7623811905952976,-0.4408477588611419
1,4.620002435134099,1.183528956756262,0.40647367620984265,0.7771281612600413,0.8662650972092073,-0.9967264307812617,0.7628814407203601,-0.7175877972175253
1,2.656791558499983,0.7435627693927573,-1.0226416397994513,-0.9907683822055048,0.43245286017519957,-0.9964673886428831,0.7633816908454226,0.6272912762310362
0,1.0588097536164163,-0.36653039160670736,0.341613916133247,0.31979397832559814,-0.35712926599209177,-0.9961985019315652,0.7638819409704852,1.1084614455729087
1,3.997118602678908,-0.09130666673423081,1.2449100290042174,1.9837748210219595,-0.38675526790818343,-0.9959197733037669,0.7643821910955477,0.5038710619636072
1,5.7998282518777575,0.5611664206332558,1.0696894010399192,1.5601827881912074,0.25992481878628837,-0.9956312055131803,0.7648824412206102,0.9906130956377982
0,-0.5764299805192226,0.42143998639528435,-1.5827452799691324,-0.056271987817686914,0.14819639252527006,-0.995332801410703,0.7653826913456728,0.22093841410505982
0,-4.743701310669885,-1.7210624380768245,-0.9752795890547196,0.8976117330439024,-0.8980356655801354,-0.9950245639444106,0.7658829414707353,-0.11888670167463755
1,1.0710505228319094,0.7592792642700629,-1.6136793222161534,-0.6738632058972933,0.7208614648619299,-0.9947064961595268,0.7663831915957978,-0.43024766755002497
1,9.352669815342859,2.9882475884033077,1.0711552062379008,-1.4480772833134834,1.8327012095955628,-0.9943786011983938,0.7668834417208604,-0.498125385692766
1,-2.202221142031936,-1.8932899501520968,0.6103293507760225,0.5543195603157913,-1.1766131036211442,-0.9940408823004412,0.7673836918459229,-0.58689123166821
1,5.611600069717171,1.019677621634092,0.7031405606707606,0.24653727024748173,0.7538403847809217,-0.9936933428021536,0.7678839419709854,0.37646566558348915
0,0.06572461791037137,0.37850197507595706,-0.8783503055768731,0.5141508151016827,0.19196752942978396,-0.9933359861370382,0.7683841920960479,-0.10391390530493444
0,-1.296144774590599,-0.11441521971153995,-1.1666659596004363,-0.02469917130988712,0.00510566387212473,-0.9929688158355909,0.7688844422211105,0.09585217094541824
1,6.014633668521398,1.4070157400223116,0.07690773196728501,0.32597193569825905,1.1319201333349154,-0.9925918355252608,0.769384692346173,0.6133682953005393
0,-2.566706638508183,-1.213596313080212,0.10098365489903313,-0.5129146104272392,-0.9577928127344504,-0.9922050489304145,0.7698849424712355,-0.04562890907895156
0,-1.6524559824322755,0.16709499277851292,-0.8542534109968682,0.47325853109604893,0.06405674889822818,-0.9918084598723002,0.7703851925962981,-1.3593311149192662
1,4.970669232272351,1.5019546519282645,0.142175885365759,0.8330806365482768,1.0811476469413688,-0.9914020722690087,0.7708854427213606,-0.7820151402035753
1,1.005867080133347,-0.2020985448325452,0.6445680507176875,-0.05840991304311498,-0.3274355282930956,-0.9909858901354354,0.7713856928464231,-1.1094559209080392
0,-2.07183643373992,-0.42926303302657054,0.22801577859004044,0.8141458108226518,-0.26706771411273095,-0.9905599175832408,0.7718859429714857,-1.8962353982813214
0,-0.9665309866954431,0.11797722239794746,-1.0393795366826484,-1.7709425176230114,0.06626057525243578,-0.9901241588208093,0.7723861930965482,0.1123261911214225
0,-4.873242839140923,-0.45675534800482764,-2.112662161513307,-0.786223537252469,-0.44831394142762704,-0.9896786181532077,0.7728864432216107,-1.1895433581980206
1,4.191885534836826,1.5891687302935997,-0.25887994705653294,1.4445138131788675,0.953623197529845,-0.9892232999821434,0.7733866933466733,-1.2735327046522686
0,-2.305839964693317,-0.931847773671157,0.16435491098948854,1.7616730833765786,-0.5960483615646116,-0.9887582088059201,0.7738869434717358,-1.0682661635829191
0,3.1391474528802794,0.8969312703305735,-0.2600838002107136,0.25059651506122277,0.7910153835368696,-0.9882833492193935,0.7743871935967983,0.8793744237588389
0,-3.5153661824019418,-1.286683799566433,-0.4283501365550148,-0.10335486905815357,-0.8396116635532255,-0.9877987259139261,0.7748874437218609,-0.3033044711295074
0,1.7466811327718101,0.6875724027218497,-0.6914451963878855,-1.2679650911675664,0.32015732350056303,-0.9873043436773412,0.7753876938469234,1.0050432034494114
1,2.5957456211547365,-0.10779946957536914,0.7156380116489439,0.3635759697911098,0.06401307957335235,-0.9868002073938748,0.7758879439719859,-0.08284411515928565
0,-6.205745843153182,-2.65516197132188,-0.05237467821051375,0.7784385407495746,-1.827536831392397,-0.9862863220441276,0.7763881940970485,-0.42864585349564227
0,0.8352423957546617,-0.006143153353732409,0.12322057537600152,-1.481789076683086,0.10586965607878443,-0.9857626927050165,0.776888444222111,0.5711160607376323
0,-2.657690527039311,-1.0967837412742523,-0.9715236197872982,0.5588984123859126,-0.5505357339367525,-0.9852293245497235,0.7773886943471735,0.6024369042193572
0,-1.385345801434405,-0.45678151259372246,-0.6204216733480292,0.49066664321384457,-0.4895703655563771,-0.9846862228476447,0.7778889444722361,0.12124533120074402
1,4.8353600016036085,1.581551798649239,0.16379789464794722,0.4408648522200265,1.0802173617277533,-0.9841333929643393,0.7783891945972986,-1.029400331075241
0,-4.377739111578048,-1.1485810870406674,-1.0054178361548107,-1.1275267467457308,-0.916555168033004,-0.9835708403614752,0.7788894447223611,-0.45045745396584147
0,-4.985629578115035,-1.0899504257265902,-1.2592989754781818,0.5418434342705492,-0.9272818987082461,-0.9829985705967758,0.7793896948474237,-1.1743461638306576
1,4.549041874201262,1.4808828568718004,-0.3291510016953456,-1.497940996228561,1.4111756673972051,-0.9824165893239648,0.7798899449724862,-0.2520801839885864
1,4.187034346852294,0.11919692046819659,1.200970772533059,1.4885958169582836,0.25858828420263075,-0.9818249022927109,0.7803901950975487,0.09883462779825528
1,7.182325180478731,1.5847309175915665,0.1909517782609306,0.13518346189356767,0.7781034053206257,-0.9812235153485702,0.7808904452226112,1.4867266040774105
0,4.264566569134689,0.33260737411589053,1.4595995082277389,-1.1636517868081409,0.3120588318073473,-0.9806124344329288,0.7813906953476738,1.4164789929251462
0,-1.0420712649080746,-0.90706467160641,-0.13152265379891426,1.3451862061434947,-0.7394916329823137,-0.9799916655829446,0.7818909454727363,0.6813654140861279
0,1.0955826833860725,-0.06816737185530974,-0.3100653608581901,1.1540104509329874,0.16658845484167983,-0.9793612149314866,0.7823911955977988,0.9582362039647879
0,1.6359279175721404,1.2641284304472291,-1.3922373846886404,-0.6504314488781314,0.9000730132709138,-0.9787210887070751,0.7828914457228614,0.23466747738063481
1,6.585676911525978,0.9675052248511342,-0.5762245463622031,2.2041041695342476,0.6441868091067707,-0.9780712932338204,0.7833916958479239,2.7735871824349
0,3.5741615951618564,0.0009115320758069846,1.4351837371653224,-1.0041425656778329,0.026887026412745964,-0.9774118349313591,0.7838919459729864,1.5304298339093267
0,3.6536495479343936,0.05014367071243192,0.32755027250152297,0.3134194611966448,0.10648516065145597,-0.976742720314792,0.784392196098049,2.647764756567321
1,3.1694981227635384,-0.11570044011517851,0.7331211022396383,1.1824376424437348,-0.07574683084112008,-0.9760639559946194,0.7848924462231115,0.38506815456794247
0,-0.17489150492137112,-0.5946671712463415,0.7050978321526489,-2.2706719766371517,-0.4577015580584147,-0.9753755486766749,0.785392696348174,0.41633495546287363
0,6.2616644286421295,1.9858797493751439,-0.009545439969233559,1.0014629842577074,1.3639566525731552,-0.9746775051620603,0.7858929464732366,1.0552677409676972
1,1.8429158883218821,0.007393170164879609,-0.20480598656356724,-0.06471814857274051,0.1004343104790366,-0.9739698323470777,0.7863931965982991,0.19201611538425392
0,-2.0073978612682852,-1.1629091187923692,0.11918357318192313,-0.015699767604605473,-1.025379892605541,-0.9732525372231621,0.7868934467233616,0.31390870282592087
0,-1.113181349473086,-0.49041754861728876,0.6713020905667964,-1.0768618475124976,-0.3439495599625241,-0.9725256268768113,0.7873936968484242,-0.9834128717982237
1,5.213594114478993,0.7468198607642406,0.457866213507851,0.33152413944416087,0.5000641187759992,-0.9717891084895165,0.7878939469734867,0.9423493712656315
1,3.9265475170884185,0.6595594318782978,0.49197221176693245,-1.1097843068553765,0.3705768402587111,-0.9710429893376917,0.7883941970985492,0.1381672766581283
1,2.4221893674080164,-0.14099903467320576,0.15414417542014286,-0.9684603368187689,0.03870763078562428,-0.9702872767926012,0.7888944472236118,0.8114455542722421
0,-2.67715882905275,-0.6872569566347936,-0.7699339186907497,-0.4477372033981034,-0.722500276436985,-0.9695219783202864,0.7893946973486743,-0.2179555885607242
0,-1.967389720526025,0.024582120939776186,-0.2615954207883379,-1.2273313465210012,-0.05131894270842567,-0.9687471014814937,0.7898949474737368,-1.7727090337726243
0,-4.16180392204254,-1.7206875500530123,-0.9414530761922579,1.572731397653871,-1.3639730481841956,-0.9679626539315977,0.7903951975987994,0.5032101783344627
1,0.9803124681893235,-1.3384432150414223,1.0046578655617662,-1.32871839401522,-0.8352506090855195,-0.9671686434205271,0.7908954477238619,1.1664841598690614
1,-0.4060849847673169,0.821399594139533,-2.102043917571493,-0.7547704427679139,0.4873280203773928,-0.9663650777926878,0.7913956978489244,-1.2773066180705341
0,-2.099762660527013,-0.4927687948123542,-0.21786391540096905,-0.3163622134484175,-0.3360063499559356,-0.9655519649868847,0.791895947973987,-0.968439963312126
1,5.615573306602594,0.385483933892715,2.387211535238167,0.0035706420513062953,0.34156907051511004,-0.964729313036244,0.7923961980990495,-0.2993286663692053
1,4.132640642058509,1.252592533070883,-0.34153455023770524,0.7923313904058649,0.5782062386040563,-0.9638971300681336,0.792896448224112,-0.24552905678182418
0,-1.02807724070532,0.6679124924998421,-1.1347846218060913,0.8183030546449679,0.5518493677201222,-0.9630554243040832,0.7933966983491745,-1.69803022452475
1,3.5226441816813328,0.021189653318113826,-0.01795490971146639,-0.3028587492058487,-0.12508421012613113,-0.9622042040597023,0.7938969484742371,1.7566019840973102
1,9.599391982498807,2.187981864530712,1.289376364145533,-0.3840786068674572,1.4838720564974908,-0.9613434777445982,0.7943971985992996,1.0116422767764564
0,1.156913769094239,0.6864987964126616,-0.16045041775938484,0.035031122259571015,0.45938537362738036,-0.9604732538622941,0.7948974487243621,-0.6150347054956726
0,-1.2584391486800426,-0.36446034394198246,0.6133488006981831,0.8220331461128297,-0.10418511516048459,-0.9595935410101433,0.7953976988494247,-1.8103874508128812
1,4.3418508409664645,0.7526967264568842,0.09995298894656304,0.6974833461499684,0.6646628815484589,-0.9587043478792452,0.7958979489744872,0.3631221069868175
1,4.418382874723473,0.419346493896769,-0.3728730619008731,-0.516366663634598,0.623289373942486,-0.95780568325436,0.7963981990995497,1.9841155783131441
0,2.833044320142698,-0.8799859722813214,3.1502878615712397,-2.0592023524050536,-0.5830390394072202,-0.9568975560138206,0.7968984492246123,0.8286916118065725
0,2.180230942418259,0.07501520407748195,0.07115063763862578,2.1430529339301856,-0.03661173066107474,-0.9559799751294458,0.7973986993496748,1.1547142365464802
1,-0.021334986358782282,-0.16962420039136794,-0.5371577392907193,0.9514356282552693,-0.21272375788671688,-0.9550529496664516,0.7978989494747373,-0.9407706762008188
0,-4.6676319194273015,-2.0215523437034415,-0.48998332977451603,0.26331473657743665,-1.29306346793932,-0.9541164887833613,0.7983991995997999,0.2328749900556724
1,0.6704029871455661,-0.17725145727058092,0.38057449843801755,0.3404424942441919,0.175239256897428,-0.953170601731915,0.7988994497248624,-1.4993777830056445
0,2.1283628676739856,-0.29105534618990875,0.4092174005872378,-0.5215929049533711,-0.14011506542145746,-0.9522152978569783,0.7993996998499249,1.9786517023789052
1,2.134812248867968,-0.45063933502457765,0.7720116130817918,-1.0010578761289386,-0.42316695213033995,-0.9512505865964509,0.7998999499749875,0.5696660591856897
0,-5.561467808031681,-1.691096798191634,0.14114403301787243,-0.3324802855381297,-1.1325424428260211,-0.9502764774811717,0.80040020010005,-2.104991272826669
0,-4.2109071096725526,-0.3646500182510735,-1.431618169953138,-0.22246657244007678,-0.2075071609960698,-0.9492929801348252,0.8009004502251125,-1.8476487532498511
1,2.828909292514236,-0.04080209072452791,0.5319219579638232,-0.625248674880147,-0.02249204621688368,-0.9483001042738479,0.8014007003501751,0.47952057790691216
1,1.497613741577425,0.10479554070860274,-0.3089633389287533,-1.4571514228989357,-0.0654161460568561,-0.94729785970733,0.8019009504752376,0.13762252619296583
1,-1.8491753706010126,-1.1673596004573077,-0.2861001636668046,-0.31257489769682506,-1.2912802562622632,-0.9462862563369197,0.8024012006003001,-0.3109652124680386
1,2.1578577738743983,0.6502266590909276,-1.4829104481387565,0.5765588356922289,0.35488909113387485,-0.9452653041567259,0.8029014507253627,0.6154310266694889
0,-1.2984406638878032,-1.2496713584632424,-0.5735247407462521,-0.49489384913873785,-0.6781303879943464,-0.9442350132532181,0.8034017008504252,2.0071183436396103
0,-0.7177824650804854,-0.23004121509448516,-0.726838214295637,0.021972506298261384,-0.12134447662795045,-0.9431953938051276,0.8039019509754877,0.3656456086935769
0,1.0591131433618706,1.341658720456726,-0.036463843053579005,-2.0707316653338816,0.5266523151834962,-0.9421464560833475,0.8044022011005502,-1.8042176295020058
0,-3.384061267691723,-0.7117573020089456,-1.4534190461785983,-0.20762489099572487,-0.49730088903325587,-0.9410882104508296,0.8049024512256128,-0.15958050803575474
0,-2.2975213665524414,-0.5250016779687878,0.05065629261737359,-0.12195839171675722,-0.7125182692636192,-0.9400206673624834,0.8054027013506753,-1.3117947181036806
1,3.76952563700969,1.1033530773375757,0.12433599078264203,-1.2260892816806201,1.1439745989880998,-0.938943837365072,0.8059029514757378,-0.8050841879264484
0,-2.0073356959398425,-0.3947134948174819,-1.1197678517030292,-1.7295348780197715,-0.2407289959353158,-0.9378577310971092,0.8064032016008004,0.3241376534896441
1,0.14869069286841072,-0.3052563851455138,-0.6246563662981256,0.41182714406104065,-0.43843442207767847,-0.9367623592887527,0.8069034517258629,-0.17224346098491408
0,-1.354228245267061,0.22735868500971498,-0.8575535635412491,-0.809652322593839,0.3081718008863459,-0.9356577327616985,0.8074037018509254,-1.067064839148948
1,5.58997746731177,1.0784191064946678,0.9076144923978153,0.4883652408342217,0.6087679600529405,-0.9345438624290755,0.807903951975988,-0.030034245654514166
0,-9.078484212797552,-2.2646259109564686,-2.5282638988402097,-0.42020751239468135,-1.4803608208414811,-0.9334207592953356,0.8084042021010505,-0.8199220221242741
0,-1.4127506453085104,-0.8511711525341055,-0.343324872527499,0.623207424297662,-0.5917769113671594,-0.9322884344561461,0.808904452226113,0.5250666047611177
0,-4.6336925315070765,-1.0349134408139684,-1.660526752242019,-0.33879566340592293,-0.9448151022783843,-0.9311468990982802,0.8094047023511756,-0.2475510588848882
0,-2.651083692036592,-1.1144134810834543,-0.4316715980246007,-1.5066187204011774,-0.6558869727300394,-0.929996164499506,0.8099049524762381,0.38520143686215685
1,0.5055121906904008,-0.8777834753447102,0.8467408364036375,-0.08646642006305132,-0.8646000336646227,-0.9288362420284747,0.8104052026013006,-0.2735208130117035
0,-1.6592593323013465,-0.8615483089052315,-0.6306112793987408,-0.3282642781884368,-0.35272031115785496,-0.9276671431446101,0.8109054527263632,0.7417640123422048
1,2.7851658676676805,0.3092160512002342,0.13838860882386858,0.6573715668730256,0.2277526415596029,-0.9264888793979931,0.8114057028514257,-0.1428565371091106
0,-3.0630147191964516,-0.9121276954716766,-0.8447748102501275,-0.45059037437616667,-0.8306564729954553,-0.9253014624292488,0.8119059529764882,-0.019896515421494572
0,2.3810969348093627,0.12558427796144458,1.9394826072450306,-0.39307075572760974,-0.25069110063341066,-0.9241049039694311,0.8124062031015508,-0.5726890784993197
1,4.496709438622473,0.41142057487189804,0.9131963290857273,0.8598783999927779,0.5898469908175586,-0.922899215839908,0.8129064532266133,0.13410235976654625
0,-1.319218206876004,-0.7480531806818757,1.1271913864851009,1.1663107938837474,-0.2525711150729914,-0.9216844099522429,0.8134067033516758,-1.7816132668678
0,1.6670053821090687,0.1338761754133952,-1.3281814353407402,0.759444025655175,-0.1410693737385902,-0.9204604983080776,0.8139069534767384,2.6578915377605763
1,4.069547767544611,1.6775191154460816,-1.101078870758848,1.0377900733861982,1.4817648732122422,-0.9192274929990154,0.8144072036018009,-0.6896415754650653
1,4.262887826314533,0.33005396421210825,1.0797575475901164,0.4542063353949807,0.2622534540245745,-0.9179854062064988,0.8149074537268634,0.08954122304845966
0,-1.7495251395286204,-0.6529794238599105,-0.19436818079493018,0.7703539533570805,-0.4984110307333235,-0.9167342502016907,0.815407703851926,-0.48381419779002266
0,-0.4334421184209043,-0.06652061107914677,-0.25792205126173884,0.8782548952252025,-0.06280541699116601,-0.9154740373453543,0.8159079539769885,-0.4978898797635992
0,-0.933625567088148,-0.9379420327921617,0.3337833123027416,0.4037598912786011,-0.7067119801923112,-0.9142047800877283,0.816408204102051,0.3919239975489549
0,-0.9661189086005857,0.27713621736140426,-1.2551770179484478,0.06293283622387696,0.4612759080668569,-0.9129264909684056,0.8169084542271134,-0.5213894848235168
1,4.571899874950968,0.8824491394473416,0.772866856278465,0.14215547648880475,0.64575921532754,-0.91163918261621,0.817408704352176,-0.4390260061528234
1,-1.1352332040390674,-0.8379442947522655,0.018323962682403418,2.4048526174151603,-0.9306885673469432,-0.9103428677490698,0.8179089544772385,-1.3892709364019482
1,1.2742472566813925,-0.21394383528031954,0.4792401455569555,0.013678030026060228,0.24118376513659645,-0.909037559173893,0.818409204602301,-0.9351753237238131
1,2.546342594703531,1.1372961410537146,-0.6706140178832568,-0.23680816344812297,0.9608124803856045,-0.9077232697864404,0.8189094547273637,-1.1809609816683828
1,2.9792130505948156,-0.5084857091926813,0.5132298618792617,-0.36425968030061284,-0.5592975905612234,-0.9064000125711995,0.8194097048524261,1.7895244426787469
0,-1.4587710405014533,0.19210250301024473,-0.7048816294490176,-0.033344636770657535,0.06790530449259247,-0.9050678006012545,0.8199099549774886,-1.3463753039455062
0,-1.946326151485469,-1.046130800054778,0.9543805969045855,0.24420868532195575,-0.9012241832806913,-0.9037266470381573,0.8204102051025512,-1.0859530196849827
0,-0.14638878830257668,-0.8367857772429679,1.1296461871043744,-1.1311307757619147,-0.577045831361536,-0.9023765651317996,0.8209104552276137,0.17992267227484043
0,1.4047767629572754,-0.52346318956414,0.9118856182648053,-1.9805682134059266,-0.2927878181812885,-0.9010175682202793,0.8214107053526762,1.4147825195086865
1,6.054595713378134,2.176320023214294,0.5164636658798996,0.29525023231310127,1.5679044287307344,-0.8996496697297695,0.8219109554777388,-1.7069366496989289
0,-1.68165145311255,-0.40905014133652295,0.6338162546014326,-1.6060531505439988,-0.39808470244598837,-0.8982728831743874,0.8224112056028013,-1.5622596962578166
0,-4.279656353838712,-0.5299586860696227,-2.7059273950864857,0.25871869943913933,-0.5204397633107176,-0.8968872221560589,0.8229114557278638,0.11092664918174025
0,0.5881950807945422,-0.563193528477139,0.8348842057661061,0.14062012728637838,-0.23603814204346207,-0.8954927003643843,0.8234117058529264,0.32309318475606746
1,-0.057570612983985914,-0.16560235405827292,-0.27403986043418815,1.1529066995401485,-0.1347007689080003,-0.8940893315765055,0.8239119559779889,-1.429900633479671
0,0.7904003581051828,0.6559301183529251,0.09494499311582641,1.670196730464159,0.8795071427247533,-0.8926771296569664,0.8244122061030514,-1.8157605894299702
1,0.9960463337985332,0.18949043700352977,-0.2837061423192545,0.367672061205808,-0.01811513059044964,-0.8912561085575781,0.824912456228114,-0.9761990608177817
1,5.620022966498913,2.0578146747003956,-1.3911370136013905,-0.5539444749726915,1.587736314965778,-0.8898262823172802,0.8254127063531765,0.7316578157161274
0,-0.08858477002817444,0.21379444673291043,-0.5386333669942536,-1.1747891820252436,0.15878840784769188,-0.8883876650620036,0.825912956478239,-0.059052945697309574
1,6.656311062038848,1.4474041493565695,0.6585348218222006,-0.7917667090024965,0.8712278292359724,-0.8869402710045287,0.8264132066033016,0.7289463621200597
1,4.404307225476667,0.2767111160248597,1.4173695916490727,0.03997741776409396,0.4481500674161044,-0.8854841144443459,0.8269134567283641,-0.12350344999008638
0,0.5614271188172417,0.6055814984474479,-0.6229222595050935,-2.0693565268568404,0.4469834086858829,-0.884019209767516,0.8274137068534266,-0.04983431813303642
0,-3.638541690010231,-1.4435999397133137,-0.903971484703541,0.07524523931469478,-1.1774670879886382,-0.8825455714465251,0.8279139569784892,0.5966864957006397
0,1.8218800723396156,-0.12705944813917863,1.4517622865081008,-0.012056774242347194,-0.14852863631010912,-0.8810632140401432,0.8284142071035517,-0.13598020804770156
0,-0.4653958128692405,-0.06894774062879866,-0.8825692944050019,0.6444435374444517,0.14178076499565392,-0.8795721521932816,0.8289144572286142,0.21814941534040364
0,1.4162979050268443,-0.24295700689747154,2.0736359610618322,-0.33461707153770126,-0.39887477314701175,-0.8780724006368454,0.8294147073536767,-0.9296152509572302
0,-5.059465017926333,-2.152878627190867,0.050648642788353286,0.10204789834383891,-1.249468740824455,-0.8765639741875898,0.8299149574787393,-0.6182400076654699
0,1.6913714163585902,0.8806244618726567,-0.8834090348967278,-0.7361317091639616,0.7444189885180897,-0.8750468877479743,0.8304152076038018,0.45000211035640264
1,1.8964887679607536,-0.3871503296821815,0.9843376070815868,-0.4640299341965929,-0.32302926206118177,-0.8735211563060135,0.8309154577288643,-0.2586555886650059
0,0.5822410677334987,-0.4380713222463156,1.6933488662846528,-1.7732343461875297,-0.053156004717233585,-0.8719867949351303,0.8314157078539269,-0.7664320454380421
1,0.2669176429785262,-0.25517146104015803,-1.4347475953738504,0.12363983256198163,0.1481858002833003,-0.8704438187940066,0.8319159579789894,0.6383615264332057
1,4.289318708471803,-0.22807918887443684,1.558962088585177,1.5487410008250113,-0.0477373721510231,-0.8688922431264345,0.8324162081040519,0.5271312882875757
0,1.0189435835532137,0.40709842078875075,-0.2814051907034551,0.1626353923568236,0.31685534531600734,-0.8673320832611644,0.8329164582291145,-0.026764927906637946
0,-1.1805818814595446,-1.2710322515652643,1.4863295629308773,0.36583566309110893,-0.5444489121040896,-0.8657633546117532,0.833416708354177,-0.7786428219926428
0,-1.4547052183390312,-0.9310420569169968,-0.38046443247848055,-0.9816304224807558,-0.37217307077398476,-0.8641860726764147,0.8339169584792395,0.8768677077072071
0,1.7170304154717966,0.2906332958993996,-1.5771931584690018,1.4312943656455999,0.03007933092378748,-0.862600253037863,0.8344172086043021,2.4767130252821845
0,0.38833855913820936,0.1455828113203634,0.5019671117052359,-0.7670126540824712,0.06322745603830549,-0.8610059113631607,0.8349174587293646,-0.8422772242589074
1,0.8071069558991903,-0.37665480890873254,0.9265780983781147,0.8017739839649827,-0.30392641370430934,-0.8594030634035644,0.8354177088544271,-1.5617891668655515
1,2.468553964319077,-0.5739124056409823,2.0959628584454064,0.1073353070066678,-0.4786041872046438,-0.8577917249943675,0.8359179589794897,-0.8003839824745869
0,-0.5958780665625367,-0.8344247031699268,1.7235977300290997,-0.9591110708353778,-0.8643106103603218,-0.8561719120547441,0.8364182091045522,-0.9541602581177636
1,1.6820064959270777,-0.0583551638956689,0.6952420594585922,1.0271814923161409,0.12801084934404788,-0.8545436405875938,0.8369184592296147,-1.2855601763826512
1,3.1841616012108536,1.1807324731914441,-0.23770729862436754,0.015379355374657679,0.8421892443141225,-0.8529069266793806,0.8374187093546773,-1.2040660140594706
1,-0.38017722779062535,-1.0580507513790518,-0.5206516306772168,0.17872202859416314,-0.7221380490135679,-0.8512617864999759,0.8379189594797398,0.8258907576898561
1,6.169028078423088,1.5233180466501626,-0.2948729455419331,0.4521404676553538,1.3301077569010304,-0.8496082363024975,0.8384192096048023,0.8374434713154777
1,4.217432434517729,0.8439814653804283,-0.8309322268026308,-0.021506831090550398,0.48491634232424674,-0.8479462924231514,0.8389194597298649,1.4581245894372519
1,1.1355209533830986,-0.45296373730993883,-0.2745520306052488,-0.3787138564058958,-0.3277420383664634,-0.8462759712810675,0.8394197098549274,0.7239787076675452
1,0.0656644763626073,0.7830748754630861,-2.544527423876093,0.46617293225735457,0.5994843955867266,-0.8445972893781382,0.8399199599799899,-0.5001812129520349
0,-1.8570017749500642,-1.4659034168620872,0.17886806595959046,-0.40475725906111915,-1.107190941343817,-0.8429102632988574,0.8404202101050524,1.0616125324794219
0,-4.322997588293566,-1.7315749451612408,-0.02893509938762899,0.06535147759839442,-1.2329175627470377,-0.8412149097101538,0.840920460230115,-0.6346632020463039
1,1.7886656088040591,-1.2897822561511796,2.565874388859634,-0.6676842633673497,-0.7591480203474009,-0.8395112453612273,0.8414207103551775,-0.3707264900266028
0,-1.0548733874055956,-0.4097464653141918,0.7587409908354298,-1.4900950585156818,-0.28844203676511176,-0.8377992870833856,0.84192096048024,-1.1965481207486108
0,0.22154654386116757,-0.3254099689496813,-0.48022023556553617,-0.6731735666607231,0.02189064158064144,-0.8360790517898739,0.8424212106053026,1.2026816539534526
0,0.7586129841508574,-0.51514241714267,0.5647343909413306,-0.495141835900159,-0.5014583179810589,-0.8343505564757104,0.8429214607303651,0.9862215111796687
0,-1.4070429101405353,0.09942269056475599,-1.225766117284389,0.01480742515790213,0.10745308238767584,-0.8326138182175195,0.8434217108554276,-0.4879805617315897
0,-5.613856068560253,-2.1351539077186805,-0.6026919072616194,1.18440129968758,-1.7624059090781286,-0.8308688541733596,0.8439219609804902,-0.33524981502532875
0,-1.182257576884881,0.4953494063515442,-1.8675947131653348,-1.6894701473849802,0.3245542305355585,-0.8291156815825569,0.8444222111055527,0.01038391398983898
1,0.5880654091302757,-1.4193005788923314,1.4362595228687993,0.12859445180154883,-1.125368069474224,-0.8273543177655321,0.8449224612306152,0.17571613464583805
0,0.14432105727194022,-0.6608506052253199,0.593339970208681,-2.211925969745403,-0.20683304562494415,-0.8255847801236333,0.8454227113556778,0.8190729149788019
0,-2.1750585758562946,-0.4128504662929992,-1.175584277134126,-1.0458633748460648,-0.14919118156098246,-0.8238070861389598,0.8459229614807403,0.04062771629931155
1,-0.5521152828151954,-1.156210636742483,-0.060487580657902634,-0.5070666150315258,-0.7137287855068717,-0.8220212533741913,0.8464232116058028,0.3745392949758818
0,-3.3672225020875546,-1.3709996686375883,0.9497681980377854,-2.2530717021994184,-0.6130339342885094,-0.8202272994724158,0.8469234617308654,-1.5261070171818094
0,-1.8604664416953542,-1.0060816652143074,0.49510858154752,-1.8577198654043032,-0.4330065835708112,-0.8184252421569524,0.8474237118559279,-0.32785417213634915
0,-0.8275976535613968,-0.0119236421411786,0.38227703686063674,0.1540426163421994,0.12667469681244506,-0.816615099231178,0.8479239619809904,-1.8194566514993744
1,3.9028019669806433,0.5899821790594377,-0.8578421844076598,0.07775924350633945,0.2832620637612384,-0.8147968885783519,0.848424212106053,1.7556037921621337
0,2.1324608677769987,0.5642351777039467,-0.6372451036821263,-0.1137886343124333,0.12307098972162855,-0.8129706281614374,0.8489244622311155,1.3677376751597496
0,-1.262210774101995,-0.9944910382704913,0.09515234885005595,-0.8037242517295474,-0.7017354636319734,-0.8111363360229248,0.849424712356178,0.6881417894314532
1,2.743984148647132,-0.791577148211955,0.9202555126972911,2.154370330287774,-0.620995277349825,-0.8092940302846554,0.8499249624812406,1.0832330677710695
0,-0.9303341784301944,-0.9206031646499282,-0.8288668872680657,-0.1612464780714021,-0.7661390479067531,-0.8074437291476391,0.8504252126063031,1.9758660001088355
0,0.7391046981151642,0.44981231209647754,-1.1214000337070544,-0.8621108658034503,0.26021214176451385,-0.8055854508918763,0.8509254627313656,0.9111067627411029
0,-4.311711564641839,-2.037420180518552,1.1440299204072717,1.67839849615115,-1.737516498611888,-0.8037192138761771,0.8514257128564282,-1.620200928466906
1,3.658696878444589,1.2383392605822288,-0.9303123324411641,0.6143095732829928,1.1474660551650286,-0.801845036537981,0.8519259629814907,-0.23500223442037188
0,-1.8725397957619159,-0.48480487528966326,1.0771617030198068,-0.3709406248695956,-0.554092814024401,-0.7999629373931727,0.8524262131065532,-2.3825020885255777
0,-1.7623186498688057,-0.7835248638003831,0.24305486196941994,1.192683076608728,-0.6750002517486573,-0.7980729350358996,0.8529264632316157,-0.8434401444112556
1,2.6866769503943395,0.3394537959075636,0.8810473236806646,0.15666728551402667,0.34495418675032563,-0.7961750481383908,0.8534267133566783,-1.273235540913438
1,6.563808004698973,1.0326190551063525,1.744380193474164,0.6431370583811538,0.4161386462716566,-0.7942692954507685,0.8539269634817408,-0.03832569590332294
1,4.126425398158399,0.34258325688492597,0.6886635415394544,0.23480436619205955,0.41338475571259187,-0.792355695800865,0.8544272136068033,0.35916429531144767
1,4.340875278655189,1.0527444573186129,0.7760318939675841,-1.0284253434289399,0.9136962492874867,-0.7904342680940378,0.8549274637318659,-0.9584733664160137
0,-0.5921409374529827,0.13435881665376626,-0.9178351249366532,0.9712046378788782,0.03512689888026653,-0.7885050313129804,0.8554277138569284,-0.3140113187362665
0,2.5995829788531446,1.2296386057077333,-0.6951856812402656,0.16045813731623795,0.6575041367720397,-0.7865680045175357,0.8559279639819909,0.24798826575961877
1,5.2639947474230215,1.245160038618696,0.6439465233080511,-1.0093928753736927,0.7822669231928805,-0.7846232068445078,0.8564282141070535,-0.18860937740459577
0,1.6595729313193825,-0.09947878933206503,1.534260825361999,-0.7629219168309918,-0.4186834231050199,-0.7826706575074743,0.856928464232116,-0.21066696366255835
1,5.014984605664041,1.4392058879269531,1.3921020725474555,0.955348704638406,1.2693322667995643,-0.7807103757965939,0.8574287143571785,-2.4361683689614795
1,4.794211764968588,0.16473370131349793,2.3166654436441685,-0.3693728394274058,0.12554669566791338,-0.7787423810784165,0.8579289644822411,-0.4737825729172254
1,3.2458241488297457,0.08689322030202752,0.3108907726370548,0.04642992138353912,-0.07813736589980802,-0.7767666927956947,0.8584292146073036,0.7590065673879627
1,0.30740170120418275,-0.9214736704473936,0.20278375795737133,0.654528161213312,-0.8163495003335559,-0.7747833304671874,0.8589294647323661,0.22464838087218567
1,1.1331249952892106,-0.28878000578719426,1.0062018544951836,0.12832976171960914,-0.09383513793798245,-0.7727923136874691,0.8594297148574287,-1.516174036220316
1,3.322618950748916,0.7775827458435827,0.01891370627088348,-1.5266063547313293,0.8281550034487055,-0.7707936621267383,0.8599299649824912,-0.3066384842269612
0,-2.485526888532761,-1.3126469097364055,-0.062468362821243545,0.637408861771933,-1.15942092891811,-0.7687873955306188,0.8604302151075537,0.23175467035001016
0,-0.2678559688290558,0.6496240093252744,-1.0473649019626616,0.9383801647831778,0.34616814792277556,-0.7667735337199675,0.8609304652326163,-1.008443754776701
1,4.6974038730941,0.34861595126946426,0.9912201430814315,0.8666428782655594,-0.08822598226348585,-0.7647520965906792,0.8614307153576788,0.6395096859336097
0,-0.746850383379299,0.2775614162501203,-1.0719977713969202,1.6168120960041281,0.322000386994318,-0.7627231041134878,0.8619309654827413,-0.8363079876240299
0,-4.353557082700787,-2.2064921954239676,0.5122600918085745,0.36427932049420003,-1.5149618353844363,-0.76068657633377,0.8624312156078039,-0.36616602783205093
0,-1.418063013695712,-0.1032429196345987,-1.4191742429562317,0.7770350916811576,0.35475148039034776,-0.758642533371347,0.8629314657328664,-0.144426950249988
1,7.391293548474247,0.648260007690957,1.0963366130674663,1.5892986336787442,0.43062873737119073,-0.756590995420288,0.8634317158579289,2.190652796137783
0,-3.1397893158357313,-0.7629549569181814,-1.0288078232676383,-0.2907278670327907,-0.6164569215899465,-0.7545319827487065,0.8639319659829914,-0.3564819959218933
1,2.9291189154129467,0.090306699097783,0.8434821789034295,1.736374700339128,-0.07090906609119871,-0.7524655156985628,0.864432216108054,-0.6069885108913465
0,-6.099440022344346,-2.3780732690682194,-1.58933546878418,1.7346462836594692,-1.5032812454006543,-0.750391614685464,0.8649324662331165,0.6796849823389761
1,2.449915964262914,0.6713930362884684,-0.43981604210381786,0.7830896989180826,0.1618739013207664,-0.7483103001984591,0.865432716358179,-0.5072575972351575
1,2.5203666803473737,-0.6624328096757435,1.1783454033039586,1.8396876152050028,-0.321704341681711,-0.7462215927998386,0.8659329664832416,0.15697780774687292
1,0.8547320775572342,0.8713569475667259,-0.8053456196134939,0.8519392401462043,0.6566574199578842,-0.7441255131249322,0.8664332166083041,-2.28979805947104
0,-3.7548914863586282,-1.8427862759322255,0.0671910109153925,-0.8807029775779293,-1.3856190555634054,-0.7420220818819029,0.8669334667333666,0.26150280583099905
1,3.0424646753686155,0.692267388325644,-0.47843099622072677,1.137389449539921,0.313724359797197,-0.7399113198515427,0.8674337168584292,-0.05596322341853346
0,-4.268476101815719,-0.2369392876523166,-2.309430296692904,0.3263984895555787,0.033823527460601716,-0.7377932478870697,0.8679339669834917,-1.3267784214823044
1,5.830266849027655,0.8076037976689606,0.3080590788679042,0.4134798896926503,0.9178440498374396,-0.7356678869139187,0.8684342171085542,1.319977970956673
0,-1.4463216974444575,-0.9257097871121,0.432258499559838,0.15460335500310096,-0.7324340968254109,-0.733535257929537,0.8689344672336168,-0.27526811130382406
0,-2.349690227252478,-0.6184570247432196,-1.1077722425842267,1.359603802227077,-0.33263972935846453,-0.7313953820031747,0.8694347173586793,-0.2327414870435105
1,6.89551553705164,2.242451344822542,0.573686296689568,0.5523647845708028,1.8998564187332647,-0.7292482802756801,0.8699349674837418,-1.3507930139847202
0,-4.389061210728382,-0.8299521504372301,-0.7956951040253474,-0.6958005719363004,-0.698462952390619,-0.7270939739592868,0.8704352176088044,-1.6623205353723756
1,-1.5389245633127973,-0.7060272074078802,-1.003396871306787,0.4858139424183955,-0.5419573904937705,-0.7249324843374059,0.8709354677338669,-0.6053456572805594
0,-1.7132516045048272,-0.2765820371650829,0.0068535500822809675,0.7292681266963985,-0.424873145477648,-0.7227638327644176,0.8714357178589294,-1.5598721916245428
0,-2.5367667275455292,-1.0225587258203659,-0.6814149440787549,-0.7255842746766815,-0.7438093469236448,-0.7205880406654565,0.871935967983992,0.453000898397581
1,8.47363829842485,1.1904567863502933,2.292433604913795,-0.4342670488881648,0.8178606756433345,-0.7184051295362018,0.8724362181090545,0.8315184065313445
0,1.703477618612316,1.7250133142042525,-1.5549216316024017,-0.38305933037077444,1.1281587988138684,-0.7162151209426671,0.872936468234117,-0.6723411794098694
0,-2.0724692228156503,-0.7041060665833361,0.738440012231028,-0.6073341339914697,-0.6330940717530399,-0.7140180365209831,0.8734367183591796,-1.6466971755900413
0,-2.821652851216217,-1.7260321790132926,0.9889073071286287,0.3487924806901823,-1.508606178286736,-0.7118138979771859,0.8739369684842421,-0.4318666237552102
1,1.1206813549178074,1.1719773029907548,-1.979271125124357,1.017745806714961,0.5651389349205289,-0.7096027270870046,0.8744372186093046,-1.0983460428010545
0,1.2295714572803373,1.1083905117917274,-1.7324841310101642,1.892369041698879,0.5904313400044275,-0.7073845456956425,0.8749374687343672,0.12855819562992607
0,3.566728631906418,0.8216591921785865,0.5623908931775179,1.1946867486874095,0.6968879762065476,-0.7051593757175632,0.8754377188594297,0.141381017521099
1,3.7474289526275855,1.1565114347489136,-0.4815117676889403,1.0220852806783203,0.7128907597362988,-0.7029272391362734,0.8759379689844922,-0.4648004769344482
0,-0.8926565642755157,-0.8675252658238027,0.3835628525288321,1.1431991900142833,-0.7690189901230153,-0.7006881580041082,0.8764382191095547,0.034550719722580524
1,4.382185656305343,-0.1684964086719397,1.1394470690109046,1.3352848603074026,0.006707981381210676,-0.6984421544420092,0.8769384692346173,1.00163127366864
0,-1.6272670265144327,-1.3841096043405485,-0.3721482053359088,-0.37671057559501087,-0.8619795110015077,-0.6961892506393077,0.8774387193596798,1.6644457510429587
0,-4.742473649067338,-1.4181628295858129,-1.0639656908796853,0.693604296344459,-1.136063569890616,-0.6939294688535081,0.8779389694847423,-0.5610906193166009
0,-0.08683631724497487,0.981101307269532,-2.729441031296119,0.3222355734010722,0.5676997558769961,-0.6916628314100636,0.8784392196098049,0.6827484217832617
0,-1.0844582204041657,-0.6719132624431084,0.20459970089566218,-0.1293468814094249,-0.34477384093437674,-0.6893893607021574,0.8789394697348674,-0.2773260956695627
1,4.966178531833833,2.2795715940200587,-0.9286156394188744,-0.45495117951936204,1.6650920542897931,-0.6871090791904839,0.8794397198599299,-1.0970753364176133
0,2.113477905841072,0.07418010998257193,0.31338529087532985,-0.505277895161858,-0.10699721492602565,-0.684822009403023,0.8799399699849925,1.2417296030572922
0,-0.4108438741057444,-0.6404248152337142,0.23162237397902036,-0.2679902454392487,-0.40255426348923884,-0.6825281739348186,0.880440220110055,0.35244225917986116
0,0.39785669768102605,0.7978852037063576,-1.3844677963457483,-1.234770477420006,0.5529267113504864,-0.6802275954477583,0.8809404702351175,0.10026534991384586
1,8.9713548559662,1.8012623575993727,1.723875884739011,0.5217123594102492,1.4728098996984027,-0.6779202966703453,0.8814407203601801,0.3141320138045575
0,2.734295824425658,0.48613095942514734,1.0832582954650423,-0.021884911152799502,0.1751835563251643,-0.6756063003974759,0.8819409704852426,-0.20312297843901972
1,-0.7713153006694285,-1.2171451707936498,0.8482713805540335,0.1060244021884768,-0.6839522094116065,-0.6732856294902142,0.882441220610305,-1.0935090848092615
1,3.1508091905619127,0.37100280188506274,-1.1844729159685918,0.3386901890235925,0.3419727771187522,-0.6709583068755673,0.8829414707353677,1.7345931491024587
1,5.5866619520492025,1.3755980610667298,-0.4074302835657528,0.7249220337482397,0.7708439140091302,-0.6686243555462564,0.8834417208604302,0.858617797288799
0,-1.188932009757907,-0.4932409490262948,-0.5469295231912685,-0.5917555672414367,-0.144488484816269,-0.6662837985604906,0.8839419709854927,0.22225036967080208
0,-0.8899096523232234,-0.7736419574112767,-0.41476048522221187,-0.1062753935938421,-0.368353628191298,-0.6639366590417414,0.8844422211105553,0.9242873395930346
0,2.20292763668401,1.016447911362902,-1.1241077364518592,-1.6085025763691243,0.4602186035119819,-0.6615829601785101,0.8849424712356178,1.2444494786698863
1,2.3772747996822914,0.13996774050198107,0.43464700782910043,-2.2198582959528195,0.47571178133395126,-0.6592227252241015,0.8854427213606803,-0.2409077496808182
0,-1.7643846281618085,-1.1025421026827413,0.22923352680095238,-1.9404934079853244,-0.9903280509936334,-0.6568559774963947,0.8859429714857429,0.5458268984080874
0,-0.08228805792099031,-0.37974660158154183,0.36537218452320414,1.536820824240777,-0.4410475385910677,-0.6544827403776101,0.8864432216108054,-0.3655629123995717
0,-1.7446400053420055,-0.7556624909659566,-0.5059497784276817,-1.826378066248565,-0.5904847126387525,-0.6521030373140797,0.8869434717358678,0.6031798749620338
1,4.229463764633247,0.29626866487042075,1.29101826021377,0.4721959979665782,0.3543431998622628,-0.6497168918160178,0.8874437218609305,-0.295581779737324
1,5.228898550496825,0.10968451349353867,0.18774146549028542,1.4772200189697453,0.1879955680271947,-0.6473243274572843,0.887943971985993,2.3926323344048166
0,-0.8705099706204036,1.1504470430602267,-2.737820097539403,-0.45776933574851236,0.7872344621127809,-0.6449253678751548,0.8884442221110554,-0.3985125279059856
1,3.751305545498318,0.7096650419812458,-0.6401138146680493,1.6297986239938065,0.7576452388944931,-0.6425200367700858,0.8889444722361179,0.47430819294208504
0,-2.4327440177932447,-1.5635339940293727,-0.05700193601323242,1.8472758490641719,-1.0171426337753284,-0.640108357905483,0.8894447223611806,0.4216861970569416
1,4.1442019390725715,0.4069905314552761,0.9653258810215546,0.9453384725141402,0.5515159695874483,-0.6376903551074626,0.889944972486243,-0.3762103364275644
1,5.34295404879301,0.8969323196734048,-0.30071893746793515,2.3726051020311196,1.1665047356102973,-0.6352660522646181,0.8904452226113055,0.8947414111002676
0,1.2525680215831505,0.45587926703288406,-0.25008556960755673,0.6227327601907534,0.3561028780226913,-0.6328354733277859,0.8909454727363681,-0.12501571559122815
0,1.2027260637190138,1.030059659279482,-0.662816261816396,-0.7284757225348709,0.22842094560515475,-0.6303986423098049,0.8914457228614306,-0.4534169946535832
0,0.08518311592228989,-0.54957699267009,0.6655533312968765,0.5241040668497012,-0.471315822608239,-0.6279555832852814,0.8919459729864931,-0.04004765110100472
0,-3.3089659234728273,-0.9508318272858517,-0.4475872036585079,-0.44071649363116516,-0.871610100972552,-0.6255063203903533,0.8924462231115557,-0.7923279034377599
0,2.7966457816225203,0.9300700252424973,-0.6034502411563222,-1.2999087230777064,0.6686966104466963,-0.6230508778224471,0.8929464732366182,1.1549504527323482
0,-2.6377266620956767,-1.0654646714857103,-0.7421559232520144,-1.2723438098714388,-0.7271102349061273,-0.6205892798400412,0.8934467233616807,0.5835166998103898
0,-2.5719949994447955,-2.159537532777703,0.556581474538103,2.3161192669930624,-1.746871038559839,-0.6181215507624286,0.8939469734867433,0.9403828856237644
1,2.100510068131362,1.0252999446570168,-0.5329746595908769,-0.5361486770511275,0.4964968071437281,-0.6156477149694721,0.8944472236118058,-1.3924365621076897
0,-3.185281465611915,-0.7241849256687074,-1.675897443561961,-0.01833075231570983,-0.5575681051101286,-0.6131677969013664,0.8949474737368683,0.22916610969729095
0,-0.3745653689968341,-0.306066201009667,0.6226567571791163,-0.6569755613882731,-0.2519815125956931,-0.610681821058395,0.8954477238619309,-0.8103858811897178
0,-3.876602364459825,-1.3979793482304121,-0.7013361745773419,0.14517864358372606,-1.478861450901284,-0.6081898120006911,0.8959479739869934,0.044755704488248615
1,0.6264523570400679,-1.325527587005121,0.3570027287853869,-0.23031881392594145,-0.7408470984116733,-0.605691794347991,0.8964482241120559,1.2323091891023181
0,-1.5955675157869789,-1.156588841975608,0.3737851542918249,-0.4011480340340093,-0.803654597651787,-0.6031877927793927,0.8969484742371185,0.21531301620395416
0,0.7579423804185697,-0.3606498517318112,1.2036069753849026,-1.2017530978584878,-0.25437516257321496,-0.6006778320331142,0.897448724362181,-0.21719517852237827
0,3.5539589881449616,0.3699990761559306,1.0445304192171838,-1.4025871335231097,0.3161216164656901,-0.5981619369062449,0.8979489744872435,1.0783866954969632
0,-4.922388715936313,-2.2978112157574073,-0.5750296008596302,-0.7329951566335065,-1.8056393930335424,-0.5956401322545026,0.8984492246123061,0.9691931192933836
0,3.9158122757208287,0.7521731746180224,-0.1663845850941834,0.30435314977298034,0.5167271525775947,-0.5931124429919906,0.8989494747373686,1.8066755188139525
0,-5.33684808576349,-1.181998162788601,-1.2904060742868677,2.0887303449565766,-0.6273082326065558,-0.5905788940909467,0.8994497248624311,-1.9021320930466006
1,2.2811848674083284,-1.0663117579540622,1.677332657137839,1.0661542062651446,-0.5387251405437994,-0.5880395105814987,0.8999499749874936,0.2858295162330833
1,4.1254852437516245,0.6778553880749938,0.4416272147921844,1.8367366957386624,0.5636231381778187,-0.5854943175514198,0.9004502251125562,-0.4579415696219303
1,2.799669050052578,-0.07463393251439393,1.394418722263127,0.49937776975175696,-0.1061435173655993,-0.5829433401458755,0.9009504752376187,-0.9159183121320125
0,-3.5392336914293363,-1.536433786240688,-0.31899618316650463,-0.07234873249879811,-1.2341808394281637,-0.5803866035671792,0.9014507253626812,0.07371492137995424
0,0.8396425758842807,1.8445926872343728,-2.049144426962762,-1.3096897493823103,1.5463291845054554,-0.5778241330745407,0.9019509754877438,-1.2039246410843267
0,-1.7438782235095218,-0.860621604940783,1.5317126573973903,0.01813116301448135,-0.5010375927898576,-0.5752559539838203,0.9024512256128063,-2.274882363379946
0,-0.19940322433974178,0.24731595194748676,0.093117608770828,-2.128220891248896,0.09125975681264929,-0.572682091667274,0.9029514757378688,-0.9438593874407286
0,0.5830130272956716,0.19989034860785518,0.13318510355298108,-0.28349484167047406,-0.2804436168527974,-0.5701025715533049,0.9034517258629314,-0.3026471014850154
1,7.4690601322491,1.4113271618631944,0.05546316499696648,1.645378208315583,0.8193691394012754,-0.5675174191262147,0.9039519759879939,1.8250083132031651
0,-0.6017828463809303,-0.45566883544588754,0.6446741234786517,0.34672956496128093,-0.6929931765377668,-0.5649266599259469,0.9044522261130564,-0.7627833079796024
1,4.21461660349414,1.0080896843825944,0.5331332843756863,1.146768100535126,0.9474241142076854,-0.5623303195478371,0.904952476238119,-1.2099931115535805
0,-5.3711306003638075,-0.7418895223181268,-1.590536551165916,-0.3631393670945111,-0.48277838207835105,-0.559728423642362,0.9054527263631815,-2.0188089929337134
0,3.827344779632761,1.122128858502219,1.0868934551323544,-1.356767190733155,0.6407985675844399,-0.5571209979148821,0.905952976488244,-0.39297457061250984
0,-2.365885825645528,-0.7629846295818387,-0.5289537416914302,-0.45910571941957967,-0.5878999265535646,-0.5545080681253894,0.9064532266133066,-0.2814438200073373
0,-0.6583128041329466,-0.3622090986144956,-0.4670480462036788,-0.37625502896331947,0.25161179229464486,-0.5518896600882555,0.9069534767383691,0.10688916548497132
1,7.594161263869488,1.895966547899031,1.7274287430871647,1.2264452987511083,1.5638108018396861,-0.5492657996719718,0.9074537268634316,-1.487334664083049
1,3.424219289343106,0.31697138811833864,0.9205586078807214,1.9967320766544945,-0.03986296679316237,-0.5466365127988971,0.9079539769884942,-0.8034644506308561
1,-0.6283891413380105,0.10975897270269167,-0.3381855529429005,-0.718742357141103,0.05132908404393847,-0.5440018254450003,0.9084542271135567,-2.308672236300583
1,4.814290408617317,2.242049275012055,-1.8563921407404527,-0.33689059249549735,1.3294653581828486,-0.541361763639606,0.9089544772386192,0.126764714607627
0,-0.22372702159904456,0.36135667403348204,0.16163727059626615,-0.1229164666467122,-0.08335545207133171,-0.5387163534651336,0.9094547273636818,-1.610583841509343
0,-3.5327236393513775,-0.8161373077286054,0.5386558218553922,-0.32588821459891676,-0.5373180064092582,-0.5360656210568414,0.9099549774887443,-2.7880362553624605
0,3.2544185111827897,0.7346279982945126,-0.08053550884619903,-1.2205517734082527,0.9858802920687142,-0.533409592602571,0.9104552276138068,1.1189607169991267
0,-3.2340371470677476,-1.1816809170080982,-1.2460390594568356,0.11673790352573905,-0.522126864657297,-0.5307482943424837,0.9109554777388694,0.4639247086208064
0,2.539091535997171,1.1283165387439176,-0.7906879653524647,0.38621377976283083,0.7983568384568922,-0.5280817525688039,0.9114557278639319,0.31006501848438245
1,3.5815867772924745,1.2059777598201684,-1.2552211059990062,0.41032887412044017,0.7705901020810185,-0.5254099936255612,0.9119559779889944,0.3092896720761179
0,-1.8338818388426588,-0.5729591785412275,0.21539653279310939,-1.181623976276119,-0.36165982481721143,-0.522733043908326,0.9124562281140569,-1.07649559917773
0,1.2322324617439147,-0.6279018492838488,0.8194169532093152,-0.08867749741198515,-0.23701385879885126,-0.5200509298639507,0.9129564782391195,1.0324605333326866
1,2.200032226097318,0.17650426235091057,1.025398978085778,-1.7144254659709237,-0.1626759765026331,-0.5173636779903109,0.913456728364182,-1.0892541309462567
1,2.9849279142244267,0.01415515177896439,-0.7322278897157988,0.9392456265991329,-0.3564400966084159,-0.5146713148360389,0.9139569784892445,1.8704947890343802
0,-1.2921349232172124,-0.9776876168663451,0.23502528320455507,-0.99357562035111,-0.31555310192962055,-0.5119738670002645,0.9144572286143071,0.18489983176180658
1,2.178057914374288,0.5680878663188149,0.5540697937976037,-0.24803982199597288,0.4526093067592484,-0.5092713611323508,0.9149574787393696,-1.8853153265888247
0,-4.030601591552545,-2.04187569626381,-0.5111491383523914,-0.4222254386834109,-1.1140629134301692,-0.5065638239316338,0.9154577288644321,0.827997826691555
0,1.1661707106972392,-0.43285945825707295,-0.1485073849502494,-0.5561676349340259,-0.25634309564969104,-0.5038512821471542,0.9159579789894947,1.9323180913046074
1,3.488239503613635,-0.4039409648569437,2.1238663817374928,-1.0314722072404523,0.007452398166334695,-0.5011337625773953,0.9164582291145572,-0.29528813761598866
0,0.776052129560813,-0.27326555152247795,0.20512301348010578,-1.7396839414781378,-0.31144613264455473,-0.4984112920700206,0.9169584792396197,1.0257148614726186
1,4.053218340557462,0.30722390537572075,0.882958924009028,1.761162384630103,0.31291806633319497,-0.49568389752160397,0.9174587293646823,-0.2525541581147887
0,-3.374197117506931,-1.2280224264191328,-0.4348342857464509,0.2842760875494263,-0.5543195014359708,-0.4929516058773662,0.9179589794897448,-0.6682694741249182
1,1.011109351070711,0.588515083235814,0.041757441406273826,0.2944516198729278,0.6129260565782918,-0.49021444413091114,0.9184592296148073,-2.6221863541764927
0,-0.5380154703095159,-0.18015401532168407,-1.7143289089975862,2.1281863572747555,-0.2167177224047074,-0.4874724393239543,0.9189594797398699,1.1960915676273292
0,-1.4335618711345246,-0.6502161118136258,-0.025069817584577467,-0.07109826175658558,-0.27891054522146774,-0.4847256185460581,0.9194597298649324,-0.48533822009444044
1,0.768257855604186,-1.3668261344956103,1.1922779660243443,0.5823412912099418,-1.08781019089521,-0.4819740089343667,0.9199599799899949,0.3399858126516867
0,-0.8155341977793708,-1.183109271732618,2.098898578448958,0.05094534567103886,-1.1093564023773161,-0.47921763767333286,0.9204602301150575,-1.173721428964342
0,2.290159976378206,0.3603247720292538,1.1966410277468302,1.2174989373205727,0.3554689767352538,-0.47645653199445287,0.92096048024012,-0.9486123160326104
0,0.49242726862612485,-0.9638491095421181,0.6868559488347655,0.5322865680200921,-0.39851847818734853,-0.4736907191759956,0.9214607303651825,1.0778297493945839
1,1.9897348703419921,0.06419869785194916,0.052964334552317326,0.3451514627667203,0.2126650547170537,-0.4709202265427366,0.9219609804902451,-0.4259951083270174
1,3.1499332630040477,1.0619829547581245,-0.5999691273614508,-0.22435654461806984,0.49489737621329655,-0.4681450814656829,0.9224612306153076,-0.4406988818087068
1,3.111284628359607,1.0326426153462447,-0.16027152315849305,0.31086020539615805,0.8945737908685337,-0.46536531136180537,0.9229614807403701,-1.3000892614798727
1,6.98651280836039,1.560396960762825,0.6128360286792118,1.195109006887656,1.2265329844934736,-0.4625809436937701,0.9234617308654326,0.17082569286254065
0,-0.8846309444269164,-0.2962933235178116,-0.785142932315272,-2.0452883806567543,-0.2983416208442222,-0.4597920059696623,0.9239619809904952,0.7400152067648224
0,-1.5541663233212535,-1.0851490718187962,0.9331250134763664,-0.09737797310367063,-1.2513534030138362,-0.4569985257427168,0.9244622311155577,-0.4995712895755818
1,2.9645659409761294,1.0205255103878337,-0.9841160247409937,-0.3859988387270635,0.9152632464166894,-0.45420053061104854,0.9249624812406202,-0.22629844016398706
1,-0.7615813938135358,0.3096038505045697,-1.7792439071134072,-0.2683077211475841,0.39217357869507097,-0.45139804821737484,0.9254627313656828,-1.2598703925011887
0,2.901733123700188,1.1239506500774197,-1.0120990238514636,-1.943837107011682,0.8852066735996538,-0.44859110624874554,0.9259629814907453,1.3651093747312353
1,-0.763294391842092,0.011056071054014804,-1.6653806327439367,0.7635531603262222,-0.3351288709868436,-0.4457797324362681,0.9264632316158078,-0.6571166345471079
1,2.574445745964777,1.1956460244626361,-1.3723357604870405,-0.8131701093058008,0.5418248885335134,-0.44296395455483656,0.9269634817408704,-0.19359174671466203
1,7.223872157885872,0.8463874200542665,1.1321334096410398,-0.194534098659521,0.7930596744025936,-0.44014380042285245,0.9274637318659329,1.6482512615282627
0,1.6987563685342157,0.7164209034176229,-0.2001518839115651,-0.47134053483292443,0.6606459846500676,-0.4373192979019524,0.9279639819909954,-0.2643398816020574
0,0.1528368167027263,0.5035228777965483,0.21858026797180113,-1.637438080881275,0.4504807275045226,-0.4344904748967351,0.928464232116058,-1.5914617387839092
1,3.424532180400075,0.3976990125291121,1.158113560423026,-0.41357924357099446,0.22943574384882523,-0.43165735935448113,0.9289644822411205,-0.9647111850601768
0,2.022790657287651,0.23303580701466686,1.2591016819088798,-1.8092009642066573,0.24127944820448222,-0.42881997926487897,0.929464732366183,-0.3961596271779092
0,1.9470475328055357,0.2259062395290506,-0.5045956622643581,-0.9098745537202989,0.05060927539389308,-0.4259783626597509,0.9299649824912456,1.7496802000378895
1,6.213919494816672,0.9901945955597038,1.3285646423852435,-0.282443598294369,0.6311159772608645,-0.42313253761277164,0.9304652326163081,0.1881737143854595
1,1.015423012399821,-0.5119796739109453,0.3845977587506021,0.028184549799499546,-0.5305599113258338,-0.4202825322391927,0.9309654827413706,-0.26106001732757034
1,6.983379112274077,1.7356851360938104,0.003326577571476943,0.08818278694878785,1.2661977093722534,-0.4174283746955677,0.9314657328664332,0.7958842430030354
0,2.097632870723306,-0.10624254535920759,0.44209892044452265,-0.10471170905336656,-0.1574590117609212,-0.414570093179469,0.9319659829914957,1.273039043910517
0,0.758799762895888,0.9853821950888337,-1.425626619265902,2.170678009433769,0.8789323176148329,-0.4117077159292125,0.9324662331165582,-0.795232714774825
0,0.8995412267845898,-0.090241187788843,-0.7861011547560429,0.46840502399523326,0.07994743218960407,-0.408841271223577,0.9329664832416208,1.404359467370032
1,1.8542459023625852,-0.24666599543029064,-0.10814244570321527,-1.1886339223264244,-0.33415889997216297,-0.4059707873815278,0.9334667333666833,0.8280671966298345
1,8.118545449623083,2.03224148573078,0.60970763126665,-0.5791421871937458,1.787824477320937,-0.4030962927619327,0.9339669834917458,0.4174942474233879
0,-3.2878729210306528,-0.30934478520137687,-0.37203104966976486,-0.6243145637506174,-0.43979197192052827,-0.4002178157632836,0.9344672336168084,-2.4076121893411937
0,-2.418707322019474,-1.2772167626756437,-0.12731875805224463,-0.14427439099950112,-0.8044908985729116,-0.39733538482341874,0.9349674837418709,0.16454803498473844
1,3.012640127645393,-0.7140821590207356,0.9694345939731951,-0.570247218530985,-0.28427318833884385,-0.3944490284192367,0.9354677338669334,1.3679666731497133
1,2.8158491724453967,-0.31722795350820043,1.411701623582731,-0.8222244051846659,0.032986054312157065,-0.3915587750664176,0.9359679839919959,-0.3066811415933719
1,10.538781760577788,2.155191852717776,0.7671330473597029,1.6822887582141706,1.0692517007013875,-0.388664653319144,0.9364682341170585,2.2893472407534277
1,4.36475334907912,0.2067559322063145,1.268422070455751,0.07722232780415728,0.3440893982998495,-0.38576669176981343,0.936968484242121,0.043139939045777405
0,1.2519937965116024,0.9347133997992969,-0.40435983904899525,-0.30387252942635384,0.8972884441087621,-0.3828649190487588,0.9374687343671835,-1.052269199651217
0,-1.5127649247478827,-1.0015999568800835,-0.30643507949272375,-0.21896113764490913,-0.4144715766265942,-0.3799593638239678,0.9379689844922461,0.5662226204438456
0,1.8246609668305613,0.3526082897611467,0.3183536406709571,-0.18347144098200352,-0.1965484995559918,-0.3770500548007948,0.9384692346173086,0.265974361927197
1,4.288304444357925,0.6714783483964631,-0.30107226867947706,1.426251868945609,0.3351511016461968,-0.3741370207216806,0.9389694847423711,0.8083629815041277
1,5.491058069668018,1.8016269554643518,-0.5071296227030885,0.5119180282611809,1.2414422657085675,-0.3712202903658666,0.9394697348674337,-0.2525599301169182
0,2.5577526758989317,-0.6962704483239791,1.652144333677019,1.1568276526341335,-0.5763127025882429,-0.36829989254911427,0.9399699849924962,1.2817927303002947
0,0.6645331204886383,0.603489462693844,-0.20118092471986188,-3.0843471000847216,0.6898889914961435,-0.3653758561234148,0.9404702351175587,-0.5874669686808439
0,0.14365844883749507,0.3025839084533273,-0.9660141287028223,0.36019186198976144,0.07638143053377136,-0.3624482099767071,0.9409704852426213,0.10462027752415957
1,-0.6284289662552474,-1.0217147105319773,0.48739755201558643,1.0933982288321011,-0.4700455531260984,-0.35951698303259483,0.9414707353676838,-1.2827122841786844
1,4.04741862436102,-0.01945623558618069,1.835794860042824,2.0077728615610932,0.09840873244492632,-0.3565822042500554,0.9419709854927463,-0.8323806968805051
0,0.11358055299033823,-0.2634749095363905,0.08080914399911227,0.06393213971555951,-0.47470821947273256,-0.3536439026231564,0.9424712356178089,0.17764509032091283
0,-4.403976155153678,-2.325365425946784,1.2313729529633242,-1.6822095041006284,-1.8257774666059738,-0.35070210718077205,0.9429714857428714,-0.6880831729836605
0,1.0204091148376329,0.5986691243822296,-0.43784767972527644,0.6237260302394794,0.3253861832205607,-0.34775684698629095,0.9434717358679339,-0.4795327410198424
1,2.3786285470884962,0.5402434197435296,-0.49131409995602815,-0.5642167717346763,0.39749210705719307,-0.3448081511373316,0.9439719859929965,-0.23440461349478728
0,-1.3650816900666733,-0.43893479399601976,-0.6898210531042429,-1.7568998705589571,-0.10884602449016961,-0.34185604876545755,0.944472236118059,0.22902062072378376
1,-0.6331241755884093,-1.3385619446146981,-0.14341045707523614,-0.5836804169531016,-0.9734661355340359,-0.3389005690358845,0.9449724862431215,0.7465781324585735
1,9.01107808545462,1.4798808671326216,1.8363470040164063,1.091266308599845,1.217577590590552,-0.33594174114719544,0.9454727363681841,0.7487111640233265
0,0.8092660614595232,0.2659992873937966,-1.1554951772849027,1.2372370768095815,-0.12841473570157524,-0.3329795943310506,0.9459729864932466,1.0068704506318407
1,6.636340376511415,1.0167012940116213,1.6372388301759626,0.7570603509348064,0.10207430440575804,-0.33001415785190197,0.9464732366183091,0.18178768690148853
0,1.7840338166192107,1.4103217967020154,-1.0084475834576556,-1.0123859537590325,0.9198342661189405,-0.3270454610066992,0.9469734867433717,-0.5743489196441962
1,-0.5036011164376075,-0.5209067843230216,-0.233811433507605,2.552882941945256,-0.2729547139523254,-0.32407353312460246,0.9474737368684342,-1.6242046030808723
1,4.450590407819395,0.8121545326407661,0.8357914404524925,-1.1333031511408171,0.49627569253516257,-0.3210984035666957,0.9479739869934967,-0.3749900224184863
0,-0.08967928328412833,-0.24114901367011132,0.6302657831314666,-0.04139838544627214,-0.37071640348035173,-0.318120101725691,0.9484742371185592,-0.8273477120913865
0,-1.2810779924399733,-0.0625486414998812,0.28203016036171524,-1.4083662711211355,0.04067981969372413,-0.315138657025641,0.9489744872436218,-1.8565398738741077
1,1.854776668599793,-0.08561561663868582,-1.649366042699195,1.3539967790754188,0.32665821530724676,-0.3121540989216505,0.9494747373686843,1.6398065761201694
1,0.770707537249526,-0.001318932455036746,0.3622341251425689,0.48301796143482256,-0.021604341342790077,-0.30916645689958083,0.9499749874937468,-1.8806054425701846
1,3.8354590716891663,1.1139601996293393,-1.0223647022306919,0.9255184728565521,0.6345703619503408,-0.3061757604757606,0.9504752376188094,0.33598159040287284
1,6.208731716323042,0.1238275310286112,2.568909126646248,0.12793751021853003,-0.08240845357843042,-0.303182039196697,0.9509754877438719,0.5378710285814413
1,1.3922568817861256,-0.15373274805809609,-0.21342853450273708,-0.030283311400181062,0.2855908390103352,-0.30018532263877845,0.9514757378689344,-0.25979883525140895
1,4.325942117756844,-0.2765372315166119,0.18871986650113637,0.21264634000683852,-0.20163888329467866,-0.2971856404079862,0.951975987993997,2.5907314225081586
0,-0.3969793649160532,0.3413141492052006,-1.1467013904954149,-1.849840736520162,0.36135458677884935,-0.29418302213959974,0.9524762381190595,-0.0018453427497392056
0,-2.5908799386771437,-0.8948680633079112,-0.47888011497795885,1.0328680227581175,-0.3824063070673647,-0.2911774974979078,0.952976488244122,-0.7972121620073678
0,-0.1996953843093967,-0.5026584305499648,-1.2910421611464897,0.9524443605657394,-0.13642526386908987,-0.2881690961759099,0.9534767383691846,1.757455427281303
0,0.764009989683242,-0.05228058110725458,0.98153273429241,-0.3530752264544792,-0.22098708404056472,-0.2851578478950257,0.9539769884942471,-0.8315608587015453
1,-0.9372105068081087,-0.5658483122083673,-0.26197243172769713,0.02713282714150338,-0.20488774936194548,-0.2821437824048037,0.9544772386193096,-1.4741847248951165
0,0.17314763424929258,-0.11847615293687452,0.5626608092624137,0.3396135844458306,0.08583403734612759,-0.2791269294826227,0.9549774887443722,-1.0394562663844138
1,-0.5180392347006477,-0.6107768629190053,-0.684587231843967,1.6104150553449816,-0.3296958880432417,-0.2761073189333995,0.9554777388694347,-0.6720205266067224
1,6.386219740413661,2.003957779028972,-0.501142471079419,0.472505107015523,1.6046933633305662,-0.2730849805892977,0.9559779889944972,0.023671588068462292
1,7.187812237925605,1.3290607406478436,1.2881806469639405,0.08344284632939153,0.8180878901406947,-0.2700599443094272,0.9564782391195598,0.31904573670948455
1,0.2422581236058028,0.4499521630644412,-0.9716932777313153,-0.4677933150554571,0.3001000982591401,-0.2670322399795524,0.9569784892446223,-1.562222353445907
0,-1.8685994222349305,-0.05361851813886299,-1.8014440194195789,-1.4618518908105549,-0.1424742286220262,-0.2640018975117989,0.9574787393696848,0.3318271531409749
1,9.993135633993521,2.190764162799211,0.4062401599587799,-0.5542963177813859,1.685197197623627,-0.2609689468443534,0.9579789894947474,2.2384506513475064
1,0.6011954659082233,0.32295290807362015,-1.1413332093362307,0.11373828964310291,0.09544965823882126,-0.2579334179411709,0.9584792396198099,-0.7457654876915587
0,-0.31852201253925816,-0.08684550786885926,-0.43946639480280486,-0.20950372158821853,0.017874693644564045,-0.25489534079167725,0.9589794897448723,-0.15588858177400294
1,4.610291980732591,0.3031263768184579,0.911583381936139,0.11864001809993346,-0.006616102244758282,-0.25185474541047614,0.9594797398699348,0.682221353730243
0,1.6160691010232295,0.30594320641191736,-0.8185964248135993,0.7888110657930932,0.1897605512046049,-0.2488116618370476,0.9599799899949975,1.1983630522482676
1,5.935137592314489,1.4103177064837282,0.8784500741824486,0.47917237904559756,0.9148578420851484,-0.24576612013545357,0.96048024012006,-0.6991125259252203
0,-1.255903333006415,-0.01896469248392837,-0.6812254407846772,0.31941017328810284,-0.03611989817903743,-0.24271815039404365,0.9609804902451224,-0.9975836135173912
1,8.10030006192032,2.0993248240572515,1.4906788112020686,0.7007280631496278,1.4961080211475297,-0.2396677827251526,0.961480740370185,-1.0448274772170556
0,1.3881673103397618,-0.8820212600017167,1.3251029991712222,0.231107907936769,-0.6541886100649927,-0.23661504726480545,0.9619809904952475,1.089036970946141
1,4.011768766938415,0.6940502169188439,-0.4713954106340931,0.014171407849803745,0.44194278034774975,-0.23355997417242227,0.96248124062031,0.8902484393088779
0,-4.329125954917785,-1.0018267766478062,-0.21322815844935894,0.5150472436277893,-1.1153309079528735,-0.23050259363051526,0.9629814907453726,-2.217065310447047
0,1.395563834612874,1.8171009566239644,-0.831935530988283,-1.6821476011467826,1.4930271904874126,-0.22744293584439285,0.9634817408704351,-2.1916694307854057
1,0.5289273127183216,-0.3305654388931757,0.20000198267613195,1.2986569635705527,-0.356048381427935,-0.22438103104186416,0.9639819909954976,-1.2771336778609819
0,0.16679899030431833,-0.05818927181241474,1.1491704925865005,-1.2430027406589277,-0.08968170635850134,-0.221316909472935,0.9644822411205602,-1.5438040805044984
0,1.40545480198716,0.9242369063025212,-1.4467568186858293,0.8835097822068756,0.48149840900031904,-0.2182506014095125,0.9649824912456227,0.3927923749058906
1,6.583653562357977,1.2553406840282206,0.9174484448098029,0.059767089951008344,1.0785799467702888,-0.2151821371451044,0.9654827413706852,0.2005039175428406
0,-1.598571856887408,-1.1118768365882965,-1.32393666447471,1.1552918278331623,-0.9591753096970533,-0.21211154699452314,0.9659829914957478,1.9652656351874092
0,-0.4500649828153581,-0.34615899164152814,-0.8597206062622232,0.08284645452163213,-0.1414466097698432,-0.20903886129358118,0.9664832416208103,0.7834588126530956
0,-4.930339579072595,-1.3949232727997696,-1.7877037608937147,-0.8962865739634094,-0.7407848350484744,-0.20596411039879395,0.9669834917458728,0.10156412277615509
1,6.755928817131762,0.1373051513755207,2.1049455570898674,1.1217138563169506,0.42521416408727625,-0.20288732468708245,0.9674837418709354,1.1753088858888037
1,1.2097302498818077,-0.10137253514133092,0.058701704495031475,0.2332794712883931,0.16668113911857568,-0.1998085345554681,0.9679839919959979,-0.9274875975285974
0,-1.2120943381877527,-0.34893402275956487,0.24475266504567825,0.167513340493946,-0.12034105638723387,-0.1967277704207748,0.9684842421210604,-1.4404154144311567
0,-1.9340976223487756,-0.6844613389006098,-0.6761155583444093,0.13043011173153182,-0.7185441053976352,-0.1936450627193313,0.968984492246123,0.01125793201926193
0,2.38698655663704,-0.38590646384786503,1.066966666993791,1.050906765615142,-0.011979031149796648,-0.19056044190666505,0.9694847423711855,0.930822163790474
0,-5.2236129849484,-0.7463953387304489,-2.103176751169621,0.8676814689752343,-0.28473520537638614,-0.1874739384572041,0.969984992496248,-1.6656160390359367
1,4.442585134208214,0.5289618420261225,0.026665430643394553,0.28051027181450405,0.5380941398181339,-0.18438558286397852,0.9704852426213106,0.8860658923825196
1,9.2016221583437,1.5159500472046956,2.206724745800603,-1.5002578641008995,1.222040105963775,-0.181295405638314,0.9709854927463731,0.850202937374036
0,-4.986246587486124,-1.9307241085690185,-0.38205401277624623,-0.35312600290060275,-1.3356496369917967,-0.1782034373095339,0.9714857428714356,-0.5305142520443736
0,0.5216576386572885,-0.11596751607143968,0.017147544065978917,0.1569675451435472,-0.18342793766895604,-0.17510970842465579,0.9719859929964981,0.14975703724826095
0,0.7117102209778472,-0.4181717740941033,0.6722329933261406,1.8465691707795782,-0.07601850036382204,-0.1720142495480933,0.9724862431215607,-0.30004667989181805
0,1.0213978148427945,0.49236858850129617,-0.811450674421006,0.43642828923299476,0.5998579620377271,-0.1689170912613488,0.9729864932466232,0.06040970445112754
0,-0.8753605151666033,-0.9517670173437138,0.022845162704475227,-0.03975507266637778,-0.8726395281310835,-0.16581826416271395,0.9734867433716857,0.7977937171783007
1,2.5549801179325935,-0.1464358306927738,0.9609951915873551,1.2485599208952411,0.08112652206124236,-0.16271779886697002,0.9739869934967483,-0.8376992739943487
0,-0.4959037459105786,-1.0395921824785033,0.19439153237697016,-0.058542300664949115,-0.6773336796252036,-0.15961572600508017,0.9744872436218108,1.0339341959791202
0,3.723542593119784,0.6966978434727916,0.3709870594415659,0.02509297642650865,0.6660603594991705,-0.15651207622388946,0.9749874937468733,0.8617710779830704
0,1.3977430708813956,0.09927462995829231,-0.34943441017370436,0.21042301099568533,0.12582478360969665,-0.15340688018582477,0.9754877438719359,0.8993860654680015
1,-0.018696340961263047,-0.16147456556353149,0.3156010589546674,-1.444337332813145,0.11039910621250623,-0.15030016856858644,0.9759879939969984,-2.022468221247715
1,1.4860458251369906,0.37018792901034814,0.05576565906623127,1.011222037903954,0.46547457688541716,-0.14719197206484805,0.9764882441220609,-1.9129471428982634
1,4.330764668895027,-0.24648330463094242,1.4550648943597244,0.47969799967782645,0.006390926928955598,-0.14408232138195565,0.9769884942471235,0.6808388496543883
0,-2.8561853015832197,-1.5538209829768286,0.7243945092420175,-0.22847921458760154,-1.3604441103237932,-0.1409712472416192,0.977488744372186,-0.6175446742667192
0,0.8794603985523605,0.595730409933268,-0.2436818198702201,-1.0879098143142831,0.5834532540087558,-0.13785878037961252,0.9779889944972485,-0.7235988844099767
0,-2.5869996169990337,0.28827017045747005,-2.446812469027209,0.26810115529117035,0.21411274703041108,-0.13474495154546792,0.9784892446223111,-0.798634716212863
1,1.519206560392819,-0.15407960154487466,0.7157221552856126,1.4546714420667857,-0.32973784784355364,-0.13162979150217594,0.9789894947473736,-1.3854473643791303
1,5.094710909875483,0.9849249306335561,0.7552656803893781,-0.586401577170976,0.8329549857818964,-0.1285133310258761,0.9794897448724361,-0.31352546302129763
1,2.7374801025014657,1.218495549791886,-0.9169079780858954,-1.0066537824269886,0.5832635679694425,-0.12539560090555552,0.9799899949974987,-0.7562109717977978
1,-3.508101158165414,-1.0922826341215208,-1.998368421877228,0.4752426717939302,-0.5835210644315385,-0.12227663194274736,0.9804902451225612,-0.6883600030666808
0,-2.3335915315020928,-0.7810760719852001,-1.141807056013075,-1.541210162573658,-0.20653317831680867,-0.1191564549512213,0.9809904952476237,0.4639672443942827
1,5.296605475115137,1.5472850957678503,0.9261887606444966,-2.1656495279176515,0.9861484283249035,-0.11603510075668165,0.9814907453726863,-1.223442032684863
0,3.74804420241139,1.4188518665913126,-1.0647814921422254,-0.3888697326808988,1.1794530046089589,-0.11291260019646553,0.9819909954977488,1.1200794342047482
0,-4.030306198952681,-0.7383931285860975,-0.45952514775005104,-0.6341713467725404,-0.42374800012251346,-0.10978898411923292,0.9824912456228113,-2.2809905341784473
0,0.7239771937062591,-1.1807100522366516,0.22039405931717856,-0.2208490193244815,-0.6936323148823961,-0.1066642833846645,0.9829914957478738,2.5252719682391493
1,0.6226705084674296,-0.6375675537359791,1.2243679817358886,-0.4950604163253681,-0.7114893203942716,-0.10353852886315942,0.9834917458729364,-1.4047528073706974
0,0.1826514794426542,-0.4981164068176124,-0.018157187922273207,0.3888615097537825,-0.22380735935941282,-0.10041175143552511,0.9839919959979989,0.5699451413368418
0,-2.2978267596448063,-1.5840658318867207,-0.10038732671378288,-0.16426981405430227,-1.0783798017067339,-0.09728398199267561,0.9844922461230614,0.9051390378939705
0,-0.031132686555407428,0.0311672527492588,-0.5488494125833665,-0.5420878580636691,0.1727443819104627,-0.09415525143532465,0.984992496248124,-0.026669498857073558
0,0.4379662794613082,-1.2801789097415188,1.6306527884733477,-0.4006884604281954,-0.8903076476517274,-0.09102559067368395,0.9854927463731865,0.7339761177679645
0,-0.671925842150968,-1.2103896500415234,1.065950370771813,0.6887018302296698,-0.6253956198423058,-0.08789503062715248,0.985992996498249,-0.13275467030756322
0,1.119486713989638,0.9161064222661041,-0.09512340466447079,1.015956947552602,0.7001056955415836,-0.08476360222401369,0.9864932466233116,-1.8141795104175287
0,-2.158259940820135,-0.6831892754807607,-1.3965790873035588,0.9617749837261279,-0.33884959244613844,-0.0816313364011326,0.9869934967483741,0.3278319246845217
0,0.9086853738333659,-0.07147118211444801,-0.7902895136551409,0.7549088885822507,0.22628115156424863,-0.0784982641036448,0.9874937468734366,1.1409324821717768
0,1.6953143876451815,0.6290963556756982,0.5794816391544674,-3.240106096212498,0.48129824053153425,-0.07536441628465346,0.9879939969984992,-0.5838218301445939
0,-0.1881373491831697,0.8132240720912229,-0.7214776710204439,-0.9438595749623747,0.7713130973988387,-0.07222982390492613,0.9884942471235617,-1.7495790569992173
0,0.38316504433487364,-0.33702012879276,0.892272952830559,-0.2563564561578098,-0.18579940003833237,-0.06909451793258359,0.9889944972486242,-0.6356490895785548
1,3.166729537311595,0.04411747865460111,0.36145853452581167,0.26423497043868305,0.139517648162119,-0.06595852934279653,0.9894947473736868,0.307881276278143
0,-0.957079443115858,-0.8254059893947533,0.29265139214725167,-1.558858077825067,-0.6768720614587634,-0.0628218891174822,0.9899949974987493,0.2843409394121115
1,8.613373750530876,1.7473796964590198,0.6534447761962298,1.4810125552579643,1.382112537583171,-0.059684628244992995,0.9904952476238118,1.1016837076632953
1,5.098177238497511,0.6499498177631488,0.4985878477879019,0.36237164995559873,0.7032931894369714,-0.05654677771981388,0.9909954977488744,0.5447574099035055
0,-2.6465750655208984,-1.1032397799260316,-0.8551775400472951,-0.5620155252310833,-0.7828696752384888,-0.053408368542254385,0.9914957478739369,0.49319660004599825
1,-0.1652564517786539,0.00405796885634217,-0.32583003011788636,0.2228377153741858,0.16561817788087083,-0.050269431718145886,0.9919959979989994,-2.0604883524377144
1,9.136147382781317,0.7135516873594568,2.339816086453625,-0.28696797443848193,0.5900344926224619,-0.04712999825852999,0.992496248124062,2.245299194101904
0,0.02274419094779824,0.4794109665687367,-1.2078565717792722,-0.7001431339621308,0.12289942740608573,-0.043990099179354765,0.9929964982491245,0.02731244431674358
1,6.874806777830335,1.8291701180403968,-0.47454495956691534,0.5657928053532917,1.3561172900971215,-0.040849765501171045,0.993496748374187,0.8557133630428269
1,6.477189300443487,1.3723191131834143,1.0656978923330187,-0.39384694723500635,1.2273245878796157,-0.03770902824882061,0.9939969984992496,-0.37523578167427724
1,0.22182667975045273,-0.5393064578265229,-0.15926053255308995,-1.3516278604043173,-0.46735456043399765,-0.03456791845113233,0.9944972486243121,-0.17704793416914505
0,-0.8251676178702755,-0.08918050046226211,-0.8121220584483313,-0.5748758030387023,-0.4080723868390871,-0.03142646714061829,0.9949974987493746,0.038391853456674147
0,-2.446487060897729,-1.2815413929761867,-1.3231737846614253,-0.054250587118565244,-0.8504364109763468,-0.028284705353161875,0.9954977488744371,1.5821758298574453
1,4.733410126000672,0.24945298288944406,0.5360279241633258,-1.0192534060815723,0.054010958651697055,-0.025142664127714726,0.9959979989994997,1.5228562601383406
0,3.4364283293657882,0.15102105954633643,1.0198924663843631,1.321946444157297,0.48651775947479803,-0.022000374505988275,0.9964982491245622,0.6081782979314692
1,12.161706207876254,2.7034828626190395,1.3998935647672701,-1.0283778095299483,1.8908260354789619,-0.018857867532150657,0.9969984992496247,2.001399053016951
1,2.4373718057217797,0.09757510420961348,0.05378851016328915,1.8184798591922888,0.07388524656727304,-0.015715174252514653,0.9974987493746873,-0.4231272586310009
0,-2.224846089019353,-2.0932523806510894,1.0449878238722339,0.9558916466911798,-1.582651528786082,-0.012572325715233661,0.9979989994997498,0.5074938341183467
0,-2.8578256501139574,-0.6720864867045588,-1.032941033258028,-0.8798132216150429,-0.41458229103009964,-0.0094293529699976,0.9984992496248123,-0.48444658766530835
0,2.467238997079555,0.11234921152507354,0.16802136980277174,0.19214008249211698,-0.025802996249110158,-0.006286287067720833,0.9989994997498749,1.3006722610822778
0,-2.951588870803337,-1.2560152925928039,-0.6773869828259044,1.2442832471810967,-1.0501967959428804,-0.0031431590602380684,0.9994997498749374,0.01832953833425093
0,-0.1615703850956659,-0.8672076840515678,0.173838834603124,-0.1284308881662851,-0.6125621973628377,-2.4492935982947064e-16,1.0,0.9788217743380844
